Deposit,Sample,Reference,Fe,Mn,Co,Cu,Ga,Ge,Ag,Cd,In,Sn,Sb,Pb,Deposit type
Baia de Aries ,1,"Cook et al., 2009",8175,8073,0.01,4330,8.9,0.87,7.35,4226,135,5.9,1.37,1.83,Epithermal
Baia de Aries ,1,"Cook et al., 2009",77627,9325,0.015,82,4.9,1.27,1.61,4675,6.1,2.9,0.01,0.14,Epithermal
Baia de Aries ,1,"Cook et al., 2009",114676,5883,0.015,504,9.5,1.81,2.09,6245,19.6,14.8,0.02,0.4,Epithermal
Baia de Aries ,1,"Cook et al., 2009",5445,13481,0.015,3172,3.6,0.93,5.42,4185,186,1.71,0.005,0.61,Epithermal
Baia de Aries ,1,"Cook et al., 2009",9838,2386,0.015,614,0.46,0.97,2.31,3819,210,0.94,0.05,0.72,Epithermal
Baia de Aries ,1,"Cook et al., 2009",11424,9128,0.015,2394,4.7,1.18,4.39,4341,281,2.48,0.37,1.84,Epithermal
Hanes ,1,"Cook et al., 2009",109931,3468,3.1,683,4.67,1.21,13.6,4094,38,1.1,0.005,0.05,Epithermal
Hanes ,1,"Cook et al., 2009",92516,4615,0.73,168,1.4,1.14,9.61,4338,71.2,22.7,1.22,1.61,Epithermal
Hanes ,1,"Cook et al., 2009",83527,1747,7.82,99,4.83,1.14,3.72,3942,86,25.4,0.005,0.18,Epithermal
Hanes ,1,"Cook et al., 2009",108355,3615,0.56,2829,4.25,1.19,38.8,3756,43.4,4,0.65,0.75,Epithermal
Hanes ,1,"Cook et al., 2009",79417,5941,1.65,335,3.04,1.41,12.3,3910,65.7,29.2,4.02,38.8,Epithermal
Hanes ,1,"Cook et al., 2009",50902,2192,7.43,20,1.86,0.97,6.22,3189,17,6.2,1.84,2.72,Epithermal
Hanes ,1,"Cook et al., 2009",83504,13898,3.51,28,4.29,1.33,3.59,3965,22.9,3.4,0.16,3.8,Epithermal
Hanes ,1,"Cook et al., 2009",108572,782,39,1594,10.4,1.3,6.75,5223,23.4,319,0.07,11.7,Epithermal
Rosia Montana,crc-7,"Cook et al., 2009",934,76001,0.015,591,451,29,17.7,3428,71.7,88.7,5.05,40.9,Epithermal
Rosia Montana,crc-7,"Cook et al., 2009",877,32476,0.015,1366,1137,240,8.9,2336,4.9,7.7,2.99,2.1,Epithermal
Rosia Montana,crc-7,"Cook et al., 2009",1086,41025,0.02,1295,1026,234,13.9,2307,6.5,10.1,4.43,3.45,Epithermal
Rosia Montana,crc-7,"Cook et al., 2009",887,35870,0.01,100,52,4,2.6,2035,4.3,5.5,5.08,5.74,Epithermal
Rosia Montana,crc-7,"Cook et al., 2009",804,54390,0.015,586,497,102,5.8,2842,30.3,47.6,5.07,2.33,Epithermal
Rosia Montana,crc-7,"Cook et al., 2009",986,61142,0.155,355,176,6.8,2.5,2795,67.3,96.4,0.15,1.45,Epithermal
Rosia Montana,crc-7,"Cook et al., 2009",855,55585,0.015,843,587,204,7.3,2839,38.1,59.8,1.21,1.31,Epithermal
Rosia Montana,crc-7,"Cook et al., 2009",816,31064,0.015,1248,1088,206,7.9,2273,6.1,8.6,4.05,1.83,Epithermal
Rosia Montana,crc-7,"Cook et al., 2009",839,55346,0.015,424,295,27.8,3.1,2533,52.4,109,0.2,1.41,Epithermal
Rosia Montana,crc-7,"Cook et al., 2009",119315,2266,1.2,736,5.3,1.47,14.6,3685,101,13.5,0.01,0.11,Epithermal
Rosia Montana,RM-21,"Cook et al., 2009",2254,58458,0.44,164,63.6,1.64,2.2,3993,0.09,1.71,0.07,5.53,Epithermal
Rosia Montana,RM-21,"Cook et al., 2009",2629,62659,0.55,1604,87.1,1.43,8.01,3412,0.11,0.89,0.15,3181,Epithermal
Rosia Montana,RM-21,"Cook et al., 2009",2491,64301,0.52,1818,176,2.67,9.05,3518,0.1,0.97,0.01,0.64,Epithermal
Rosia Montana,RM-21,"Cook et al., 2009",1937,59794,0.73,106,119,1.7,2.19,3375,0.13,0.78,0.005,0.19,Epithermal
Rosia Montana,RM-21,"Cook et al., 2009",2605,70502,0.44,334,90.9,2.27,8.92,3859,0.08,1.9,0.76,219,Epithermal
Rosia Montana,RM-21,"Cook et al., 2009",1919,73617,0.51,124,178,3.45,2.64,3658,0.07,1.59,0.01,0.41,Epithermal
Rosia Montana,RM-21,"Cook et al., 2009",12850,51339,1.61,11356,160,11.9,13.49,2967,0.81,4.83,0.41,3.59,Epithermal
Rosia Montana,RM-21,"Cook et al., 2009",4524,99443,0.61,2866,69.8,10.1,12.39,3722,0.2,4.11,0.83,14,Epithermal
Rosia Montana,RM-21,"Cook et al., 2009",2169,70150,0.6,51,56.2,1.07,2.13,3552,0.19,0.22,0.03,0.66,Epithermal
Rosia Montana,RM-21,"Cook et al., 2009",1038,65467,0.01,637,379,46,4.72,2967,91.6,141,0.41,2.84,Epithermal
Magura,Mag-8,"Cook et al., 2009",2400,43904,0.035,372,80,30.8,23.4,3704,2.25,14.8,176,111,Epithermal
Magura,Mag-8,"Cook et al., 2009",130,9785,0.015,529,14,32.1,25.3,4328,0.05,2.7,302,22.6,Epithermal
Magura,Mag-8,"Cook et al., 2009",601,47216,0.015,178,61,10.2,8.4,4189,2.97,11.2,48.4,3.8,Epithermal
Magura,Mag-8,"Cook et al., 2009",228,6324,0.05,2098,401,246,51.9,8727,0.7,2.04,1049,78.2,Epithermal
Magura,Mag-8,"Cook et al., 2009",185,15435,0.01,1173,35,140,59.9,3674,0.45,5.6,678,106,Epithermal
Magura,Mag-8,"Cook et al., 2009",62,2859,0.015,1640,12,90.5,135,4537,0.09,5.15,1166,193,Epithermal
Sacaramb,Sac 7.3,"Cook et al., 2009",5253,1874,1.17,537,22,1.8,11,4583,0.34,2.01,27.7,5.7,Epithermal
Sacaramb,Sac 7.3,"Cook et al., 2009",3069,2864,0.015,65,33,4.3,16,4199,2.04,7.16,17,4.9,Epithermal
Sacaramb,Sac 7.3,"Cook et al., 2009",2624,2512,0.01,73,57,2.8,7,3559,4.31,8.77,7.9,1.4,Epithermal
Sacaramb,Sac 7.3,"Cook et al., 2009",6559,1767,0.02,1451,5.2,0.8,15,4214,1.53,1.85,13.1,64.3,Epithermal
Sacaramb,Sac 7.3,"Cook et al., 2009",5008,2156,0.02,875,156,12.5,28,3550,0.14,0.9,54.1,12.4,Epithermal
Sacaramb,Sac 7.3,"Cook et al., 2009",4021,4113,0.015,392,191,13,13,3244,0.51,6.48,19.9,79.1,Epithermal
Sacaramb,Sac 7.7,"Cook et al., 2009",375,29464,0.01,1275,839,165.3,16,3873,82.2,205.6,87,17,Epithermal
Sacaramb,Sac 7.7,"Cook et al., 2009",712,18451,0.05,1875,1126,345.5,42,4591,46.5,78.1,245,130,Epithermal
Sacaramb,Sac 7.7,"Cook et al., 2009",992,52755,0.08,919,376,63,49,4376,73,186,298,988,Epithermal
Sacaramb,Sac 7.7,"Cook et al., 2009",452,77686,0.015,88,85,1.4,1.5,1015,38.8,15,0.54,8,Epithermal
Toroiaga,Tga-1,"Cook et al., 2009",95614,1212,0.07,2446,4.9,1.1,12.7,10390,54.7,0.23,0.04,0.71,Epithermal
Toroiaga,Tga-1,"Cook et al., 2009",94575,711,4.5,1054,7.1,1.1,6.5,10106,159,0.43,0.07,0.18,Epithermal
Toroiaga,Tga-1,"Cook et al., 2009",97741,804,0.11,3631,6,1.2,14,11044,226,0.51,0.27,0.56,Epithermal
Toroiaga,Tga-1,"Cook et al., 2009",97004,1221,0.03,174,7.7,1.1,3.5,10266,54.1,0.09,0.04,0.18,Epithermal
Toroiaga,Tga-1,"Cook et al., 2009",94495,1182,0.38,4312,6.2,1.1,9.5,9879,129,0.26,0.77,1.4,Epithermal
Toroiaga,Tga-1,"Cook et al., 2009",93457,978,0.05,1535,6.6,1,7.1,10324,118,0.11,0.24,0.76,Epithermal
Toyoha ,In-1,"Cook et al., 2009",36510,296,35.5,1941,85,2.4,485,2306,38,1406,92.9,103,Epithermal
Toyoha ,In-1,"Cook et al., 2009",57889,183,0.3,2366,500,3.8,844,9631,408,2505,131,158,Epithermal
Toyoha ,In-1,"Cook et al., 2009",57067,180,1.04,2798,601,3.7,763,13081,1082,2319,104,237,Epithermal
Toyoha ,In-1,"Cook et al., 2009",54722,114,0.61,12436,61,1.1,5061,8063,15917,1876,143,5240,Epithermal
Toyoha ,In-1,"Cook et al., 2009",37683,53,0.08,7616,153,0.9,758,6970,9656,1747,5.3,13.9,Epithermal
Toyoha ,In-2,"Cook et al., 2009",22893,85,11.2,1259,110,10.4,635,1514,236,1095,468,6333,Epithermal
Toyoha ,In-2,"Cook et al., 2009",98644,546,123.5,1176,75.7,3.9,518,1902,495,786,2177,2295,Epithermal
Toyoha ,In-2,"Cook et al., 2009",40795,117,11.3,703,68.2,1.5,344,1401,297,794,377,1802,Epithermal
Toyoha ,In-2,"Cook et al., 2009",17363,80,5.7,7323,855,8.4,4107,13212,7254,915,5018,4495,Epithermal
Majdanpek,MD-20,"Cook et al., 2009",92590,4345,33.74,541,0.59,1,1.95,2823,50.2,0.13,0.1,0.63,Skarn
Majdanpek,MD-20,"Cook et al., 2009",92222,2545,33.98,165,0.46,1,1.53,3256,98.9,0.14,0.02,0.12,Skarn
Majdanpek,MD-20,"Cook et al., 2009",87931,3745,34.82,129,0.7,1.1,1.79,2800,63.6,0.47,0.02,0.23,Skarn
Majdanpek,MD-20,"Cook et al., 2009",91453,4202,33.81,143,0.8,1.1,1.7,2944,57,0.17,0.005,0.21,Skarn
Majdanpek,MD-20,"Cook et al., 2009",85805,3570,31.96,328,1.2,1.2,2.06,2850,46.9,0.53,0.15,1.2,Skarn
Majdanpek,MD-20,"Cook et al., 2009",89874,4066,34.92,463,0.85,1.1,1.99,2867,44.4,0.15,0.05,0.8,Skarn
Majdanpek,MD-20,"Cook et al., 2009",91608,4405,35.06,171,1.3,1.2,1.62,2869,38.6,1.52,0.32,0.84,Skarn
Majdanpek,MD-20,"Cook et al., 2009",91815,4476,36.28,69,1,1,1.5,2773,44,0.07,0.02,0.12,Skarn
Ocna de Fier,Stef-1,"Cook et al., 2009",65915,5681,5.9,1629,0.67,1.43,2,6009,62.8,0.15,0.18,1.96,Skarn
Ocna de Fier,Stef-1,"Cook et al., 2009",68680,5300,12.3,107,0.76,1.47,2.67,5896,37.7,0.075,0.03,85.835,Skarn
Ocna de Fier,Stef-1,"Cook et al., 2009",70619,5275,30.9,251,1.55,1.63,6.82,5962,127,0.68,3.04,210,Skarn
Ocna de Fier,Stef-1,"Cook et al., 2009",78640,3797,68.2,527,1.87,1.69,5.33,5804,175,0.56,1.42,240,Skarn
Ocna de Fier,Stef-1,"Cook et al., 2009",60411,4803,8.3,120,3.88,1.76,4.01,5821,54.1,4.83,0.86,31,Skarn
Ocna de Fier,Stef-1,"Cook et al., 2009",71029,2909,23.2,285,1.7,1.72,4.67,5577,57.4,3.31,0.9,1526,Skarn
Ocna de Fier,3910b,"Cook et al., 2009",28566,3991,289,38,0.33,0.89,1.58,4825,13,0.07,0.02,0.89,Skarn
Ocna de Fier,3910b,"Cook et al., 2009",27287,10063,310,638,0.31,1.09,7.14,4947,14.9,0.13,1.05,426.93,Skarn
Ocna de Fier,3910b,"Cook et al., 2009",42010,13256,329,647,0.53,1.17,21.66,5169,18.5,0.22,1.76,4674.41,Skarn
Ocna de Fier,3910b,"Cook et al., 2009",30266,4093,324,31.5,0.26,1.1,1.56,4952,16.6,0.07,0.44,15.79,Skarn
Ocna de Fier,3910b,"Cook et al., 2009",31452,4769,309,19,0.59,1.59,2.23,5104,17.1,0.31,1.23,12.52,Skarn
Ocna de Fier,3910b,"Cook et al., 2009",26863,3878,300,621,0.48,1.24,16.52,5373,20.5,0.28,0.91,7164.74,Skarn
Ocna de Fier,3910b,"Cook et al., 2009",28702,4071,278,19,0.39,0.98,1.5,4968,20.9,0.19,0.02,5.77,Skarn
Ocna de Fier,3910b,"Cook et al., 2009",25413,4217,273,166,0.14,1.13,2.43,5362,13,0.63,0.46,34.97,Skarn
Ocna de Fier, 54G,"Cook et al., 2009",20797,3374,682,2590,0.26,0.99,2.44,5159,20.8,0.03,0.03,0.215,Skarn
Ocna de Fier, 54G,"Cook et al., 2009",24248,3070,528,13397,0.3,1.06,4.4,5419,18.3,0.18,0.37,2061,Skarn
Ocna de Fier, 54G,"Cook et al., 2009",19997,2758,523,4134,0.115,1.19,5.74,5338,9.4,0.03,0.08,575,Skarn
Ocna de Fier, 54G,"Cook et al., 2009",18055,2346,575,567,0.145,1.02,1.87,5640,34.3,0.035,0.04,23.6,Skarn
Ocna de Fier, 54G,"Cook et al., 2009",18584,2651,573,24,0.16,1.1,1.6,5205,10.3,0.055,0.02,7.96,Skarn
Ocna de Fier, 54G,"Cook et al., 2009",15734,2152,541,2001,0.16,1.5,17.3,5664,10.1,0.12,1.53,1848,Skarn
Ocna de Fier,3375,"Cook et al., 2009",1619,11047,1193,10,0.12,0.77,3.23,6352,1.6,0.11,0.06,403,Skarn
Ocna de Fier,3375,"Cook et al., 2009",3199,1934,2411,17,0.53,0.76,25.93,6721,1,0.03,0.02,8758,Skarn
Ocna de Fier,3375,"Cook et al., 2009",13871,23484,2708,14,1.11,0.88,3.88,6553,2.7,0.24,0.06,550,Skarn
Ocna de Fier,3375,"Cook et al., 2009",2866,1713,2498,10,0.63,0.58,14.7,6897,2.1,0.025,0.07,5540,Skarn
Ocna de Fier,3375,"Cook et al., 2009",4422,905,2828,20,0.45,0.67,3.79,7146,2.1,0.09,0.02,507,Skarn
Baita Bihor,16C,"Cook et al., 2009",12053,3355,491,18,0.7,0.86,1.34,7662,25.8,0.09,0.02,0.35,Skarn
Baita Bihor,16C,"Cook et al., 2009",15554,3054,484,173,4.5,0.75,1.59,7823,24.9,0.08,0.01,3.79,Skarn
Baita Bihor,16C,"Cook et al., 2009",11898,3423,496,22,1.8,0.79,1.31,7793,34,0.07,0.005,0.27,Skarn
Baita Bihor,16C,"Cook et al., 2009",11462,3601,524,15,0.17,0.72,1.33,7833,22.1,0.03,0.1,2.68,Skarn
Baita Bihor,16C,"Cook et al., 2009",13887,3295,507,40,0.78,0.84,1.43,7909,21.7,0.025,1.16,0.92,Skarn
Baita Bihor,16C,"Cook et al., 2009",11883,3421,510,14,3.5,0.9,1.45,7833,16.8,0.025,0.13,0.65,Skarn
Baita Bihor,19CB,"Cook et al., 2009",2782,1142,1405,7724,0.95,0.69,121,5726,824,0.75,0.06,56.7,Skarn
Baita Bihor,19CB,"Cook et al., 2009",1723,1115,1458,3464,0.22,0.72,22.9,5691,867,0.4,0.005,10.26,Skarn
Baita Bihor,19CB,"Cook et al., 2009",1220,952,1176,2664,0.83,0.8,8.33,5780,817,0.62,0.01,0.89,Skarn
Baita Bihor,19CB,"Cook et al., 2009",919,841,1010,2031,0.18,0.92,15.3,5889,770,0.16,0.005,2.98,Skarn
Baita Bihor,19CB,"Cook et al., 2009",1446,1048,1237,2799,0.18,0.82,7.36,5631,795,0.22,0.005,0.15,Skarn
Baita Bihor,19CB,"Cook et al., 2009",1352,883,1037,3509,0.41,0.92,44.5,5852,811,0.37,0.01,46.6,Skarn
Baita Bihor,BB6,"Cook et al., 2009",13943,4300,591,161,0.38,0.88,1.63,7310,250,2.64,0.02,0.92,Skarn
Baita Bihor,BB6,"Cook et al., 2009",10100,3240,584,163,0.56,0.8,1.91,7118,245,4.02,0.02,1.56,Skarn
Baita Bihor,BB6,"Cook et al., 2009",10869,3182,620,215,0.81,1.06,9.03,7601,235,4.31,2.22,114,Skarn
Baita Bihor,BB6,"Cook et al., 2009",12931,3777,589,112,1.27,1.04,1.76,7119,137,8.81,0.02,0.46,Skarn
Baita Bihor,BB6,"Cook et al., 2009",12961,3729,600,217,1.15,1.31,12.3,7218,225,3.22,1.23,130,Skarn
Baita Bihor,BB6,"Cook et al., 2009",16482,4575,610,722,0.73,1.23,35,7892,265,1.24,0.1,89.6,Skarn
Baita Bihor,BB6,"Cook et al., 2009",15679,4382,600,207,1.22,1.09,2.83,7415,248,3.39,0.07,61.4,Skarn
Baita Bihor,BB6,"Cook et al., 2009",11274,3431,595,157,2.06,1.1,3.89,7148,182,15.8,0.22,112,Skarn
Baita Bihor,BB23,"Cook et al., 2009",10665,3602,583,10.7,0.58,0.77,1.4,7999,10.3,0.07,0.005,0.1,Skarn
Baita Bihor,BB23,"Cook et al., 2009",10258,3811,568,29.8,0.75,0.74,1.5,7865,11.2,0.07,0.005,0.08,Skarn
Baita Bihor,BB23,"Cook et al., 2009",12013,4924,565,43.7,1.3,0.72,1.4,7502,12.6,0.06,0.01,0.1,Skarn
Baita Bihor,BB23,"Cook et al., 2009",10616,3529,548,23.9,0.76,0.87,1.4,7741,12.4,0.08,0.42,0.09,Skarn
Baita Bihor,BB23,"Cook et al., 2009",10567,4562,551,10.5,1.3,0.79,1.4,7530,12.5,0.05,0.55,0.23,Skarn
Baita Bihor,BB23,"Cook et al., 2009",11839,4900,559,13.7,0.81,0.88,1.3,7278,12.3,0.07,0.005,0.08,Skarn
Baita Bihor,BB23,"Cook et al., 2009",10290,4161,553,32,3.4,0.78,1.4,7521,12.5,0.06,0.04,8.71,Skarn
Baita Bihor,BB23,"Cook et al., 2009",10260,4108,566,9,1.3,0.74,1.3,7681,11.6,0.06,0.005,0.09,Skarn
Baita Bihor,BB23,"Cook et al., 2009",10464,4183,572,9.7,1.2,0.85,1.4,7668,11.1,0.06,0.005,0.07,Skarn
Baita Bihor,BBH19,"Frenzel et al., 2020",513,685,777.8,618,0.03,0.35,4.39,2894,542.6997703,0.04,0.04,1.78,Skarn
Baita Bihor,BBH19,"Frenzel et al., 2020",922,1187.2,1212,1295,0.03,0.35,3.6,2757,634.1994965,0.16,0.04,0.576,Skarn
Baita Bihor,BBH19,"Frenzel et al., 2020",1680,1123.5,1129.1,3290,0.03,0.35,19.6,2771,646.9991356,0.281,0.04,33.1,Skarn
Baita Bihor,BBH19,"Frenzel et al., 2020",2740,1155.4,1191.1,4860,0.139,0.35,6.94,2687,677.098806,0.391,0.04,0.62,Skarn
Baita Bihor,BBH19,"Frenzel et al., 2020",1089,1195,1264,1294,0.389,0.35,1.94,2656,735.9972309,0.856,0.04,0.129,Skarn
Baita Bihor,BBH19,"Frenzel et al., 2020",904,1147,1184,1216,0.716,0.35,1.6,2669,698.2961844,1.214,0.04,0.139,Skarn
Baita Bihor,BBH19,"Frenzel et al., 2020",836,831,832,1863,0.558,0.35,1.68,2791,617.2989543,0.326,0.04,0.107,Skarn
Baita Bihor,BBH19,"Frenzel et al., 2020",956,935.5,958.2,1820,0.546,0.35,2.9,2791,623.7991199,0.282,0.04,0.387,Skarn
Baita Bihor,BBH19,"Frenzel et al., 2020",1122,996,985.1,2110,0.624,0.35,3.1,2781,634.6988744,0.361,0.04,0.528,Skarn
Baita Bihor,BBH19,"Frenzel et al., 2020",1490,1106.6,1063.4,2860,0.52,0.35,4.59,2779,650.6981384,0.59,0.04,0.242,Skarn
Baita Bihor,BBH19,"Frenzel et al., 2020",604,658,677.6,1190,0.172,0.35,2.12,3011,544.6993825,0.203,0.04,0.653,Skarn
Baita Bihor,BBH19,"Cook et al., 2009",11050,4294,567,51.2,3,0.78,1.3,7500,13,0.1,0.03,0.29,Skarn
Valea Seaca,VS1b,"Cook et al., 2009",27758,2109,2.4,6205,3.68,1.51,4.94,5349,59.2,18.3,0.07,49.4,Skarn
Valea Seaca,VS1b,"Cook et al., 2009",27087,1447,8.8,12140,4.01,1.09,7.58,5102,59.7,46,0.08,23,Skarn
Valea Seaca,VS1b,"Cook et al., 2009",28477,1699,8.7,9967,1.34,1.5,7.11,5559,21.3,2.7,1.33,1.32,Skarn
Valea Seaca,VS1b,"Cook et al., 2009",27339,1580,5.8,9770,2.41,1.3,6.91,5315,40.4,13.3,0.1,13.5,Skarn
Valea Seaca,VS1b,"Cook et al., 2009",32653,1875,4.6,15114,2.48,1.21,11.5,5493,114,9.3,0.16,0.84,Skarn
Lefevre,L-12,"Cook et al., 2009",109147,2819,332,118,0.7,2.26,2.14,10923,186,0.065,0.03,0.85,Skarn
Lefevre,L-12,"Cook et al., 2009",102969,2663,311,108,0.73,1.97,1.95,10559,180,0.035,0.02,0.7,Skarn
Lefevre,L-12,"Cook et al., 2009",92428,2396,300,107,0.25,2.02,2.47,10469,172,0.06,0.04,1.71,Skarn
Lefevre,L-12,"Cook et al., 2009",98651,2609,337,122,0.56,2.02,4.02,10463,160,0.085,0.08,3.02,Skarn
Lefevre,L-12,"Cook et al., 2009",99588,2762,330,398,0.4,1.73,5.19,10644,139,0.11,0.22,8.31,Skarn
Lefevre,L-12,"Cook et al., 2009",119230,5186,355,161,2.02,3.58,5.05,10071,192,0.2,0.41,8.65,Skarn
Lefevre,L-12,"Cook et al., 2009",108884,3148,325,1268,0.8,2.29,3.14,11945,203,0.04,0.025,1.62,Skarn
Lefevre,L-12,"Cook et al., 2009",101065,2815,332,166,0.52,2.16,3.04,11359,202,0.035,0.1,5.78,Skarn
Konnerudkollen,Ko99.2,"Cook et al., 2009",4390,609,1538,633,0.085,0.81,8.26,2469,7.7,0.05,0.015,59.3,Skarn
Konnerudkollen,Ko99.2,"Cook et al., 2009",4332,575,1542,350,0.97,0.72,3.89,2492,6.5,0.08,0.015,10.5,Skarn
Konnerudkollen,Ko99.2,"Cook et al., 2009",4405,551,1544,529,0.56,0.59,3.05,2468,8.2,0.06,0.02,9.7,Skarn
Konnerudkollen,Ko99.2,"Cook et al., 2009",3981,506,1585,103,0.35,0.79,4.79,2495,8.1,0.025,0.04,17.2,Skarn
Tres Marias TM,High-Fe,"Cook et al., 2009",82933,41,0.43,34,3.9,1242,6.5,6581,0.2,3.76,17.3,1217,MVT
Tres Marias TM,High-Fe,"Cook et al., 2009",75311,44.7,0.36,32.9,2.3,1053,4.1,5064,0.3,4.8,9.3,1347,MVT
Tres Marias TM,High-Fe,"Cook et al., 2009",89681,39.5,0.41,19.1,2.1,1195,4.8,6418,0.2,2.2,16,1085,MVT
Tres Marias TM,High-Fe,"Cook et al., 2009",74347,38,0.41,80.6,6,1042,6.6,6526,0.7,11.1,13.1,1376,MVT
Tres Marias TM,High-Fe,"Cook et al., 2009",93193,50,0.4,17.2,1.36,976,2.92,4389,0.15,2.06,0.71,1155,MVT
Tres Marias TM,High-Fe,"Cook et al., 2009",90255,40,0.43,19,2.17,1092,5.26,5626,0.14,2.13,14.43,1149,MVT
Tres Marias TM,High-Fe,"Cook et al., 2009",91818,44,0.41,38,3.15,1126,4.96,4220,0.3,5.58,15.89,1356,MVT
Tres Marias TM,High-Fe,"Cook et al., 2009",88106,43,0.44,56.2,4.23,986,5.97,6419,0.5,8.8,12.5,1494,MVT
Tres Marias TM,High-Fe,"Cook et al., 2009",87584,46,0.44,9.4,1.36,997,2.66,4240,0.1,1.5,1,1653,MVT
Tres Marias TM,High-Fe,"Cook et al., 2009",106107,47,0.38,4.5,0.57,964,2.27,5428,0.04,0.69,1.04,1653,MVT
Tres Marias TM,High-Fe,"Cook et al., 2009",83994,44,0.48,9.6,1.52,1129,3.47,4077,0.07,0.92,5.05,1067,MVT
Tres Marias TM,High-Fe,"Cook et al., 2009",82818,45,0.34,23.9,2.65,1164,5.69,6215,0.2,2.84,19.7,1639,MVT
Tres Marias TM,Low-Fe,"Cook et al., 2009",31717,6.1,0.27,1,19.2,239,2,3968,0.06,0.29,101,915,MVT
Tres Marias TM,Low-Fe,"Cook et al., 2009",21596,5.7,0.11,5.5,38.1,198,2.1,5189,0.06,0.91,80.7,2772,MVT
Tres Marias TM,Low-Fe,"Cook et al., 2009",16681,7.2,0.09,13.1,34.1,175,2.7,5259,0.2,2.23,25.2,374,MVT
Tres Marias TM,Low-Fe,"Cook et al., 2009",26506,8.6,0.12,9.9,18.8,294,2.4,4568,0.1,1.65,15.1,3659,MVT
Tres Marias TM,Low-Fe,"Cook et al., 2009",29128,7.8,0.165,3.2,8.15,307,2.2,4365,0.025,1.16,7.68,360,MVT
Tres Marias TM,Low-Fe,"Cook et al., 2009",26767,11,0.26,10.2,54.7,257,2.56,5938,0.14,2.94,47.95,1925,MVT
Tres Marias TM,Low-Fe,"Cook et al., 2009",38674,17.3,0.23,3.4,8.49,448,2.21,5110,0.03,0.84,10.52,740,MVT
Tres Marias TM,Low-Fe,"Cook et al., 2009",38482,6.9,0.31,1.225,4.51,233,1.64,3354,0.025,0.215,63.2,2358,MVT
Tres Marias TM,Low-Fe,"Cook et al., 2009",61129,4.4,0.1,3.2,6.54,194,1.76,3695,0.02,1.17,161.4,2543,MVT
Tres Marias TM,TM06_2,"Frenzel et al., 2020",36500,14.87,0.27,1.16,15.93,185.484,0.505,2837,0.001,0.502,41,5300,MVT
Tres Marias TM,TM06_2,"Frenzel et al., 2020",29220,13,0.268,1.48,10.13,220.922,0.605,2766,0.001,0.73,30,4080,MVT
Tres Marias TM,TM06_2,"Frenzel et al., 2020",21930,7.98,0.236,0.55,27.54,158.92,0.591,3242,0.001,0.26,29.48,1440,MVT
Tres Marias TM,TM06_2,"Frenzel et al., 2020",16710,5.61,0.221,1.54,8.09,129.862,0.739,3642,0.006088606,0.66,53.5,960,MVT
Tres Marias TM,TM06_2,"Frenzel et al., 2020",30820,7.87,0.0911,9.22,22.13,203.348,1,5069,0.078354471,1.587,69.7,244,MVT
Tres Marias TM,TM06_2,"Frenzel et al., 2020",27810,10.4,0.115,10,41.35,189.138,1.021,4660,0.062149857,1.304,11.46,418,MVT
Tres Marias TM,TM06_2,"Frenzel et al., 2020",79400,43.6,0.3482,28.05,1.564,934.844,2.304,4970,0.180644999,3.934,9.5,1145,MVT
Tres Marias TM,TM06_2,"Frenzel et al., 2020",79200,46.1,0.3078,21.91,1.252,851.73,2.179,4773,0.154621528,2.85,8.98,1246,MVT
Tres Marias TM,TM06_2,"Frenzel et al., 2020",88200,43.17,0.3264,19,1.312,936.7,2.708,5220,0.109257117,2.051,14.19,1161,MVT
Tres Marias TM,TM06_2,"Frenzel et al., 2020",74570,40.04,0.3046,15.63,0.946,864.316,2.25,4879,0.08529617,1.682,14.38,1290,MVT
Tres Marias TM,TM06_2,"Frenzel et al., 2020",85790,44.83,0.329,72.5,3.141,888.734,3.346,5025,0.456598878,9.68,11.36,1321,MVT
Tres Marias TM,TM06_2,"Frenzel et al., 2020",77340,41.69,0.3242,89.21,3.88,873.422,3.679,5736,0.599182367,12.83,10.92,1362,MVT
Tres Marias TM,TM06_2,"Frenzel et al., 2020",81500,38.83,0.3399,44.56,2.246,833.866,2.981,5790,0.284422457,6.07,11.71,1465,MVT
Tres Marias TM,TM06_2,"Frenzel et al., 2020",85150,46.89,0.3234,16.45,0.983,771.98,1.524,4751,0.108767415,2.06,2.947,2254,MVT
Tres Marias TM,TM06_2,"Frenzel et al., 2020",100500,44.15,0.3458,3.871,0.367,807.534,0.956,4796,0.025143626,0.515,1.004,1657,MVT
Tres Marias TM,TM06_2,"Frenzel et al., 2020",97900,45.62,0.3398,4.58,0.396,851.556,0.95,4587,0.03069263,0.668,1.004,1638,MVT
Tres Marias TM,TM06_2,"Frenzel et al., 2020",107000,48.38,0.339,2.003,0.2136,891.866,0.741,3882,0.012190797,0.285,1.02,1689,MVT
Tres Marias TM,TM06_2,"Frenzel et al., 2020",97900,46.06,0.341,4.77,0.351,827.776,0.794,3702,0.037276759,0.748,1.267,2009,MVT
Tres Marias TM,TM06_2,"Frenzel et al., 2020",86200,41.31,0.3238,1.372,0.151,858.11,0.641,4058,0.011780678,0.259,1.433,2038,MVT
Tres Marias TM,TM06_2,"Frenzel et al., 2020",83200,39.97,0.3301,2.33,0.2469,915.066,0.771,4237,0.018304479,0.377,1.579,2107,MVT
Tres Marias TM,TM06_2,"Frenzel et al., 2020",78230,36.61,0.3342,0.888,0.1175,930.784,0.534,3111,0.007176605,0.1522,1.213,2129,MVT
Kapp Mineral,KMi-5,"Cook et al., 2009",18523,9.2,14.4,555,1.87,4.61,54.9,1002,2.4,22.3,0.73,19.3,MVT
Kapp Mineral,KMi-5,"Cook et al., 2009",16407,8.8,8,681,4.05,1.18,83.7,953,1.6,1.6,5.7,144,MVT
Kapp Mineral,KMi-5,"Cook et al., 2009",11580,41,6,1355,12.8,42.1,184,1065,2.8,25.5,71.5,443,MVT
Kapp Mineral,KMi-5,"Cook et al., 2009",9831,8.9,5.1,143,46.9,17.8,94,1112,2.1,11.8,5.31,257,MVT
Kapp Mineral,KMi-5,"Cook et al., 2009",14828,8.1,6,583,14.7,17.5,98.2,984,2.7,49.3,40.2,695,MVT
Kapp Mineral,KMi-5,"Cook et al., 2009",40638,897,11.3,3138,11.2,24.9,336.6,924,1.7,7.6,93.5,1260,MVT
Kapp Mineral,KMi-5,"Cook et al., 2009",11991,7.7,5.8,699,64.9,16,150,1103,1.3,7.7,42.7,103,MVT
Kapp Mineral,KMi-5,"Cook et al., 2009",17236,14,8.5,634,3.47,2.01,124,978,2.4,10.4,58.6,8788,MVT
Kapp Mineral,KMi-5,"Cook et al., 2009",18565,10,15.3,189,1.11,1.03,48.4,955,1.8,1.1,0.92,12.2,MVT
Kapp Mineral,KMi-5,"Cook et al., 2009",14493,9,6,160,2.36,1.49,60.4,1036,2.5,11.4,8.57,1819,MVT
Vorta,DMV,"Cook et al., 2009",1429,585,0.02,314,184,18.5,3.93,4453,0.005,0.05,2.15,8.59,VMS
Vorta,DMV,"Cook et al., 2009",1555,616,0.02,515,75.7,9.3,2.15,4620,0.01,0.025,2.73,1.78,VMS
Vorta,DMV,"Cook et al., 2009",2051,753,0.015,425,363,23.4,2.68,5033,0.005,0.07,1.63,7.85,VMS
Vorta,DMV,"Cook et al., 2009",2117,761,0.01,131,79.9,2.73,1.59,5077,0.01,0.08,0.76,2.18,VMS
Vorta,DMV,"Cook et al., 2009",2403,367,0.015,719,86.2,6.77,9.27,4922,0.01,0.05,0.85,3426,VMS
Vorta,DMV,"Cook et al., 2009",2617,443,0.015,155,167,9.15,1.38,5088,0.01,0.08,0.04,0.46,VMS
Vorta,DMV,"Cook et al., 2009",917,165,0.06,461,83.9,8.64,21.2,4169,0.06,0.895,17.1,248,VMS
Vorta,DMV,"Cook et al., 2009",2405,557,0.015,337,75.2,2.99,3.56,4598,0.04,0.24,0.71,3.42,VMS
Eskay Creek,P5,"Cook et al., 2009",5695,3377,0.035,157,148,0.73,12.5,4590,0.9,29.7,29.2,14.9,VMS
Eskay Creek,P5,"Cook et al., 2009",5390,3409,0.065,78,83.7,1.34,8.23,2720,0.1,5.3,20.3,4.1,VMS
Eskay Creek,P5,"Cook et al., 2009",4479,3336,0.1,67,25,0.8,39.5,4955,13.7,3.7,117,46.3,VMS
Eskay Creek,P5,"Cook et al., 2009",5249,3266,0.06,704,857,13.68,6.8,3756,0.1,31.1,5.06,1.15,VMS
Eskay Creek,P5,"Cook et al., 2009",4277,4744,0.04,128,93.1,0.47,16.4,4432,0.3,26.2,164,97,VMS
Eskay Creek,P5,"Cook et al., 2009",4367,2296,0.17,75,19.2,1.01,26,3201,0.1,17.7,34.3,5.48,VMS
Zinkgruvan,zn99.2,"Cook et al., 2009",31735,499,157,1.9,1.98,1.07,4.63,3718,0.27,0.09,0.12,1.38,VMS
Zinkgruvan,zn99.2,"Cook et al., 2009",33261,532,164,5.1,2.78,1.17,12.6,3943,0.31,0.21,4.12,193,VMS
Zinkgruvan,zn99.2,"Cook et al., 2009",31751,502,157,3.1,2.37,0.82,4.65,3661,0.3,0.08,0.24,2.77,VMS
Zinkgruvan,zn99.2,"Cook et al., 2009",33006,524,163,4,1.94,1.19,6.12,3933,0.32,0.25,1.38,2.95,VMS
Zinkgruvan,zn99.2,"Cook et al., 2009",31930,507,159,3.1,1.87,1.07,4.55,3807,0.26,0.11,0.28,15.01,VMS
Zinkgruvan,zn99.2-1,"Frenzel et al., 2020",31740,487.9,123.5,1.7077,1.137,0.3,3.111,1188,0.210760792,0.04,0.089,0.636,VMS
Zinkgruvan,zn99.2-1,"Frenzel et al., 2020",31720,481.9,124.5,2.84,1.116,0.3,4.4,1180,0.206776388,0.135,0.48,1.74,VMS
Zinkgruvan,zn99.2-1,"Frenzel et al., 2020",31510,484.5,123.2,3.26445,1.1,0.3,4.08,1175,0.20858278,0.133,0.415,2.24,VMS
Zinkgruvan,zn99.2-1,"Frenzel et al., 2020",31430,482.6,123,2.1746,1.12,0.3,4.65,1171,0.211411019,0.095,0.243,1.639,VMS
Zinkgruvan,zn99.2-1,"Frenzel et al., 2020",31500,482.9,123.08,2.36,1.115,0.3,3.47,1168.8,0.198913713,0.126,0.334,3.27,VMS
Zinkgruvan,zn99.2-1,"Frenzel et al., 2020",31880,485.5,124.32,3.181,1.081,0.3,5.218,1159.5,0.205829196,0.153,0.799,3.669,VMS
Zinkgruvan,zn99.2-1,"Frenzel et al., 2020",31510,479.7,122.34,10.25,1.23,0.3,13.01,1151.6,0.203132095,0.968,7.76,8.52,VMS
Zinkgruvan,zn99.2-1,"Frenzel et al., 2020",31630,481.6,122.93,4.42,1.085,0.3,6.38,1161,0.193742877,0.184,1.018,2.914,VMS
Zinkgruvan,zn99.2-1,"Frenzel et al., 2020",31580,483.2,122.75,2.59,1.074,0.3,5.34,1144.7,0.192975113,0.106,5.89,33.7,VMS
Zinkgruvan,zn99.2-1,"Frenzel et al., 2020",31390,479.6,122.1,2.71,1.081,0.3,3.54,1144.5,0.207243197,0.092,0.264,1.09,VMS
Zinkgruvan,zn99.2-1,"Frenzel et al., 2020",31610,473.8,122.9,2.417,1.098,0.3,3.528,1126.3,0.196308451,0.091,0.337,1.234,VMS
Zinkgruvan,zn99.2-1,"Frenzel et al., 2020",31570,479.4,122.5,2.832,1.07,0.3,2.547,1125.1,0.186568733,0.04,0.107,0.782,VMS
Zinkgruvan,zn99.2-1,"Frenzel et al., 2020",31560,481.6,123.8,5.61,1.078,0.3,7.59,1119,0.203069141,0.302,2.069,4.41,VMS
Zinkgruvan,zn99.2-1,"Frenzel et al., 2020",32020,489.9,124.57,2.93,1.043,0.3,3.69,1134.7,0.210664199,0.04,0.229,1.25,VMS
Zinkgruvan,zn99.2-1,"Frenzel et al., 2020",31800,488.2,123.3,2.866,1.063,0.3,4.71,1124,0.202633555,0.116,0.521,1.989,VMS
Zinkgruvan,zn99.2-1,"Frenzel et al., 2020",32150,493,125.6,2.72,1.1,0.3,3.51,1122.3,0.198810776,0.13,0.418,1.24,VMS
Zinkgruvan,zn99.2-1,"Frenzel et al., 2020",32030,493.8,125.3,3.83,1.068,0.3,4.87,1121,0.196755258,0.212,1.082,3.15,VMS
Zinkgruvan,zn99.2-1,"Frenzel et al., 2020",31710,480.1,122.07,2.32,1.05,0.3,3.053,1126,0.20321729,0.04,0.104,1.296,VMS
Zinkgruvan,zn99.2-1,"Frenzel et al., 2020",32040,481.6,123.4,3.77,1.046,0.3,5.14,1127.9,0.207520361,0.19,1.491,2.23,VMS
Zinkgruvan,zn99.2-1,"Frenzel et al., 2020",32390,489.5,124.4,5.9,0.904,0.3,4.91,1126,0.207380973,0.169,3.72,4.28,VMS
Zinkgruvan,zn99.2-1,"Frenzel et al., 2020",32130,486,125.1,3.38,1.057,0.3,4.14,1136,0.207486164,0.297,1.134,2.16,VMS
Zinkgruvan,zn99.2-1,"Frenzel et al., 2020",32560,493.6,126,2.33,1.002,0.3,4.64,1122,0.193736767,0.085,0.206,1.157,VMS
Zinkgruvan,zn99.2-1,"Frenzel et al., 2020",32270,484.2,124.7,3.09,1.023,0.3,5.04,1121.2,0.210605202,0.13,0.868,2.149,VMS
Zinkgruvan,zn99.2-1,"Frenzel et al., 2020",31950,480.9,123.9,4.71,1.051,0.3,6.23,1121,0.194484016,0.171,0.869,2.899,VMS
Zinkgruvan,zn99.2-1,"Frenzel et al., 2020",32240,491.2,125.6,4.57,1.13,0.3,6.39,1103,0.190211129,0.229,1.89,4.6,VMS
Zinkgruvan,zn99.2-1,"Frenzel et al., 2020",32170,485.1,124.4,2.179,1.343,0.3,3.084,1105,0.202836617,0.04,0.04,0.163,VMS
Zinkgruvan,zn99.2-1,"Frenzel et al., 2020",31940,480.8,122.8,1.978,1.281,0.3,2.831,1114.3,0.202148465,0.04,0.04,0.462,VMS
Zinkgruvan,zn99.2-1,"Frenzel et al., 2020",31930,479.3,123.7,2.019,1.327,0.3,2.88,1112,0.191847155,0.04,0.04,0.825,VMS
Zinkgruvan,zn99.2-1,"Frenzel et al., 2020",31970,482.8,124.2,2.533,1.171,0.3,4.063,1113.5,0.217277148,0.04,0.276,1.7,VMS
Zinkgruvan,zn99.2-1,"Frenzel et al., 2020",31920,484.6,124.69,6.49,1.145,0.3,8.9,1115,0.204940618,0.22,1.881,8.39,VMS
Zinkgruvan,zn99.2-1,"Frenzel et al., 2020",31990,484.4,123.9,1.793,1.134,0.3,2.874,1123,0.218803767,0.04,0.033,0.263,VMS
Zinkgruvan,zn99.2-1,"Frenzel et al., 2020",31840,483.1,124.09,2.5,1.201,0.3,3.542,1129.3,0.192801944,0.04,0.211,0.946,VMS
Zinkgruvan,zn99.2-1,"Frenzel et al., 2020",31610,477.6,123.2,3.51,1.177,0.3,5.5,1127.5,0.203295582,0.133,0.835,3.33,VMS
Zinkgruvan,zn99.2-1,"Frenzel et al., 2020",31690,477.3,122.4,2.97,1.197,0.3,3.99,1128.6,0.190259959,0.12,0.478,1.936,VMS
Zinkgruvan,zn99.2-1,"Frenzel et al., 2020",32060,480.5,124.4,3.04,1.159,0.3,4.628,1130.7,0.202589335,0.138,0.635,2.383,VMS
Zinkgruvan,zn99.2-1,"Frenzel et al., 2020",31920,478.6,122.8,3.18,0.943,0.3,3.24,1134.7,0.162623855,0.188,1.54,2.41,VMS
Zinkgruvan,zn99.2-1,"Frenzel et al., 2020",32050,481.4,123.83,1.763,0.988,0.3,1.387,1140,0.189276961,0.04,0.04,0.138,VMS
Zinkgruvan,zn99.2-1,"Frenzel et al., 2020",31910,478.1,123.3,2.001,1.175,0.3,2.403,1140.1,0.197711718,0.04,0.135,0.735,VMS
Zinkgruvan,zn99.2-1,"Frenzel et al., 2020",31740,476.1,123.26,2.246,1.187,0.3,3.176,1136.7,0.197743102,0.082,0.143,0.775,VMS
Zinkgruvan,zn99.2-1,"Frenzel et al., 2020",32230,484.8,124.5,2.798,1.133,0.3,3.447,1166,0.205743787,0.084,0.417,1.483,VMS
Zinkgruvan,zn99.2-1,"Frenzel et al., 2020",31970,484.8,124.4,3.27,1.101,0.3,4.59,1176,0.200630048,0.121,0.626,2.237,VMS
Marketorp,Ma99.4,"Cook et al., 2009",89041,2098,164,2716,0.9,2.34,7.42,3136,24.7,0.21,0.04,8.79,VMS
Marketorp,Ma99.4,"Cook et al., 2009",96411,1843,177,1514,1.09,1.84,8.88,3130,25,0.09,0.02,0.81,VMS
Marketorp,Ma99.4,"Cook et al., 2009",89429,1684,188,14368,1.31,1.97,33.58,3349,27.9,0.14,0.07,9.86,VMS
Marketorp,Ma99.4,"Cook et al., 2009",86959,1703,161,2536,1.05,1.78,12.65,3264,25.7,0.11,0.025,15.87,VMS
Marketorp,Ma99.4,"Cook et al., 2009",88386,1718,160,1414,0.77,1.99,11.61,3250,26.5,0.15,0.04,1.2,VMS
Marketorp,Ma99.4,"Cook et al., 2009",93577,1863,170,3501,0.61,2.16,8.86,3619,27.4,0.13,0.02,29.09,VMS
Marketorp,Ma99.4,"Cook et al., 2009",119418,18729,170,3219,9.57,12.6,18.25,2968,26.7,0.81,0.08,20.38,VMS
Marketorp,Ma99.4,"Cook et al., 2009",111796,3198,167,2898,3.43,3.19,8.06,3289,27.1,0.54,0.07,8.28,VMS
Sauda, Sa -1,"Cook et al., 2009",120205,1449,44,40,7.1,1.43,5.48,3488,42,0.49,0.01,0.005,VMS
Sauda, Sa -1,"Cook et al., 2009",73524,898,27,41,4.22,0.9,4.79,2135,30,0.59,0.1,0.005,VMS
Sauda, Sa -1,"Cook et al., 2009",72227,892,27,25,4.11,0.99,3.69,2086,30,0.3,0.01,0.005,VMS
Sauda, Sa -1,"Cook et al., 2009",73837,923,27,26,4.69,0.94,4.72,2127,29,1.09,0.005,0.005,VMS
Sauda, Sa -1,"Cook et al., 2009",77519,941,25,24,8.63,1.1,3.07,2072,27,0.41,0.005,0.005,VMS
Sauda, Sa -1,"Cook et al., 2009",72558,919,26,23,5.64,0.86,3.32,2029,28,1.18,0.02,0.005,VMS
Sauda, Sa -1,"Cook et al., 2009",75334,934,26,26,6.04,1.07,3.67,2087,28,1.26,0.01,0.005,VMS
Sauda, Sa -1,"Cook et al., 2009",69576,874,26,22,4.78,0.91,3.94,1973,28,0.5,0.01,0.005,VMS
Sauda, Sa -1,"Cook et al., 2009",75950,940,25,44,6.01,1.06,2.88,2036,27,0.37,0.02,0.005,VMS
Sauda, Sa -1,"Cook et al., 2009",74881,925,25,23,5.11,1.04,2.44,1985,28,0.27,0.01,0.005,VMS
Hetaoping,HTP,"Ye et al., 2011",35051,2844,109,9,0.87,2.61,5.9,4170,0.015,0.11,0.5,1.9,Skarn
Hetaoping,HTP,"Ye et al., 2011",37358,2839,108,8,0.43,2.6,5.1,4244,0.011,0.11,1.1,2.8,Skarn
Hetaoping,HTP,"Ye et al., 2011",37927,2818,111,7,0.49,2.83,4.5,4314,0.01,0.1,0.005,0.2,Skarn
Hetaoping,HTP,"Ye et al., 2011",39021,2819,111,9,0.33,2.64,6,4328,0.013,0.1,3.3,6.4,Skarn
Hetaoping,HTP,"Ye et al., 2011",38631,2822,110,13,1.43,2.75,6,4242,0.009,0.11,1.6,3.4,Skarn
Hetaoping,HTP,"Ye et al., 2011",38555,2830,112,16,1.02,2.7,8,4237,0.007,0.1,5.8,6.6,Skarn
Hetaoping,HTP,"Ye et al., 2011",38187,2819,110,9,0.58,2.8,5.5,4259,0.007,0.09,2.7,5,Skarn
Hetaoping,HTP,"Ye et al., 2011",32878,2866,109,8,1.84,2.64,5,4128,0.009,0.12,0.3,2,Skarn
Hetaoping,174HTP,"Ye et al., 2011",102151,5438,71,33,0.1,3.11,4.7,5532,0.158,0.115,0.3,0.9,Skarn
Hetaoping,174HTP,"Ye et al., 2011",114483,4339,84,8337,0.07,3.26,25.2,6995,0.179,0.13,21.5,63,Skarn
Hetaoping,174HTP,"Ye et al., 2011",97556,5578,83,41,0.06,3.03,7.5,5892,0.104,0.07,4.1,6.6,Skarn
Hetaoping,174HTP,"Ye et al., 2011",92512,5366,80,12,0.46,2.76,6.5,5486,0.09,0.09,1.5,3.2,Skarn
Hetaoping,174HTP,"Ye et al., 2011",102774,4840,72,2853,0.08,3.15,14.5,5756,0.136,0.11,10.5,56,Skarn
Hetaoping,174HTP,"Ye et al., 2011",103733,5232,70,2180,0.08,3.26,15.9,5989,0.153,0.06,15.2,22,Skarn
Hetaoping,174HTP,"Ye et al., 2011",92567,4359,71,533,0.14,2.85,16,5420,0.133,0.09,13.4,18,Skarn
Hetaoping,174HTP,"Ye et al., 2011",96416,5766,94,35,0.28,2.85,11.5,5705,0.119,0.11,7.9,17,Skarn
Hetaoping,174HTP,"Ye et al., 2011",21160,1295,442,12,0.32,3.1,8,4091,0.002,0.115,6.4,78,Skarn
Hetaoping,174HTP,"Ye et al., 2011",20311,1241,428,9,0.45,2.62,7.6,4237,0.005,0.08,3.2,364,Skarn
Hetaoping,174HTP,"Ye et al., 2011",20417,1247,443,6,0.74,2.78,5.4,4179,0.004,0.09,0.5,1.5,Skarn
Hetaoping,174HTP,"Ye et al., 2011",20852,1272,428,9,0.35,2.51,6.1,4218,0.004,0.07,2.9,7.2,Skarn
Hetaoping,174HTP,"Ye et al., 2011",20684,1260,431,6,0.6,2.79,4.9,4192,0.003,0.09,0.3,60,Skarn
Hetaoping,174HTP,"Ye et al., 2011",21359,1296,473,7,0.85,2.88,5,4004,0.002,0.07,0.8,2.1,Skarn
Hetaoping,174HTP,"Ye et al., 2011",21367,1325,473,7,0.87,2.95,4.4,4092,0.002,0.1,0.1,0.5,Skarn
Hetaoping,174HTP,"Ye et al., 2011",20646,1250,473,778,0.35,2.73,10.1,3991,0.001,0.1,6.6,169,Skarn
Luziyuan,47LZY,"Ye et al., 2011",43693,1251,436,58,0.22,3.3,7.6,2233,0.112,0.24,26.1,1545,Skarn
Luziyuan,47LZY,"Ye et al., 2011",44682,1241,461,194,0.19,2.9,4.4,2290,0.106,0.03,6.1,62.5,Skarn
Luziyuan,47LZY,"Ye et al., 2011",43179,1392,435,5,0.26,2.82,3.8,2299,0.117,0.09,0.9,1.1,Skarn
Luziyuan,47LZY,"Ye et al., 2011",44123,1553,440,8,0.22,2.69,3.9,2323,0.11,0.1,0.3,0.6,Skarn
Luziyuan,47LZY,"Ye et al., 2011",44138,1252,420,32,0.16,2.82,4.5,2393,0.117,0.12,5.6,1173.8,Skarn
Luziyuan,47LZY,"Ye et al., 2011",44768,2143,427,11,1.03,2.9,3.8,2168,0.11,0.14,4,5,Skarn
Luziyuan,47LZY,"Ye et al., 2011",43310,1431,429,13,0.26,2.7,4.4,2235,0.111,0.13,6.6,10.9,Skarn
Luziyuan,47LZY,"Ye et al., 2011",43040,1430,427,13,0.21,2.77,4.6,2303,0.109,0.1,6.3,13.9,Skarn
Luziyuan,29LZY,"Ye et al., 2011",105858,601,257,111,0.62,2.8,5.4,2091,0.06,1.23,4.1,2.5,Skarn
Luziyuan,29LZY,"Ye et al., 2011",97175,684,228,16,0.58,2.96,4.4,2050,0.047,0.14,0.0475,0.6,Skarn
Luziyuan,29LZY,"Ye et al., 2011",99246,658,313,56,0.54,3.19,5.3,2068,0.023,0.14,0.7,0.9,Skarn
Luziyuan,29LZY,"Ye et al., 2011",93164,635,220,67,0.67,2.57,6.3,2004,0.069,9.11,8.1,3.4,Skarn
Luziyuan,29LZY,"Ye et al., 2011",105621,737,246,40,0.47,3.73,5.3,2020,0.024,0.04,2.9,2.6,Skarn
Luziyuan,29LZY,"Ye et al., 2011",94392,630,245,399,0.48,3.21,14.1,1795,0.071,4.7,19.1,30.8,Skarn
Luziyuan,29LZY,"Ye et al., 2011",98574,642,212,873,0.52,3.63,17.2,2017,0.012,0.52,21.5,18.8,Skarn
Luziyuan,29LZY,"Ye et al., 2011",99906,645,231,472,0.59,2.53,10.7,1688,0.053,8.1,19.3,63.7,Skarn
Luziyuan,LZY61,"Ye et al., 2011",56786,1105,413,12,0.12,2.93,4.7,2160,0.007,0.12,0.6,1.6,Skarn
Luziyuan,LZY61,"Ye et al., 2011",57485,1085,411,17,0.12,2.93,4.8,2181,0.01,0.15,1.2,3.4,Skarn
Luziyuan,LZY61,"Ye et al., 2011",56723,1021,406,10,0.11,3.15,4.4,2184,0.005,0.09,0.9,2.6,Skarn
Luziyuan,LZY61,"Ye et al., 2011",55373,1036,410,8,0.11,3.06,4.2,2099,0.007,0.1,0.0045,0.0025,Skarn
Luziyuan,LZY61,"Ye et al., 2011",55462,996,409,15,0.11,2.98,4.7,2111,0.008,0.15,0.5,2.2,Skarn
Luziyuan,LZY61,"Ye et al., 2011",60554,1008,413,16,0.12,3.13,4.4,2362,0.008,0.13,1.3,2.9,Skarn
Luziyuan,LZY61,"Ye et al., 2011",57473,1223,412,20,0.16,3.08,5.4,2220,0.01,0.17,3.5,8.4,Skarn
Luziyuan,LZY61,"Ye et al., 2011",58588,1270,413,13,0.13,2.93,4.7,2237,0.006,0.15,1.9,5.4,Skarn
Laochang,9LC,"Ye et al., 2011",130008,2626,0.34,139,8.66,2.83,5.8,8798,191,3.33,0.1,0.8,VMS
Laochang,9LC,"Ye et al., 2011",127420,2660,0.08,162,9.73,2.52,4.8,8534,188,4.01,0.0336,0.3,VMS
Laochang,9LC,"Ye et al., 2011",129613,2707,0.16,148,6.6,2.98,6.3,8709,184,2.86,0.1,3.4,VMS
Laochang,9LC,"Ye et al., 2011",126228,2844,0.61,167,13.83,3.57,5.5,8607,232,5.17,0.1,0.3,VMS
Laochang,9LC,"Ye et al., 2011",129302,2845,0.57,206,22.5,4.94,6.6,8631,230,9.64,4.1,556,VMS
Laochang,9LC,"Ye et al., 2011",127308,2761,0.51,165,5.62,3.6,5.8,8939,196,5.5,0.0528,0.5,VMS
Laochang,9LC,"Ye et al., 2011",130321,2879,0.65,163,12.72,2.93,6.3,8766,206,2.38,0.2,9.7,VMS
Laochang,9LC,"Ye et al., 2011",128769,2711,0.38,149,10.5,3.64,5.7,8765,193,3.72,0.0525,0.4,VMS
Laochang,9LC,"Ye et al., 2011",125661,2678,0.08,155,10.62,2.76,7.6,8526,179,13.58,1.9,1.7,VMS
Laochang,9LC,"Ye et al., 2011",127950,2690,0.56,146,11.62,3.13,6.7,8832,176,4.98,0.1,0.4,VMS
Laochang,9LC,"Ye et al., 2011",123724,2645,0.35,236,7.1,7.13,8,8420,183,4.94,2.8,7.8,VMS
Laochang,9LC,"Ye et al., 2011",126937,2767,0.07,380,9.98,5.64,8.6,8532,191,9.11,3.2,19.8,VMS
Laochang,9LC,"Ye et al., 2011",132072,2771,0.72,188,46.4,2.11,6.4,8697,134,6.25,0.3,1.8,VMS
Laochang,9LC,"Ye et al., 2011",129473,2695,0.91,119,46.53,3.85,6,8665,80,4.07,0.1,0.4,VMS
Laochang,LC19,"Ye et al., 2011",154203,4111,0.6,197,12.05,3.78,6.3,8770,263,19.49,1.5,4.8,VMS
Laochang,LC19,"Ye et al., 2011",138954,3173,1.13,364,5.68,3.21,6.2,8749,566,3.72,0.0068,0.4,VMS
Laochang,LC19,"Ye et al., 2011",138823,3123,1.21,164,6.11,4.32,5.2,8807,236,4.04,0.2,1,VMS
Laochang,LC19,"Ye et al., 2011",144538,3558,0.45,266,117.05,3.64,6.2,8306,252,38.11,0.9,2,VMS
Laochang,LC19,"Ye et al., 2011",139883,3482,0.24,274,60.72,3.86,7.5,8947,262,2.81,1.2,2.4,VMS
Laochang,LC19,"Ye et al., 2011",141388,3558,0.37,260,37.91,3.47,6,8909,262,6.41,0.2,0.9,VMS
Laochang,LC19,"Ye et al., 2011",139995,3525,0.43,275,59.09,3.45,5.9,8915,254,5.76,0.1,0.5,VMS
Laochang,LC19,"Ye et al., 2011",138973,3191,0.18,205,30.83,3.63,6.6,8745,250,2.23,0.5,1.4,VMS
Laochang,LC09,"Ye et al., 2011",124740,3266,1.52,411,24.49,9.2,7.3,8519,117,5.85,1,14.7,VMS
Laochang,LC09,"Ye et al., 2011",128675,3287,1.12,210,3,3.89,8.7,8901,231,8.34,2.9,54.1,VMS
Laochang,LC09,"Ye et al., 2011",126822,3222,0.44,2020,17.52,15.13,7.6,9600,160,5.55,2.3,15.3,VMS
Laochang,LC09,"Ye et al., 2011",121861,3219,2.24,143,24.19,2.71,7.1,8573,89,4.29,1.6,5.1,VMS
Laochang,LC09,"Ye et al., 2011",123927,3309,3.06,227,21.88,4.06,9.7,8860,117,8.07,2.6,25.8,VMS
Laochang,LC09,"Ye et al., 2011",122400,3207,4.41,128,22.34,2.89,7.5,9070,122,4.22,0.5,5.7,VMS
Laochang,LC09,"Ye et al., 2011",122818,3172,1.81,210,2.27,2.81,5.8,8558,203,3.83,0.4,2.8,VMS
Laochang,LC09,"Ye et al., 2011",121694,3114,1.68,137,24.44,2.76,10.1,8519,66,8.18,1.3,25.2,VMS
Huize,Hui 1086,"Ye et al., 2011",37553,121,0.04,1188,1.11,354,36.8,3637,0.0016,0.14,72.3,19.5,MVT
Huize,Hui 1086,"Ye et al., 2011",25183,88,0.04,357,6.18,98,22.1,3404,0.003,0.1,43.9,15.3,MVT
Huize,Hui 1086,"Ye et al., 2011",47248,137,0.05,926,19.75,146,76.8,4647,0.003,0.1,306.8,44.3,MVT
Huize,Hui 1086,"Ye et al., 2011",32666,100,0.04,809,8.06,221,30.9,2817,0.002,0.11,65.7,10.6,MVT
Huize,Hui 1086,"Ye et al., 2011",32551,105,0.03,287,0.4,90,14.3,3104,0.00105,0.1,4.2,1.2,MVT
Huize,Hui 1086,"Ye et al., 2011",40305,132,0.05,263,3.96,80,13.3,2977,0.001,0.08,7.5,7.1,MVT
Huize,Hui 1086,"Ye et al., 2011",30932,118,0.03,414,0.06,143,22.4,1728,0.0014,0.11,0.4,2.5,MVT
Huize,Hui 1086,"Ye et al., 2011",28080,88,0.04,575,0.34,186,13.7,2156,0.00125,0.11,11.4,3.5,MVT
Huize,1062HZF,"Ye et al., 2011",4873,7,0.01,7,0.05,3,9.6,1708,0.00145,0.07,0.0056,1.1,MVT
Huize,1062HZF,"Ye et al., 2011",8088,43,0.01,18,0.88,5,22.5,1266,0.456,1.07,1.6,3.3,MVT
Huize,1062HZF,"Ye et al., 2011",5139,82,0.005,32,0.18,10,15,894,0.457,1.27,0.6,6.4,MVT
Huize,1062HZF,"Ye et al., 2011",18254,95,0.01,295,0.14,108,30.4,1632,0.355,1.5,2.1,6.9,MVT
Huize,1062HZF,"Ye et al., 2011",8544,12,0.005,116,2.74,11,44.7,2392,0.019,0.33,130,14.7,MVT
Huize,1062HZF,"Ye et al., 2011",16351,98,0.01,246,1.17,81,50.7,1518,0.089,2.05,2.1,67.7,MVT
Huize,1062HZF,"Ye et al., 2011",5166,7,0.01,10,1.14,3,19.4,1626,0.00115,0.09,0.4,0.6,MVT
Huize,1062HZF,"Ye et al., 2011",43664,125,0.04,533,0.21,199,35.9,2474,0.002,0.11,3,4.1,MVT
Huize,HZF1065,"Ye et al., 2011",19732,78,0.02,119,0.18,40,9,1714,0.392,0.5,0.8,0.8,MVT
Huize,HZF1065,"Ye et al., 2011",6482,35,0.01,16,7.82,3,10.9,1764,3.611,0.62,2.8,5.3,MVT
Huize,HZF1065,"Ye et al., 2011",16662,45,0.05,66,1.15,14,16.8,1423,0.34,1.21,27.4,12.4,MVT
Huize,HZF1065,"Ye et al., 2011",13771,151,0.02,23,8.1,5,12.7,1555,1.83,0.79,3,5.7,MVT
Huize,HZF1065,"Ye et al., 2011",17462,58,0.02,51,1.49,17,8.4,1520,0.597,1.38,1.6,3.1332,MVT
Huize,HZF1065,"Ye et al., 2011",18822,300,0.06,7,0.17,3,6,1619,0.826,0.33,2.1,1.7,MVT
Huize,HZF1065,"Ye et al., 2011",7040,11,0.005,14,7.95,3,8.4,1597,5.611,0.16,0.1,0.4,MVT
Huize,HZF1065,"Ye et al., 2011",24444,270,0.01,521,21.11,154,13.9,1707,2.29,27.42,0.2,0.4,MVT
Niujiaotang,B10,"Ye et al., 2011",77235,24,1.44,83,32.53,25.32,16.7,9680,0.753,5.81,0.5,140,MVT
Niujiaotang,B10,"Ye et al., 2011",2842,6,0.08,32,6.6,24.37,6.3,7086,0.02,0.21,0.0025,163,MVT
Niujiaotang,B10,"Ye et al., 2011",9394,2,0.01,137,5.19,127.88,75.4,23400,0.001,0.14,0.00305,28,MVT
Niujiaotang,B10,"Ye et al., 2011",18155,13,0.01,80,6.59,72.67,15.6,9077,0.327,2.68,0.0034,120,MVT
Niujiaotang,B10,"Ye et al., 2011",5221,8,0.00185,3,0.68,16.95,3.8,8244,0.004,0.36,0.0036,150,MVT
Niujiaotang,B10,"Ye et al., 2011",3244,3,0.01,169,11.27,9.53,26.7,9960,0.153,1.62,0.00315,93,MVT
Niujiaotang,B10,"Ye et al., 2011",11411,8,0.0023,11,2.47,60.14,6.2,4226,0.013,0.72,0.00375,620,MVT
Niujiaotang,B10,"Ye et al., 2011",985,4,0.22,0.02205,0.02,2.15,3.5,20621,0.011,0.32,0.002,2427,MVT
Niujiaotang,B10,"Ye et al., 2011",5419,20,0.14,196,23.66,97.39,43,20340,0.498,3.67,0.2,67,MVT
Niujiaotang,B-6,"Ye et al., 2011",3904,3,0.01,39,8.65,6.71,7.2,26998,0.015,0.36,0.00265,143,MVT
Niujiaotang,B-6,"Ye et al., 2011",16006,9,0.0016,4,9.8,37.26,4.1,13439,0.009,0.18,0.00515,145,MVT
Niujiaotang,B-6,"Ye et al., 2011",10150,10,0.00205,6,3.97,53.49,4.2,7398,0.003,0.64,0.4,673,MVT
Niujiaotang,B-6,"Ye et al., 2011",1033,1,0.02,11,3.32,6.52,4.8,6334,0.005,1.16,0.0039,50,MVT
Niujiaotang,B-6,"Ye et al., 2011",2349,4,0.00235,17,7.28,22.81,6.2,6607,0.086,1.05,0.0034,43,MVT
Niujiaotang,B-6,"Ye et al., 2011",2253,2,0.00265,3,2.52,13.67,3.8,10443,0.012,0.32,0.0036,61,MVT
Niujiaotang,B-6,"Ye et al., 2011",3167,4,0.1,20,12.34,26.1,5.7,9343,0.055,0.6,0.0042,174,MVT
Niujiaotang,B-6,"Ye et al., 2011",1333,1,0.02,17,10.09,18.44,8.1,8301,0.01,0.83,0.0031,108,MVT
Niujiaotang,B-6,"Ye et al., 2011",23399,17,0.35,38,12.85,59.44,7.5,10133,0.186,1.13,0.00565,433,MVT
Niujiaotang,H-22,"Ye et al., 2011",14018,22,0.01,53,1.78,160,4.4,9226,0.00095,0.16,0.00565,238,MVT
Niujiaotang,H-22,"Ye et al., 2011",2192,7,0.00285,1,1.43,16.82,4.5,15212,0.0009,0.09,0.0037,179,MVT
Niujiaotang,H-22,"Ye et al., 2011",13068,93,2.07,194,48.32,187.45,5.5,8219,0.054,4.97,1.4,817,MVT
Niujiaotang,H-22,"Ye et al., 2011",29815,214,0.0026,302,2.76,546.7,8.3,956,0.005,0.98,0.1,3493,MVT
Niujiaotang,H-22,"Ye et al., 2011",36604,225,0.02,258,64.54,287.66,5.9,3697,0.193,12.3,0.8,1316,MVT
Niujiaotang,H-22,"Ye et al., 2011",4696,28,0.0023,90,0.87,120.36,3.9,3527,0.001,0.14,0.00325,358,MVT
Niujiaotang,H-22,"Ye et al., 2011",2421,4,0.03,23,4.15,17.52,3.7,10019,0.005,0.24,0.0027,151,MVT
Niujiaotang,H-22,"Ye et al., 2011",8043,12,0.002,69,5.05,124.81,3.8,5369,0.01,0.4,0.00385,126,MVT
Mengxing,1M,"Ye et al., 2011",7227,43,0.11,111,2.49,9.73,4.3,8231,0.0073,0.31,83,563,MVT
Mengxing,1M,"Ye et al., 2011",11744,14,2.38,172,3.89,30.39,4.2,12594,0.014,0.23,85,775,MVT
Mengxing,1M,"Ye et al., 2011",7513,7,0.13,201,4.38,53.89,4.2,12745,0.0087,0.36,76,168,MVT
Mengxing,1M,"Ye et al., 2011",6816,7,0.06,143,7.09,24.77,4.5,10428,0.038,0.46,90,160,MVT
Mengxing,1M,"Ye et al., 2011",11407,16,0.44,184,2.24,4.27,4,10285,0.01,0.43,52,714,MVT
Mengxing,1M,"Ye et al., 2011",8692,11,1.08,169,1.79,23.59,4.3,9509,0.013,0.19,69,481,MVT
Mengxing,1M,"Ye et al., 2011",9060,37,0.37,130,4.93,14.89,5.1,9208,0.016,0.36,113,3031,MVT
Mengxing,1M,"Ye et al., 2011",6910,88,0.9,191,1.47,37.45,4,7522,0.002,0.1,45,400,MVT
Mengxing,1M,"Ye et al., 2011",6556,10,1.03,132,3.39,56.66,4.1,7078,0.004,0.11,158,530,MVT
Mengxing,1M,"Ye et al., 2011",14789,168,1.66,123,1.39,12.24,4.7,7048,0.004,0.16,108,2903,MVT
Mengxing,M-11,"Ye et al., 2011",132,19,2.09,4,2.98,2.33,3.8,16409,0.00095,0.1,1,340,MVT
Mengxing,M-11,"Ye et al., 2011",173,490,2.5,3,0.49,3,4.1,13875,0.002,0.11,2.6,346,MVT
Mengxing,M-11,"Ye et al., 2011",79,13,2.33,4,0.36,2.67,3.9,16509,0.003,0.1,1.3,364,MVT
Mengxing,M-11,"Ye et al., 2011",712,180,4.67,7,0.5,2.81,4.1,14191,0.002,0.13,1.4,326,MVT
Mengxing,M-11,"Ye et al., 2011",3477,24,16.95,7,1.19,3.33,4.8,16560,0.005,0.24,3.4,400,MVT
Mengxing,M-11,"Ye et al., 2011",389,1451,2.2,5,0.55,3.28,4.5,15617,0.004,0.09,3.3,382,MVT
Mengxing,M-11,"Ye et al., 2011",186,60,1.9,4,0.37,2.83,4.3,15156,0.002,0.13,1.3,586,MVT
Mengxing,M-11,"Ye et al., 2011",97,12,1.95,2,0.22,2.28,3.9,15460,0.002,0.1,0.5,346,MVT
Freiberg kb,kb730,"Bauer et al., 2019",92511.92274,1615.320564,0.681939747,580.2631975,9.449953673,0.327193062,10.7776471,5387.579457,271.0542514,214.7975922,1.430963463,1.813587647,Epithermal
Freiberg kb,kb730,"Bauer et al., 2019",92695.68989,1729.230745,0.798300805,1478.741964,8.492604093,0.316398085,20.97002869,5654.615371,337.7074947,282.5152066,0.799730837,1.677457844,Epithermal
Freiberg kb,kb730,"Bauer et al., 2019",93744.10794,1725.636283,0.678739311,711.0879137,7.684550603,0.296409955,8.70000198,6080.337708,205.5122935,94.73233868,0.42026525,1.15283126,Epithermal
Freiberg kb,kb730,"Bauer et al., 2019",93800.48275,1619.974404,0.690063328,610.6942668,8.542232427,0.019611239,9.538688868,6063.856223,224.0200347,126.8264679,0.279996729,2.444213585,Epithermal
Freiberg kb,kb730,"Bauer et al., 2019",94506.05643,1944.776088,0.536513532,2310.371448,8.890885267,0.015484077,21.84070777,6600.004688,455.113472,174.3691242,1.197589502,3.475093212,Epithermal
Freiberg kb,kb730,"Bauer et al., 2019",93165.45034,1371.667338,0.179399419,1390.5747,12.90655044,0.300827072,17.84736252,6343.264875,270.9688359,885.8778267,0.107703065,0.389357559,Epithermal
Freiberg kb,kb730,"Bauer et al., 2019",88099.16775,2221.543031,1.949859111,2378.514382,8.658853824,0.011477524,15.30332968,5737.887995,129.9589629,205.5333626,1.67820176,4.205516655,Epithermal
Freiberg kb,kb730,"Bauer et al., 2019",90566.93042,2242.906098,0.909158425,1110.452985,8.923206251,0.036735143,10.29130138,5730.848494,121.5145499,121.7214762,1.278912435,3.277398459,Epithermal
Freiberg kb,kb730,"Bauer et al., 2019",88459.48421,1416.433795,0.338158595,2922.786238,15.43364905,0.236053008,102.0890749,5601.490154,148.0152112,1828.073751,0.455062298,8.656800082,Epithermal
Freiberg kb,kb730,"Bauer et al., 2019",98171.06425,1292.283084,0.542875764,1907.16197,12.93211277,0.002141178,26.81331845,6144.373053,706.7085216,743.6991583,0.001400489,0.233407638,Epithermal
Freiberg kb,kb50024,"Bauer et al., 2019",89046.53905,269.5361985,39.90362695,1144.048596,116.2446643,0.000290477,3.76985148,5478.051357,309.4592889,98.13046115,0.587362374,2.176875965,Epithermal
Freiberg kb,kb50024,"Bauer et al., 2019",87833.97966,311.8525553,38.43451382,676.4176107,84.10416947,0.243445557,3.837378086,5959.581692,285.5671234,203.3952675,0.016587069,0.132937156,Epithermal
Freiberg kb,kb50024,"Bauer et al., 2019",76457.97689,567.3769728,34.66920344,1784.271664,83.1750278,0.696120917,26.91544897,5417.102104,165.1624477,604.6292335,1.423144372,19.15019599,Epithermal
Freiberg kb,kb50024,"Bauer et al., 2019",91477.58536,665.5158831,42.46985689,1562.375084,113.3127933,1.4720981,40.50298266,5764.216179,223.3366755,389.767599,0.109705684,18.4560593,Epithermal
Freiberg kb,kb50024,"Bauer et al., 2019",88581.51251,220.1639273,38.36421758,1111.641847,179.7612444,0.565674364,9.765777576,6722.781844,303.5668177,378.6649637,0.045715669,0.418228086,Epithermal
Freiberg kb,kb50024,"Bauer et al., 2019",90311.70442,993.4988298,36.03923161,798.1703727,36.70378597,0.003200951,8.280784139,5949.697204,339.3287363,245.5512672,0.062900241,0.995140644,Epithermal
Freiberg kb,kb50024,"Bauer et al., 2019",89854.64293,1044.62595,36.05928894,1209.974395,33.48314819,0.375177343,5.762266566,7066.932029,424.1829767,112.9829109,0.056137443,0.115883619,Epithermal
Freiberg kb,kb50024,"Bauer et al., 2019",89830.90522,218.9734346,38.1579771,652.3720178,166.8272771,0.25093003,5.09385595,7836.059697,197.7978328,211.2116437,0.002271499,0.104422124,Epithermal
Freiberg kb,kb50024,"Bauer et al., 2019",86418.78439,263.230363,36.2809424,740.4996572,101.4057835,0.258309887,8.167919521,5675.569568,166.3679997,230.9772261,0.546730566,0.853647333,Epithermal
Freiberg kb,kb50112,"Bauer et al., 2019",97839.49833,1944.151666,0.099363733,4121.105355,29.25242244,0.438485585,52.96750227,5548.467087,1841.862862,1917.354933,0.0480951,0.19317765,Epithermal
Freiberg kb,kb50112,"Bauer et al., 2019",100079.0358,2196.865285,0.083134333,3453.998113,28.63731734,0.898061642,42.21392582,5705.972464,1645.630611,1542.766697,0.005614151,0.355688009,Epithermal
Freiberg kb,kb50112,"Bauer et al., 2019",98080.74536,1422.180487,0.109140513,2385.826302,29.61910966,0.005334287,21.60202309,6252.898596,1510.614727,780.8983241,0.039452876,0.201226644,Epithermal
Freiberg kb,kb50112,"Bauer et al., 2019",98417.16338,1169.349472,0.075394672,1949.239162,30.26681574,0.26373724,15.22727442,6109.490362,1145.677418,303.5311103,0.177076615,1.253425948,Epithermal
Freiberg kb,kb50112,"Bauer et al., 2019",102267.1767,761.9767818,0.054248617,1377.001055,26.56243497,0.017048379,15.81289107,5984.478976,872.3505475,145.1293254,0.014686111,0.227723594,Epithermal
Freiberg kb,kb50112,"Bauer et al., 2019",100406.5196,957.917915,0.068611454,2139.298739,22.82167441,0.042501459,25.0775419,5896.088297,1472.30382,755.7706284,0.290755483,1.435253763,Epithermal
Freiberg kb,kb50112,"Bauer et al., 2019",100650.2346,739.8387376,0.056427071,2280.136357,26.86337356,0.274535176,24.522095,6577.325869,1265.201085,890.2438375,0.470315705,2.774958217,Epithermal
Freiberg kb,kb50112,"Bauer et al., 2019",98495.1322,2384.001658,0.12189985,2306.331899,33.68223831,0.023932394,22.99798706,6120.894842,1291.259043,525.6417163,0.354120388,2.385572854,Epithermal
Freiberg kb,kb50112,"Bauer et al., 2019",86289.3057,801.8515051,0.061533773,2013.462981,27.41665122,0.235246499,22.97106366,5141.461792,1548.622864,676.3531765,0.015031359,0.335585388,Epithermal
Freiberg kb,kb50112,"Bauer et al., 2019",100385.1258,930.2802945,0.085987519,2108.546741,30.79475575,0.003774737,22.56020849,6600.047095,1598.353031,691.0342015,0.082662935,0.592977113,Epithermal
Freiberg kb,kb50112,"Bauer et al., 2019",102488.2928,961.5573189,0.116796164,1804.907968,24.77963087,0.035760617,13.1634077,6640.56611,1129.574269,240.867215,0.116538351,0.450021105,Epithermal
Freiberg kb,kb50112,"Bauer et al., 2019",101530.6482,891.8694118,0.062691861,1698.06894,34.75990667,0.339741057,15.24825855,6201.535241,677.285948,160.9739513,0.394379926,3.820474241,Epithermal
Freiberg kb,kb50112,"Bauer et al., 2019",102935.1714,865.6748948,0.064518425,1754.180874,26.43213286,0.267775725,12.89577806,6063.008401,696.5139604,798.1408347,0.110991541,0.671548024,Epithermal
Freiberg kb,kb50236,"Bauer et al., 2019",103662.8945,1719.00229,55.87931097,1610.469972,0.410092095,0.051727678,24.25770326,7004.0046,1168.93388,51.80177465,0.833050036,1.66204793,Epithermal
Freiberg kb,kb50236,"Bauer et al., 2019",96210.42963,1216.042306,0.487997201,312.803828,9.77987315,0.000552359,5.640086996,6567.384247,244.0720793,30.51431703,0.006388186,1.19164798,Epithermal
Freiberg kb,kb50236,"Bauer et al., 2019",93737.74873,1156.543113,0.34517614,2270.207765,12.48428212,0.011307747,17.76064767,6482.715949,271.7011995,70.01468723,0.281331073,4.681591355,Epithermal
Freiberg kb,kb50236,"Bauer et al., 2019",96269.91096,1081.025105,0.43925841,1055.987857,10.51759478,0.004777952,14.63236205,7006.466263,424.3703223,358.7565123,0.005460117,0.140446474,Epithermal
Freiberg kb,kb50236,"Bauer et al., 2019",94129.64611,1028.438368,0.436719656,1382.333855,9.303981661,0.003825274,15.0978025,6603.169736,399.0121931,551.6627081,0.632302444,1.35106689,Epithermal
Freiberg kb,kb50236,"Bauer et al., 2019",92840.70199,1061.535939,0.522292275,768.4583616,8.444457058,0.014819419,10.18081772,6274.629116,339.1642416,320.2885764,0.006015822,0.187395975,Epithermal
Freiberg kb,kb50236,"Bauer et al., 2019",98109.60453,2965.65682,6.841904949,1037.971276,8.847790755,0.004400472,22.37080887,6861.073352,348.2038597,17.5313049,0.047931788,1.419220319,Epithermal
Freiberg kb,kbSohle13,"Bauer et al., 2019",84151.71006,2987.398423,1.291278839,660.0053119,7.025154157,0.017508085,5.415025582,5779.60635,487.6186899,23.27279621,0.01914564,0.129420593,Epithermal
Freiberg kb,kbSohle13,"Bauer et al., 2019",105419.8329,1053.407186,16.97358718,2262.870759,4.22749717,0.313313371,33.41012114,7109.12288,2406.400206,144.2838364,0.001107105,0.107581396,Epithermal
Freiberg kb,kbSohle13,"Bauer et al., 2019",104081.5635,4725.988923,2.051052781,1074.141674,4.272504497,0.001201098,10.1309357,6591.007933,823.2019983,18.08592951,0.014580541,0.199682936,Epithermal
Freiberg kb,kbSohle13,"Bauer et al., 2019",99349.07732,4169.607212,17.13743226,1824.857917,1.819920656,0.316804062,7.857428959,5882.739631,491.1865116,6.87858151,0.232299889,1.407513168,Epithermal
Freiberg kb,kbSohle13,"Bauer et al., 2019",106951.6342,4108.597821,17.15159189,12081.92154,1.644699425,0.03912862,15.03672089,6832.721384,440.5662016,157.3183845,1.339296281,5.750880852,Epithermal
Freiberg kb,kbSohle13,"Bauer et al., 2019",105445.2679,3321.807567,3.838591536,2149.683741,6.313010684,0.006402379,18.91133213,5634.955793,1584.06113,16.80394733,0.005201968,0.15082569,Epithermal
Freiberg kb,kbSohle13,"Bauer et al., 2019",101148.9534,5567.321055,6.866222123,6285.495352,4.092203719,0.3028925,23.94057622,6548.727211,820.2696155,71.24642297,4.592496215,4.733670989,Epithermal
Freiberg kb,kb01,"Bauer et al., 2019",95062.18416,4767.787195,5.987046522,437.7939876,5.516354426,0.044671278,11.4216278,4024.553202,239.9895669,146.2257638,0.088437798,0.2257368,Epithermal
Freiberg kb,kb01,"Bauer et al., 2019",93494.66993,19599.27566,4.549706138,88.07163161,2.782793519,0.058631218,1.915617201,3803.512179,73.04377979,9.12459958,0.044025543,0.180667603,Epithermal
Freiberg kb,kb01,"Bauer et al., 2019",94284.06256,18737.93149,4.773378613,89.07076381,2.942512332,0.025618809,1.306864947,3806.722328,68.09252203,14.62196544,0.045269899,0.202712257,Epithermal
Freiberg kb,kb01,"Bauer et al., 2019",90920.15983,6588.787696,5.504675876,655.8950083,6.05038442,0.007814884,7.239796647,3674.476688,178.8686689,369.9317884,0.234461641,0.4810555,Epithermal
Freiberg kb,kb01,"Bauer et al., 2019",88774.73842,6446.187888,5.577285882,1080.343571,6.380983248,0.022782779,27.38229378,3689.186281,219.1052974,734.2777898,0.071950242,0.325864587,Epithermal
Freiberg kb,kb01,"Bauer et al., 2019",96544.1518,5708.244828,6.119982613,7905.986027,5.385461208,0.404494397,22.4344708,3951.073642,225.0162588,7643.080002,0.18337618,0.465399764,Epithermal
Freiberg kb,kb01,"Bauer et al., 2019",97717.2921,16696.1568,4.220603788,322.4588913,3.592805277,0.01616984,3.222898187,3709.777911,78.33400851,163.3869253,0.01902112,0.299811005,Epithermal
Freiberg kb,kb01,"Bauer et al., 2019",94079.46682,19107.91764,3.562162036,5028.751036,2.214281759,5.52E-05,9.474753986,4156.854703,114.8174993,74.77544496,7.873686798,8.289059388,Epithermal
Freiberg kb,kb03,"Bauer et al., 2019",99301.29917,10181.60359,0.028810391,1916.319528,11.84328157,0.255327545,13.6613857,3270.315037,13.8917545,1358.097675,0.398511131,1.142334132,Epithermal
Freiberg kb,kb03,"Bauer et al., 2019",98001.58987,10145.63839,0.026377841,362.1210191,8.536481572,0.001175441,4.302748654,3296.467863,12.20528536,201.6283819,0.204665745,0.767277391,Epithermal
Freiberg kb,kb03,"Bauer et al., 2019",98003.54132,10227.00887,0.127929555,230.212542,6.599576484,0.009796844,5.825353815,3810.923301,10.88632639,153.7240114,0.014229689,0.164732856,Epithermal
Freiberg kb,kb03,"Bauer et al., 2019",116835.3743,9881.553636,0.15053974,9741.823102,8.302696852,0.012027061,19.24838194,3841.146101,12.91031248,806.0720369,0.240663571,2.957394162,Epithermal
Freiberg kb,kb03,"Bauer et al., 2019",99652.55266,9990.120109,0.114374724,214.7780499,8.943664387,0.002205662,6.976760405,3716.792191,13.87656009,137.3829745,0.012941233,0.241866531,Epithermal
Freiberg kb,kb03,"Bauer et al., 2019",101033.0281,4610.896634,0.034945693,2035.267394,10.25712604,0.003165943,20.9803462,4525.745206,36.16957688,788.8723699,4.89428576,3.095502146,Epithermal
Freiberg kb,kb03,"Bauer et al., 2019",100977.6008,6035.888592,0.022556391,726.3789167,12.07351644,0.261660401,7.753040334,4379.965718,24.64834012,663.7284428,0.000102809,0.392545362,Epithermal
Freiberg kb,kb04,"Bauer et al., 2019",106280.2022,3494.872463,26.83607241,80.67106202,5.822487674,0.258163499,1.480025121,3685.64527,65.41619027,4.183827139,0.000668967,3.200251907,Epithermal
Freiberg kb,kb04,"Bauer et al., 2019",104305.9746,3368.012583,25.86193598,258.8540753,3.699854854,0.021259752,3.959634033,3695.038159,71.35403389,7.128818089,0.464473204,13.41618867,Epithermal
Freiberg kb,kb04,"Bauer et al., 2019",94400.06535,4783.83227,17.83190602,623.095913,4.462309407,0.288904839,10.14552526,4446.231071,64.42130255,12.10901845,2.620172082,3.849402635,Epithermal
Freiberg kb,kb04,"Bauer et al., 2019",93831.11061,4421.050206,18.17344799,1383.11756,5.714489485,0.004968781,17.71991622,4379.353585,63.8777096,95.51992694,4.610662258,8.048573808,Epithermal
Freiberg kb,kb04,"Bauer et al., 2019",97901.63739,4550.922563,16.90210967,253.1595898,5.23220904,0.000995248,3.895305738,4425.828595,53.97507147,147.612188,0.1214474,0.872754985,Epithermal
Freiberg kb,kb04,"Bauer et al., 2019",98521.79107,3655.780739,18.97853832,349.7698845,5.749700653,0.304361083,6.684575027,4409.990725,58.62072344,165.5871617,2.623782835,9.822222096,Epithermal
Freiberg kb,kb04,"Bauer et al., 2019",97320.75399,3205.573258,19.20076118,1066.783382,6.907694304,0.000204609,11.94217442,4435.263141,49.24865024,512.4853759,1.061047889,2.697190348,Epithermal
Freiberg kb,kb06,"Bauer et al., 2019",92242.51529,1179.837079,54.07802307,948.9540037,3.599817248,0.268855678,10.84621131,5959.190392,407.8482367,49.35966692,0.017154364,0.585949413,Epithermal
Freiberg kb,kb06,"Bauer et al., 2019",84354.0466,1935.766521,79.83834099,1400.659546,3.655501339,0.268219992,10.5447825,5775.233526,826.7116478,3.080589602,0.21893076,3.458136082,Epithermal
Freiberg kb,kb06,"Bauer et al., 2019",84424.6176,2488.814069,95.00628789,1606.012992,0.681201898,0.038786628,9.953457427,5824.822563,539.3617727,3.643432863,1.164774711,6.189751482,Epithermal
Freiberg kb,kb06,"Bauer et al., 2019",87941.70753,977.7509049,84.98023274,995.4443593,1.781516862,0.0361594,17.34842425,5734.054117,771.1757571,3.813502931,0.050702354,0.18488968,Epithermal
Freiberg kb,kb06,"Bauer et al., 2019",89378.17759,2364.832273,82.52888434,1322.806891,3.160151526,0.037643662,16.40321584,5470.714704,1013.109848,2.714041902,0.042011501,0.216429089,Epithermal
Freiberg kb,kb06,"Bauer et al., 2019",88137.39082,1308.911324,84.26132149,822.7938118,1.045225155,0.005377432,10.96761977,6981.878315,633.1782433,2.821940417,2.231143937,1.21517206,Epithermal
Freiberg kb,kb06,"Bauer et al., 2019",87893.19183,825.3453707,75.16334812,1260.536274,4.912343684,0.004726245,19.18858662,5907.973306,954.0492496,3.072379808,0.000158169,0.145051932,Epithermal
Freiberg kb,kb06,"Bauer et al., 2019",87503.0845,971.9285404,77.28432101,863.6386518,3.651191957,0.234353776,12.88371696,5727.40233,683.1438182,2.202448803,0.003730062,0.133126694,Epithermal
Freiberg kb,kbH5,"Bauer et al., 2019",103004.7797,900.158209,35.41508797,312.1425775,3.190063169,0.040126118,3.012450424,5283.212516,253.1000718,20.79066915,0.011357506,0.138318897,Epithermal
Freiberg kb,kbH5,"Bauer et al., 2019",100755.2947,889.4981049,36.01744433,350.9682799,2.698735192,0.005462856,2.89038966,5227.11475,267.9826409,11.36318251,0.001223586,0.386077088,Epithermal
Freiberg kb,kbH5,"Bauer et al., 2019",109346.733,970.5483024,36.27128156,779.1617954,2.402595574,0.000926405,10.52990501,6242.979724,547.3038045,7.094692411,0.00087467,0.060038537,Epithermal
Freiberg kb,kbH5,"Bauer et al., 2019",108876.2743,1212.026695,39.91699681,1682.578395,3.121432942,0.25686027,23.59425086,7094.278099,1085.32217,84.20348547,0.005480787,0.101222309,Epithermal
Freiberg kb,kbH5,"Bauer et al., 2019",104488.1671,1088.646693,43.97195106,825.8260616,2.107327571,0.038803706,9.659608968,6522.382294,576.1557856,8.925888564,0.000760408,0.098667791,Epithermal
Freiberg kb,kbH5,"Bauer et al., 2019",104185.5937,1057.223351,44.17690071,1354.493941,3.132526863,0.006441411,10.90770934,6446.119679,924.5590828,34.33421684,0.003300609,0.127818767,Epithermal
Freiberg kb,kbH6,"Bauer et al., 2019",102611.9799,851.045886,99.81868846,150.9843557,12.17922313,0.048214175,2.274042622,5792.361911,119.434607,6.50928228,0.001613412,9.569079421,Epithermal
Freiberg kb,kbH6,"Bauer et al., 2019",99590.24223,806.3389106,99.00777843,379.304637,3.232956927,0.000466092,2.965928724,5301.102418,128.9930259,26.84337192,0.012294498,0.380134987,Epithermal
Freiberg kb,kbH6,"Bauer et al., 2019",92791.49932,745.9959069,95.75915812,4057.523898,5.699676719,0.020805105,22.89163581,5677.306934,212.9265582,59.88468928,0.345043652,5.498576966,Epithermal
Freiberg kb,kbH6,"Bauer et al., 2019",103909.902,799.3791225,100.7753027,172.2001628,9.773952609,0.005391004,1.706766945,5595.81082,128.2900365,18.48854355,0.002861304,5.368792328,Epithermal
Freiberg kb,kbH6,"Bauer et al., 2019",98382.28212,770.83298,96.50420223,308.3667227,5.77542142,0.010129612,3.182272496,5721.07929,125.0058026,102.9804897,0.016668491,0.142774379,Epithermal
Freiberg kb,kbFRS8,"Bauer et al., 2019",100404.4615,859.7091633,26.13612675,958.6833655,1.062052429,0.001350261,10.51014443,6295.944501,654.7853272,2.953508085,0.04908863,0.37571815,Epithermal
Freiberg kb,kbFRS8,"Bauer et al., 2019",100458.2037,891.3485881,26.4821984,932.0997014,1.189394387,0.004329396,8.810628524,6187.21095,669.1079827,3.766307516,0.002166068,0.11926525,Epithermal
Freiberg kb,kbFRS8,"Bauer et al., 2019",101414.9103,5330.365503,35.94814398,742.851385,1.010251384,0.034106083,9.286081998,5976.591034,513.4624105,3.757442781,0.044898044,0.223583481,Epithermal
Freiberg kb,kbFRS8,"Bauer et al., 2019",90191.09661,5914.399048,24.24645711,2070.166617,2.000731988,0.000694065,40.73292278,5810.461602,529.339837,4.702997328,0.042675336,1.79181878,Epithermal
Freiberg kb,kbFRS8,"Bauer et al., 2019",104471.7928,1319.0844,31.54440027,1337.154209,1.135667844,0.000276454,14.71467047,6831.555298,958.4738341,6.039718648,0.012971697,0.094974734,Epithermal
Freiberg kb,kbFRS8,"Bauer et al., 2019",102329.0073,1657.854273,33.46769957,1441.236572,1.124026186,0.00800696,12.86037996,6839.186039,1021.074413,8.101358506,0.054336529,0.201062643,Epithermal
Freiberg kb,kbFRS8,"Bauer et al., 2019",98815.5034,2614.945436,47.92185691,574.6464932,0.638457013,0.00956718,6.54439878,6197.075142,409.6875039,2.630436205,0.015987046,0.316596374,Epithermal
Freiberg kb,kbFRS8,"Bauer et al., 2019",101543.0407,2373.109407,47.66430326,591.2779701,0.810058169,0.009002461,10.81164336,6280.590492,413.0939017,2.846239385,0.002941155,0.37459851,Epithermal
Freiberg kb,kbFRS19,"Bauer et al., 2019",105181.3776,2049.438509,0.488500803,7027.432803,20.86669055,0.004611768,19.21603003,5819.978189,775.1447335,382.8558849,1.320041342,4.328993808,Epithermal
Freiberg kb,kbFRS19,"Bauer et al., 2019",96514.32278,2085.722773,0.424313672,1171.773139,18.92082757,0.500157863,7.828387735,5865.770584,714.479778,76.93793772,0.261842413,0.989745137,Epithermal
Freiberg kb,kbFRS19,"Bauer et al., 2019",93803.31691,9119.084762,13.5574239,956.0441287,15.73525557,0.046738701,9.088743735,5917.06556,564.0281177,4.247985688,0.42954259,2.005899951,Epithermal
Freiberg kb,kbFRS19,"Bauer et al., 2019",94166.99972,9276.848836,13.83781075,2128.193564,15.24333006,0.291946317,31.50673729,6202.675169,582.9288069,22.03215244,3.894876299,5.426819381,Epithermal
Freiberg kb,kbFRS19,"Bauer et al., 2019",95459.77558,6973.444766,6.687643492,1669.563055,9.805848342,0.276900487,20.70319637,6137.943928,1213.689051,6.626174263,0.001093411,0.234355618,Epithermal
Freiberg kb,kbFRS19,"Bauer et al., 2019",95381.45662,7322.516103,8.504436511,1435.109137,12.04386666,0.009793118,17.15850256,6207.672199,1039.690278,7.869719173,0.004565103,0.104190932,Epithermal
Freiberg kb,kbFRS19,"Bauer et al., 2019",93733.0873,3013.988001,1.174566764,1929.257867,17.39299358,0.003122496,16.01805444,5863.809147,543.5718609,834.1729844,0.167910943,2.058832823,Epithermal
Freiberg kb,kbFRS19,"Bauer et al., 2019",92768.82654,2925.191314,1.113880846,1507.607151,17.16272735,0.005462613,12.73454258,5733.962964,432.2993453,608.6589083,0.042173893,6.817826491,Epithermal
Freiberg kb,kbFRS19,"Bauer et al., 2019",91581.10001,10166.95531,10.73906016,674.9038836,1.101778683,0.009146155,7.281064275,5626.11922,441.5030004,3.530944473,0.247136393,1.235444897,Epithermal
Freiberg kb,kbFRS19,"Bauer et al., 2019",94368.55091,10014.18711,13.56770102,573.930219,0.29439128,0.275409368,6.680640735,5732.941504,408.4416522,3.245582511,0.094604919,1.201905364,Epithermal
Freiberg kb,kb59,"Bauer et al., 2019",44251.67821,851.5414364,43.61178488,494.9420401,0.712100841,3.009313792,18.8871296,7280.714362,88.20126454,36.3966161,6.333569142,71.66261189,Epithermal
Freiberg kb,kb59,"Bauer et al., 2019",70448.69835,1568.008849,161.320396,290.3392225,1.194726564,0.278574316,18.03078489,6554.687027,189.6762618,9.822604193,0.063031193,0.938678519,Epithermal
Freiberg kb,kb59,"Bauer et al., 2019",86373.25061,925.8707517,80.05458239,580.3850159,0.950116008,0.004860915,6.933201254,6285.954429,285.6636396,1.441498228,0.09665212,4.491655321,Epithermal
Freiberg kb,kb59,"Bauer et al., 2019",98751.69934,6792.592338,218.6984123,612.3162933,0.171204875,0.012599091,5.959964997,6725.460333,447.2659168,1.495247544,0.002822584,0.108844481,Epithermal
Freiberg kb,kb59,"Bauer et al., 2019",82429.02482,2463.791504,201.807618,511.1236527,0.392486865,0.288989975,10.8969755,5969.446685,360.7922109,1.357218804,0.000344584,0.255363453,Epithermal
Freiberg kb,kb59,"Bauer et al., 2019",84815.53727,2379.858595,208.6237456,599.2033854,0.552321151,0.013886259,9.985301946,5966.19522,402.8546761,5.75777248,0.338647594,1.854553507,Epithermal
Freiberg kb,kb59,"Bauer et al., 2019",74352.42346,1708.520209,186.8602602,295.1172751,0.832544657,0.036699708,2.884766714,6531.589055,287.8928885,1.988339488,0.000360326,0.170853624,Epithermal
Freiberg kb,kb59,"Bauer et al., 2019",72389.52775,1658.091776,164.4709882,368.6539352,0.714771114,0.304484908,2.998235203,6344.179628,309.6891518,2.01110391,0.266946239,2.432727999,Epithermal
Freiberg kb,kb59,"Bauer et al., 2019",48092.68048,1124.599076,78.82875063,253.9869806,0.61799635,0.011368743,2.147599517,7581.518079,321.1789092,2.235591073,0.019521673,0.042792433,Epithermal
Freiberg kb,kb182,"Bauer et al., 2019",107268.1889,1511.365625,92.32325522,520.5677921,0.512634993,0.000362233,6.262090096,6493.347283,364.7923214,4.500797084,0.005782939,0.455975213,Epithermal
Freiberg kb,kb182,"Bauer et al., 2019",101400.5304,1383.752461,83.99255986,762.7586648,1.302690234,0.013274879,11.96091343,6082.349449,300.4065503,4.987433039,0.049160354,0.551831929,Epithermal
Freiberg kb,kb182,"Bauer et al., 2019",100384.8917,1273.284408,86.95013275,1367.476988,0.77296941,0.009861715,32.40011212,6294.795796,327.5802733,4.515076326,0.046699649,3.325546766,Epithermal
Freiberg kb,kb182,"Bauer et al., 2019",103976.9404,1197.418815,9.217049696,860.4664409,1.953223361,0.039796509,26.85593562,6618.267856,615.1358338,7.395831587,0.013444875,0.821035454,Epithermal
Freiberg kb,kb182,"Bauer et al., 2019",99921.97026,1207.556846,8.692831733,1019.11106,2.390820542,0.014269099,29.83937531,7527.844128,622.6318032,7.890502815,0.016573117,0.807083183,Epithermal
Freiberg kb,kb182,"Bauer et al., 2019",112842.1584,1197.843813,9.298652942,1690.82328,2.467102366,0.000979266,44.90922283,7081.891476,657.5678383,18.46991097,0.019073305,1.487280246,Epithermal
Freiberg kb,kb182,"Bauer et al., 2019",107438.3746,884.1583726,21.5864514,866.9617048,2.095068021,0.007121068,11.10533622,5584.59962,620.7801668,7.745843329,0.004555519,0.319659696,Epithermal
Freiberg kb,kb182,"Bauer et al., 2019",102810.0754,860.8041486,19.91209952,1360.719651,1.666166199,0.020085009,32.06209833,7046.548303,561.5153779,3.451269736,0.109350743,0.814939917,Epithermal
Freiberg kb,kb189,"Bauer et al., 2019",101741.481,4930.46193,37.53477796,1692.063604,0.840947784,0.326046961,3.509685012,3870.788378,77.15548544,9.801600067,0.127835455,6.057826767,Epithermal
Freiberg kb,kb189,"Bauer et al., 2019",100398.7565,3183.02098,20.74722278,2115.489608,0.651142424,0.003460854,9.518728049,4467.17653,73.80496655,3.818364434,0.14489321,1.084475311,Epithermal
Freiberg kb,kb189,"Bauer et al., 2019",126842.8691,1717.588144,29.51991412,3887.922195,1.325347843,0.000507309,30.54554763,3384.140102,310.734766,13.24200083,0.019468537,4.227397283,Epithermal
Freiberg kb,kb189,"Bauer et al., 2019",108931.7,1918.925736,53.15168157,339.9152264,0.382833485,0.545621341,4.798702742,5769.050047,280.2994411,1.412776927,0.052852649,0.167127259,Epithermal
Freiberg kb,kb189,"Bauer et al., 2019",114958.6375,3516.083236,23.7288572,1104.212109,0.528462395,1.05E-05,14.67320993,4054.526552,85.87378122,5.182917634,0.167912242,27.29125554,Epithermal
Freiberg kb,kb199,"Bauer et al., 2019",107811.5489,1420.467038,5.436955785,1396.908448,1.939706513,0.040271665,20.93793442,7154.960472,1034.31907,9.598325743,0.000549486,0.163178035,Epithermal
Freiberg kb,kb199,"Bauer et al., 2019",107593.3798,1548.300742,6.747406151,837.2991463,1.348453828,0.000921809,10.69619043,6777.917396,494.5807027,5.928108426,0.049970039,0.426813668,Epithermal
Freiberg kb,kb199,"Bauer et al., 2019",104251.5439,2479.690655,22.93601665,1575.864496,7.436986398,0.008066928,30.94610731,6462.630562,617.7901678,561.1422533,0.019362061,0.157691933,Epithermal
Freiberg kb,kb199,"Bauer et al., 2019",101719.952,2482.329906,2.391371473,863.2151798,4.684413218,0.272067106,41.77953674,6464.76648,487.1100213,77.38542038,0.002191075,2.901218001,Epithermal
Freiberg kb,kb199,"Bauer et al., 2019",101317.4607,2374.885583,1.952805071,2440.822309,6.186912878,0.02590144,27.97135399,6376.121391,569.6333006,22.42179535,0.424100053,4.771317053,Epithermal
Freiberg kb,kb199,"Bauer et al., 2019",107897.1809,2511.682807,62.47162398,647.4106693,0.582416823,0.733110128,11.87594453,7030.657285,450.5812723,3.776672829,0.000150974,0.249638829,Epithermal
Freiberg kb,kb199,"Bauer et al., 2019",96570.8823,2618.001578,1.544428673,455.4267061,6.153209375,0.028820789,7.229580908,6052.627687,295.3985499,104.6445445,0.001314453,0.466338121,Epithermal
Freiberg kb,kb199,"Bauer et al., 2019",103829.7717,1656.286464,93.18745724,607.4582965,0.661365451,0.264451916,12.5578131,6426.974438,423.9406326,3.83440241,0.062593861,0.234938298,Epithermal
Freiberg kb,kb216,"Bauer et al., 2019",115005.4451,1340.199511,100.3070519,2514.272908,1.798842218,0.005171674,7.373261045,7596.903154,1637.741771,31.19585658,0.053903434,0.078099378,Epithermal
Freiberg kb,kb216,"Bauer et al., 2019",107296.6029,1638.522901,98.76317958,1569.953108,1.080336198,0.000537816,11.30479592,7220.142621,1146.274117,8.439083543,0.047832206,0.080607051,Epithermal
Freiberg kb,kb216,"Bauer et al., 2019",101584.9504,1850.41305,105.9077665,662.1377751,0.599685371,0.272601894,4.602280948,6429.206281,440.6085061,5.764577943,0.044163095,0.105645149,Epithermal
Freiberg kb,kb216,"Bauer et al., 2019",107326.3656,1440.041004,115.3403723,1147.062322,3.16802302,0.002223119,4.827649915,6777.279822,809.5462284,9.772388,0.014204298,0.108672187,Epithermal
Freiberg kb,kb216,"Bauer et al., 2019",108721.9759,1284.347444,97.22875167,1575.767675,1.278711979,0.003824614,16.38337152,6058.062869,1148.54304,9.900253813,0.013161001,0.055225367,Epithermal
Freiberg kb,kb216,"Bauer et al., 2019",106820.2592,1731.331379,105.3313325,1049.960683,2.442411927,0.040372713,8.72465203,7408.241758,676.1152584,13.42022502,0.045825853,0.229617134,Epithermal
Freiberg kb,kb216,"Bauer et al., 2019",101767.0052,1776.041352,105.6656221,432.7714512,1.295633001,0.288798788,2.608544798,6779.492042,288.6495187,3.949140804,0.048622171,0.132260822,Epithermal
Freiberg kb,kb216,"Bauer et al., 2019",101213.1252,1759.13571,103.3972404,607.4547413,0.504633124,0.011729065,4.571933051,6817.120243,354.2300959,3.240137563,0.049842469,0.26034696,Epithermal
Freiberg kb,kb216,"Bauer et al., 2019",105011.2722,1286.920932,96.82781851,1486.185127,1.196153075,0.289807319,9.81064281,6516.214084,1060.306738,6.249835651,0.047052922,0.154792134,Epithermal
Freiberg kb,kb223,"Bauer et al., 2019",97153.8271,10892.2409,0.656008348,2637.700821,7.637419049,0.022656853,28.36254828,7318.460616,1550.362775,19.19262201,0.541012749,2.595868133,Epithermal
Freiberg kb,kb223,"Bauer et al., 2019",19520.79686,29.13575623,0.000766866,1586.402386,1.726638232,55.16307581,20.31744817,6188.981687,208.9776313,232.2825482,40.30610161,238.2215322,Epithermal
Freiberg kb,kb223,"Bauer et al., 2019",100319.348,8880.601381,1.654483671,2480.276325,6.707067349,0.286652205,15.49338515,7245.047976,1793.832288,25.86663904,0.010222847,0.378465595,Epithermal
Freiberg kb,kb223,"Bauer et al., 2019",89740.81368,10663.92596,0.763701546,5917.514868,6.079039266,0.020279904,64.27755345,6438.565028,1901.066436,18.11949607,1.223161376,3.792712908,Epithermal
Freiberg kb,kb223,"Bauer et al., 2019",98425.26087,4228.314288,6.039559829,800.5344222,2.843896685,0.040152519,8.374786629,6869.505544,563.6549713,13.19747065,0.050819154,0.298038038,Epithermal
Freiberg kb,kb223,"Bauer et al., 2019",93078.79067,10123.35559,1.315182419,2208.483202,5.728008474,0.020324613,17.80122419,6432.586812,1556.46334,12.11414207,0.5177129,3.106582466,Epithermal
Freiberg kb,kb223,"Bauer et al., 2019",90407.83933,9463.560738,1.268384495,2233.576782,5.591663275,0.43074282,18.22029954,6863.01515,1616.330231,12.97779845,0.282737053,18.46863024,Epithermal
Freiberg kb,kb223,"Bauer et al., 2019",94124.88565,6261.30335,4.079934677,897.2000906,0.413125331,0.048185492,12.06687104,6787.914396,645.6816838,5.296531664,0.009934482,10.59229713,Epithermal
Freiberg kb,kb230,"Bauer et al., 2019",94870.42701,2005.424665,0.679270261,599.7660109,18.6232122,0.014595244,6.141219545,5489.514623,143.1470945,333.8606829,0.099392811,0.665454584,Epithermal
Freiberg kb,kb230,"Bauer et al., 2019",92290.49443,2166.755218,1.096452607,670.3348654,17.60653981,0.357544411,6.855904048,5699.65871,228.4260433,304.6203866,0.065039005,1.365372258,Epithermal
Freiberg kb,kb230,"Bauer et al., 2019",96373.19572,1915.278605,0.140740738,1797.962542,19.70752128,0.324095164,22.39312636,5402.02805,32.85260853,1456.176968,0.001373497,0.214419266,Epithermal
Freiberg kb,kb230,"Bauer et al., 2019",96955.93242,2270.989045,2.518906065,2536.938932,16.96219595,0.313659895,58.60016512,5340.059926,75.89466811,1444.427966,0.051788808,0.15103472,Epithermal
Freiberg kb,kb230,"Bauer et al., 2019",96994.5091,1682.56351,0.202033538,2411.381534,18.21460844,0.265992612,38.01580211,5327.889051,20.23338861,1462.090221,0.048529128,0.207948204,Epithermal
Freiberg kb,kb230,"Bauer et al., 2019",99429.87988,1929.79265,0.559132409,336.7386766,17.60399352,0.000155728,3.08925211,4920.743148,83.10570518,187.6239317,0.04808397,0.107391736,Epithermal
Freiberg kb,kb230,"Bauer et al., 2019",91659.88014,1218.202673,0.17673716,3068.711631,19.3099765,0.032005955,54.22190555,5272.937619,86.732359,2433.192641,3.812197694,0.383871592,Epithermal
Freiberg kb,kb236,"Bauer et al., 2019",108278.5839,1483.129558,33.70240984,390.1882564,1.782555205,0.018533361,2.379402782,5374.844777,366.5601521,4.073629845,0.05549939,0.03753791,Epithermal
Freiberg kb,kb236,"Bauer et al., 2019",103628.6662,1256.055002,8.441730701,1532.158011,10.58833987,0.009393127,22.60365526,5488.536821,557.2863246,649.7068629,0.043167153,0.053843585,Epithermal
Freiberg kb,kb236,"Bauer et al., 2019",102765.6806,3087.818887,34.28792932,677.4013178,1.772772268,0.0249753,8.162176587,6174.685061,472.5345379,8.449773247,0.048869101,0.134149532,Epithermal
Freiberg kb,kb236,"Bauer et al., 2019",102526.016,1204.813486,27.77996816,711.0646949,4.168873941,0.000562206,7.28924673,6564.242046,453.7069048,56.53657536,0.000477925,0.029278946,Epithermal
Freiberg kb,kb236,"Bauer et al., 2019",101671.3971,1947.669246,27.35305428,586.5975274,2.528224166,0.050538818,8.069263789,6338.179856,426.6332418,12.27895808,0.004786427,0.029816821,Epithermal
Freiberg kb,kb236,"Bauer et al., 2019",103116.0607,1856.32752,35.1289177,775.9273384,1.288624791,0.014344836,9.965414726,6260.492114,569.3309656,4.577670563,0.047229533,0.069444096,Epithermal
Freiberg kb,kb244,"Bauer et al., 2019",101280.5768,2050.550055,7.176812611,420.1832201,5.95639699,0.022184764,5.042223265,6605.257832,341.4870157,2.157384665,0.10440739,1.031887908,Epithermal
Freiberg kb,kb244,"Bauer et al., 2019",108261.9453,2932.963453,17.21376241,6958.591233,0.951351243,0.022469257,15.94296826,6071.880132,242.9002743,44.26993649,0.716876217,4.318390667,Epithermal
Freiberg kb,kb244,"Bauer et al., 2019",99360.46876,2091.202508,10.30513124,776.7834515,4.184077602,0.006499575,23.43038852,6758.105265,367.6443504,2.243489989,0.201849917,5.685352949,Epithermal
Freiberg kb,kb244,"Bauer et al., 2019",95063.14143,2162.039615,10.73435707,1185.73253,4.806378252,0.000688075,30.72404703,6684.585311,325.7018546,24.45440074,2.933311805,9.472420558,Epithermal
Freiberg kb,kb244,"Bauer et al., 2019",46082.53096,272.6280235,0.084229242,123.7086746,86.21343292,26.121801,4.364179847,1291.513401,12.63045724,33.76974352,0.530362952,9.04730296,Epithermal
Freiberg kb,kb244,"Bauer et al., 2019",100240.6558,1723.209645,22.18579453,1257.305058,3.636989652,0.004364006,25.11774994,6459.739257,583.1074999,42.70935528,1.204204111,4.509469477,Epithermal
Freiberg kb,kb244,"Bauer et al., 2019",97775.79881,1684.917091,20.77503389,2129.558581,2.595380598,0.00019998,57.01887115,6311.082235,631.9596582,28.04363702,3.352387858,15.19295917,Epithermal
Freiberg kb,kb244,"Bauer et al., 2019",104149.266,1331.302075,11.56234381,418.8467098,4.346537452,0.014807955,5.362435002,6790.468041,365.4091475,11.3472134,0.050365965,0.143065407,Epithermal
Freiberg kb,kb329,"Bauer et al., 2019",96929.3537,1516.384551,0.252466421,1795.965392,18.02673633,1.48E-05,15.89283935,5673.887079,843.1609923,192.2866352,0.446492196,14.19585898,Epithermal
Freiberg kb,kb329,"Bauer et al., 2019",98375.65101,2021.679478,0.8018224,1567.998673,14.41908776,0.000986385,15.44040247,6802.113043,1000.989015,96.91876728,0.153853896,1.414803949,Epithermal
Freiberg kb,kb329,"Bauer et al., 2019",96703.86087,1990.90336,0.064573602,1419.379014,10.4280934,0.287723497,14.04496048,6360.117934,932.3126138,92.04231418,0.126307254,1.027882996,Epithermal
Freiberg kb,kb329,"Bauer et al., 2019",96280.3933,3323.299886,0.476554268,1195.15237,13.91341705,0.338853497,11.31098623,6321.828523,541.2111812,311.407775,0.109806348,0.722108531,Epithermal
Freiberg kb,kb329,"Bauer et al., 2019",96133.19644,6214.658994,1.345355499,1641.571182,10.73584689,0.009911332,14.08887509,6881.733024,991.6653379,146.2054134,0.568755949,1.393012558,Epithermal
Freiberg kb,kb329,"Bauer et al., 2019",93234.32744,6121.814201,1.204984239,2620.675468,10.0245502,0.013225159,20.1068478,7121.76621,1151.667569,127.5941704,1.869967313,4.798862361,Epithermal
Freiberg kb,kb329,"Bauer et al., 2019",97221.79601,1769.696989,1.305819834,2524.008045,13.16073167,0.005955662,28.25636787,7054.306554,1944.85631,33.61627438,0.141597733,0.587550043,Epithermal
Freiberg kb,kb329,"Bauer et al., 2019",105440.319,5817.523771,4.49250709,5352.161592,17.31254683,0.05096197,43.77954811,5352.083589,2679.434801,18.80835518,1.878002868,109.7411198,Epithermal
Freiberg kb,kb340,"Bauer et al., 2019",97806.3199,1443.274021,131.0739981,797.4903388,0.736106724,0.332855421,5.878782607,7020.316532,544.8379564,3.515212926,0.006531533,0.33601985,Epithermal
Freiberg kb,kb340,"Bauer et al., 2019",98434.67559,1614.657166,91.39485967,622.7167203,3.210185412,0.045977642,5.036502783,7052.128529,432.6400272,12.44509474,0.011992227,0.163074272,Epithermal
Freiberg kb,kb340,"Bauer et al., 2019",99949.58956,1107.064484,124.6930439,1365.851954,3.625946751,0.318899913,11.00524077,8089.107943,868.1634007,72.09064195,0.008820818,0.061817222,Epithermal
Freiberg kb,kb340,"Bauer et al., 2019",101140.6942,1078.738539,121.3664054,1045.102274,4.766131843,0.002754445,15.82040823,7302.351234,684.8334128,50.64232944,17.19900984,4.701357131,Epithermal
Freiberg kb,kb340,"Bauer et al., 2019",98584.92629,809.3114528,46.82900335,460.8206682,7.18210251,0.022110287,2.6401345,7767.764769,372.5845764,8.536834708,0.539897966,1.045846632,Epithermal
Freiberg kb,kb340,"Bauer et al., 2019",96476.87155,626.0198315,49.12912146,1205.215279,7.157011768,0.053246523,14.36594287,8715.227237,696.0418858,46.25087775,2.020101254,1.163123949,Epithermal
Freiberg kb,kb02,"Bauer et al., 2019",97078.07468,13939.40002,0.198928,404.6852845,7.008211965,0.009376543,5.242304802,3917.46013,28.60883546,78.47645547,0.087741814,0.446976168,Epithermal
Freiberg kb,kb02,"Bauer et al., 2019",99648.98935,11868.23368,0.265539284,2200.869795,10.43968205,0.029305428,11.9465852,4131.043564,92.92080611,352.1940298,0.364974134,1.356836674,Epithermal
Freiberg kb,kb02,"Bauer et al., 2019",101238.751,11503.38738,0.64517244,4382.290035,2.965828887,0.014195844,10.20389853,4173.991311,166.1932723,483.8045361,0.27314277,0.785979914,Epithermal
Freiberg kb,kb271,"Bauer et al., 2019",90476.63243,2372.776602,0.015515628,1258.03621,24.80645884,0.000214387,18.17112651,5633.634222,59.23207496,987.1361083,0.925925184,3.062601126,Epithermal
Freiberg kb,kb271,"Bauer et al., 2019",98299.95795,1206.053337,0.140032399,2793.84308,24.22048838,0.328819245,59.91584267,6617.216437,1171.412184,1520.434093,0.004763968,0.142812733,Epithermal
Freiberg kb,kb271,"Bauer et al., 2019",96580.02847,1151.364374,0.058434676,2358.813615,31.09755064,0.323668778,37.20635049,5913.744211,92.43552315,1430.540306,0.183524208,0.431062229,Epithermal
Freiberg kb,FG,"Frenzel et al., 2020",80210,3664,12.88,146.4,0.03,0.35,1.629,1615,202.2960029,1.273,0.04,0.188,Epithermal
Freiberg kb,FG,"Frenzel et al., 2020",79810,3647,12.93,135.2,0.03,0.35,1.594,1606,186.2963753,1.163,0.04,0.345,Epithermal
Freiberg kb,FG,"Frenzel et al., 2020",82300,3720,13.55,124.6,0.03,0.35,1.985,1630,149.5977694,0.723,0.04,0.455,Epithermal
Freiberg kb,FG,"Frenzel et al., 2020",83710,3672,13.35,1090,0.03,0.35,4.26,1654,127.0527181,5.71,0.04,0.549,Epithermal
Freiberg kb,FG,"Frenzel et al., 2020",79940,3638,12.73,296.5,0.03,0.35,2.91,1670,350.8982966,0.537,0.04,0.65,Epithermal
Freiberg kb,FG,"Frenzel et al., 2020",78950,3390,13.37,712,0.076,0.35,3.744,1685,344.2979443,0.654,1.496,21.5,Epithermal
Freiberg kb,FG,"Frenzel et al., 2020",87250,3636,13.36,6910,0.03,0.35,17,1737,337.2501287,16.1,0.04,0.928,Epithermal
Freiberg kb,FG,"Frenzel et al., 2020",84600,3609,13.2,2750,0.03,0.35,5.53,1725,249.7585764,13.7,0.04,0.856,Epithermal
Freiberg kb,FG,"Frenzel et al., 2020",79800,3610,12.94,158.4,0.03,0.35,2.604,1732,185.2972974,0.89,0.04,0.755,Epithermal
Freiberg kb,FG,"Frenzel et al., 2020",79420,3614,12.62,108.1,0.03,0.35,2.105,1737,121.2951852,1.514,0.04,0.0328,Epithermal
Freiberg kb,FG,"Frenzel et al., 2020",82000,3705,14.84,142.6,0.03,0.35,1.864,1808,158.0972253,0.88,0.187,0.6,Epithermal
Freiberg kb,FG,"Frenzel et al., 2020",80900,3488,15.1,127.5,0.03,0.35,1.743,1825,133.9949666,1.6,0.04,0.162,Epithermal
Freiberg kb,FG,"Frenzel et al., 2020",81180,3471,14.97,109.9,0.03,0.35,1.676,1827,134.9960913,1.249,0.04,0.195,Epithermal
Freiberg kb,FG,"Frenzel et al., 2020",82950,3565,14.99,112.6,0.03,0.35,1.703,1837,136.4958989,1.304,0.04,0.072,Epithermal
Freiberg kb,FG,"Frenzel et al., 2020",81130,3565,14.86,112.8,0.03,0.35,1.734,1860,137.4966235,1.083,0.04,0.0211,Epithermal
Freiberg kb,FG,"Frenzel et al., 2020",79090,3344,14.9,113.5,0.03,0.35,2.236,1852,125.1952215,1.533,0.0286,0.251,Epithermal
Freiberg kb,FG,"Frenzel et al., 2020",81260,3746,14.68,127.83,0.03,0.35,1.676,1876,171.4971002,0.928,0.04,0.1226,Epithermal
Freiberg kb,FG,"Frenzel et al., 2020",80000,3621,14.56,106.46,0.03,0.35,1.779,1860,134.3970838,0.934,0.04,0.0994,Epithermal
Freiberg kb,FG,"Frenzel et al., 2020",81570,3734,14.37,137.6,0.03,0.35,2.17,1866,185.1970225,0.957,0.04,0.0948,Epithermal
Freiberg kb,FG,"Frenzel et al., 2020",80360,3610,14.6,109.42,0.03,0.35,2.827,1858,137.7977584,0.728,0.04,0.68,Epithermal
Freiberg eb,eb01,"Bauer et al., 2019",78393.19237,1647.702584,0.197310032,15.02777381,9.982223341,0.002140915,0.98510594,725.9270244,0.012047572,0.260278877,0.080983419,0.587576836,Epithermal
Freiberg eb,eb01,"Bauer et al., 2019",90098.41835,2071.013011,0.28958599,17.50446288,5.407424425,0.298220862,4.66896557,969.9454489,0.095780521,0.729273922,4.120827413,0.635208878,Epithermal
Freiberg eb,eb01,"Bauer et al., 2019",96234.68619,2787.08984,0.049639388,58.84861884,6.420315682,0.264891859,40.7809173,949.4999872,2.994299537,1.519147487,119.1061875,19.55939215,Epithermal
Freiberg eb,eb01,"Bauer et al., 2019",80680.92155,1642.737275,0.001575719,16.90545258,5.096895634,0.009024471,2.032744377,794.7936556,0.645199061,0.512154096,2.038323191,13.01875079,Epithermal
Freiberg eb,eb01,"Bauer et al., 2019",92797.20892,1405.015502,0.009678512,10.15477659,2.648638614,0.254868894,0.392212614,1036.324041,0.069024358,0.572211305,0.06641668,0.302698803,Epithermal
Freiberg eb,eb01,"Bauer et al., 2019",1481.791364,23.57404125,1.807024011,133.7404499,0.138043639,0.004225094,46.90126267,2219.563097,2.468127128,36.19247794,60.08483856,27.45218361,Epithermal
Freiberg eb,eb01,"Bauer et al., 2019",52.81493741,0.666292366,1.139252438,141.5980643,0.027667937,0.247912336,26.80576316,1813.506686,1.312081265,60.1313917,40.32913376,15.64372348,Epithermal
Freiberg eb,eb01,"Bauer et al., 2019",87059.12624,4339.453301,0.716730421,397.1591837,12.04280376,0.235275383,30.16059923,1229.772167,3.868535539,39.65457609,40.9323176,23.86263005,Epithermal
Freiberg eb,eb01,"Bauer et al., 2019",86408.22792,2630.972135,0.037703359,36.4782029,12.278242,0.275041414,10.08177138,774.7392518,1.272341305,4.018555759,7.045722555,1.342216062,Epithermal
Freiberg eb,eb01,"Bauer et al., 2019",81576.32498,2277.524988,0.019550687,18.4245359,8.691821272,0.000824735,0.733016859,769.2903357,1.301657256,0.614071059,0.035737593,0.371490913,Epithermal
Freiberg eb,eb01,"Bauer et al., 2019",1456.483097,8.718460433,0.119518206,749.8474641,0.062601966,0.001622989,733.2134513,3125.316897,36.81152302,142.9763578,1134.746004,40.51945193,Epithermal
Freiberg eb,eb01,"Bauer et al., 2019",94564.68947,1907.890038,0.011672962,30.70373461,11.2798743,0.692018749,1.535812557,1182.664871,0.070720618,12.3061179,0.212618166,0.473971088,Epithermal
Freiberg eb,eb01,"Bauer et al., 2019",691.9041955,11.21737597,1.153755908,151.1434376,0.091760207,0.033744029,78.19454437,2670.911041,6.205202317,46.22006288,97.71276935,34.38782079,Epithermal
Freiberg eb,eb02,"Bauer et al., 2019",107909.4536,2463.432032,2.039930205,60.11085218,1.9491892,0.015511838,1.700524883,5262.837137,38.52246135,6.891238624,0.037007695,0.13331904,Epithermal
Freiberg eb,eb02,"Bauer et al., 2019",91128.21156,4820.180827,92.70817434,31.17900592,1.327371525,0.000817809,2.594902057,3705.231875,14.0648949,6.698736174,0.039547487,0.345511447,Epithermal
Freiberg eb,eb02,"Bauer et al., 2019",122034.7787,3402.94841,65.38655054,871.9000193,0.812559315,0.822164212,9.24862175,5640.856878,50.50282102,36.89511746,1.20660056,4.303543557,Epithermal
Freiberg eb,eb02,"Bauer et al., 2019",96762.65443,3832.809393,43.81149976,59.72414941,2.591523512,0.002709908,1.819271386,4296.180937,41.8573817,4.706423689,0.006613968,0.201482943,Epithermal
Freiberg eb,eb02,"Bauer et al., 2019",138361.9251,11069.47621,22.80967881,994.3460409,7.718231112,0.435997252,13.85185579,3397.402268,38.78046792,105.8261299,1.430901074,11.84826498,Epithermal
Freiberg eb,eb02,"Bauer et al., 2019",75258.98431,12250.99783,115.9982263,141.6959112,1.855935094,0.000169005,3.644853606,3844.001743,8.621302891,92.27926812,0.000530379,0.373959404,Epithermal
Freiberg eb,eb02,"Bauer et al., 2019",70903.97529,5341.449577,75.58380482,134.2928412,1.153355623,0.031399036,5.186845833,2988.198134,26.70363204,18.61004297,0.927726576,3.776629841,Epithermal
Freiberg eb,eb02,"Bauer et al., 2019",68185.99165,5523.661731,81.19721422,52.17728636,0.901735448,0.008384057,4.554091092,3111.836563,30.11207635,6.957680849,3.031833354,2.094309787,Epithermal
Freiberg eb,eb02,"Bauer et al., 2019",89812.6129,9803.87955,93.35276817,78.25166676,1.242802373,0.024973814,2.300898198,3415.737716,68.11760047,3.797154928,0.005493823,5.557765081,Epithermal
Freiberg eb,eb02,"Bauer et al., 2019",104183.1926,9500.696803,72.7508613,59.35903368,1.304251459,0.000334492,1.773183587,3564.154415,48.02983699,6.665915992,0.01240488,0.104972252,Epithermal
Freiberg eb,eb03,"Bauer et al., 2019",80620.92895,6355.72541,0.023199983,55.4262798,7.283671538,0.01992759,10.47310464,1062.126999,1.260484932,4.827063326,26.43491764,888.4638277,Epithermal
Freiberg eb,eb03,"Bauer et al., 2019",6517.481346,690.2641462,0.367620073,992.1868041,8.01186696,0.02261304,640.8700874,4022.528235,6.110955177,120.5418355,711.2590895,109.3891125,Epithermal
Freiberg eb,eb03,"Bauer et al., 2019",87447.83525,4986.560172,0.102021593,13.65450948,6.411543709,0.05847654,0.688659038,1150.249853,0.900153371,1.147325263,0.344598557,0.381207137,Epithermal
Freiberg eb,eb03,"Bauer et al., 2019",83948.19845,5516.44559,0.025230773,32.24101347,11.66531529,0.006963888,2.098805116,1208.859275,0.981444142,1.644883577,0.291475876,0.544173335,Epithermal
Freiberg eb,eb03,"Bauer et al., 2019",81639.59562,5663.312399,0.023693391,17.50817169,10.27219546,0.004916854,1.053982736,1046.097351,1.007853162,1.000839824,3.341596502,0.395770996,Epithermal
Freiberg eb,eb03,"Bauer et al., 2019",35622.20321,2285.30742,0.023729037,100.4788369,2.575248706,0.022042143,52.6160685,1277.158641,2.889670942,16.98323977,57.84125616,25.85294827,Epithermal
Freiberg eb,eb03,"Bauer et al., 2019",10491.45575,545.9481016,0.016381943,212.6294466,0.688992917,0.033747361,347.3798729,1206.779085,2.092486593,23.38290331,129.5292027,31.72342644,Epithermal
Freiberg eb,eb03,"Bauer et al., 2019",26514.47654,1323.966847,0.023002271,114.7025347,1.950646867,0.037738611,54.58129214,1008.782139,1.491837578,48.16817125,73.76198784,38.58137236,Epithermal
Freiberg eb,eb03,"Bauer et al., 2019",88177.82217,9525.213658,0.217694812,14.26492616,6.437220851,0.045511868,0.663286686,1193.112546,1.413789966,0.98432111,0.085690655,0.263960961,Epithermal
Freiberg eb,eb03,"Bauer et al., 2019",88354.84533,6932.284308,0.060120198,83.45458311,10.3310439,0.186165011,101.9481753,1190.768387,0.879147917,2.255983656,85.50436253,0.855050835,Epithermal
Freiberg eb,eb03,"Bauer et al., 2019",81625.70891,3427.781552,0.021917602,23.12159376,11.05971205,0.236128868,1.798309177,977.8844339,1.210086705,1.085334882,0.001919335,0.283378624,Epithermal
Freiberg eb,eb04,"Bauer et al., 2019",94100.83087,2857.416044,1.61590291,350.2539244,3.647079456,0.227643373,6.944868524,4976.449523,298.3816157,39.61807823,1.247074966,0.777057378,Epithermal
Freiberg eb,eb04,"Bauer et al., 2019",94187.6778,3030.836868,1.639389209,4198.119306,15.41298652,0.265511608,96.8476093,6618.45126,26.33192288,3091.508071,0.043455402,0.213815151,Epithermal
Freiberg eb,eb04,"Bauer et al., 2019",96484.06946,2118.944447,1.280049317,2047.634392,17.08711441,0.01416557,45.42950662,5152.24049,42.86295212,1506.607855,0.043215715,4.211580662,Epithermal
Freiberg eb,eb04,"Bauer et al., 2019",97104.12197,2723.38404,1.195006871,1098.020451,12.92402123,0.005517328,14.23455563,6253.812458,55.44588563,821.4712311,0.009437421,0.242536472,Epithermal
Freiberg eb,eb04,"Bauer et al., 2019",92159.70821,3106.038371,1.61906369,3931.802907,14.99615257,0.002246468,93.7311254,6938.586141,92.80070612,2939.840261,0.084554455,0.254675385,Epithermal
Freiberg eb,eb04,"Bauer et al., 2019",103829.1448,1189.950993,0.652329547,957.2435143,16.85365245,0.024865308,13.01305168,5306.166791,15.06786539,705.9678015,6.17E-05,0.116595218,Epithermal
Freiberg eb,eb06,"Bauer et al., 2019",88034.50502,3484.582776,0.442491819,619.0067829,11.0534078,0.668095434,17.07976345,2585.691921,7.333598864,429.3365795,6.28401089,0.335164042,Epithermal
Freiberg eb,eb06,"Bauer et al., 2019",88478.38633,3397.760867,0.525426221,502.1310161,10.5604678,0.686890141,9.653009934,2644.082699,5.658579988,354.8895443,1.205493174,0.787415289,Epithermal
Freiberg eb,eb06,"Bauer et al., 2019",91625.31664,3661.569385,0.304866358,798.419911,9.61803273,0.342710449,43.73808748,2742.361867,6.85243709,487.564116,34.33469135,3.17993833,Epithermal
Freiberg eb,eb06,"Bauer et al., 2019",83462.29957,3217.452224,0.398053917,297.983167,9.212184797,0.293682364,11.93823485,2474.893387,5.775320158,206.5565762,0.09384424,0.202845444,Epithermal
Freiberg eb,eb06,"Bauer et al., 2019",92468.79012,3274.269387,0.272468033,5432.848106,7.987259784,0.888824618,3156.956544,2769.195703,6.551508047,320.4978623,3624.568387,32.30530184,Epithermal
Freiberg eb,eb06,"Bauer et al., 2019",86313.7716,3160.384514,0.135604628,251.9341445,11.15788809,0.265429342,9.372585285,2401.270332,1.667223047,163.6082885,0.170301673,0.532198287,Epithermal
Freiberg eb,eb06,"Bauer et al., 2019",79808.28179,2531.950773,2.92733862,459.6820704,6.400569534,0.253124915,50.80868497,2469.41883,2.140535626,175.531937,28.33974293,4.523949194,Epithermal
Freiberg eb,eb06,"Bauer et al., 2019",86459.76237,2935.897026,3.19E-05,61.60875382,10.18161863,0.42248575,54.62176012,2315.635466,0.686199917,20.33640711,67.38070315,1.057043206,Epithermal
Freiberg eb,eb06,"Bauer et al., 2019",80288.6889,4112.284412,0.157794971,888.9288089,21.10522266,0.253961638,358.0708037,2275.891489,2.964992708,241.979929,234.1718922,6.208729103,Epithermal
Freiberg eb,eb06,"Bauer et al., 2019",81993.60102,3157.101403,0.11373879,602.4367067,7.256687432,2.808190667,611.0033663,2322.612595,1.887261323,22.48151866,481.2425073,2.742737129,Epithermal
Freiberg eb,eb06,"Bauer et al., 2019",97334.8591,3822.317262,0.552574452,683.0453541,9.188379059,0.427838895,12.5416891,2976.75945,6.246240712,476.2816087,0.251819189,0.154607429,Epithermal
Freiberg eb,eb06,"Bauer et al., 2019",84197.60191,3106.521231,0.426342418,236.5378147,12.68725055,0.649711863,9.789545836,2425.605765,4.178804753,152.2886709,0.199739856,0.452344447,Epithermal
Freiberg eb,eb08,"Bauer et al., 2019",96920.42943,589.6605074,2.700889259,1036.991907,33.75409667,0.022275381,11.67939942,5067.90486,87.92750003,649.9116645,0.096742326,0.276090849,Epithermal
Freiberg eb,eb08,"Bauer et al., 2019",98696.57941,6479.360422,2.566439319,122.8410623,6.99383569,0.001017915,2.282589976,5131.654662,95.32414483,13.06909572,0.000271505,0.26495702,Epithermal
Freiberg eb,eb08,"Bauer et al., 2019",99105.03798,3217.800542,15.8869545,968.9840575,4.651747098,0.028741579,8.286279013,4159.867317,164.968677,374.4795626,0.067137413,0.562515502,Epithermal
Freiberg eb,eb08,"Bauer et al., 2019",94757.2168,2913.379779,15.48635268,469.3076294,6.937515661,0.00334301,7.620121785,4002.231377,19.62972763,288.2809008,3.753483442,1.550179799,Epithermal
Freiberg eb,eb08,"Bauer et al., 2019",91540.29048,2269.197459,0.461625574,267.6790315,6.353574716,0.003344533,4.675056061,5091.194179,154.3195227,85.02316704,0.000229774,0.209109911,Epithermal
Freiberg eb,eb08,"Bauer et al., 2019",95013.02074,2366.761747,0.541977374,321.1669805,6.01901671,0.00980053,5.067279984,5178.583954,192.5914648,93.04231962,0.014907613,0.192682739,Epithermal
Freiberg eb,eb08,"Bauer et al., 2019",92404.78093,2041.801239,0.650578495,636.2609831,6.989970137,0.00589418,8.996994037,5335.173409,311.0423286,233.1517879,0.040174745,0.140106302,Epithermal
Freiberg eb,eb08,"Bauer et al., 2019",91185.33851,1517.628168,0.882008683,1082.85154,10.65976803,0.002902568,7.647092889,5382.749165,396.8940953,604.6144068,0.18046732,1.044016133,Epithermal
Freiberg eb,eb08,"Bauer et al., 2019",90830.61697,1542.855729,0.787978476,677.3545531,10.10035297,0.005558768,11.56202483,4988.537361,315.6259013,185.4950691,0.003286039,0.20496547,Epithermal
Freiberg eb,eb08,"Bauer et al., 2019",99071.01284,4280.637117,19.61294435,165.1402958,3.548200099,0.000756363,2.014994283,3790.318185,38.79245347,81.21384233,0.004386414,0.136947867,Epithermal
Freiberg eb,eb09,"Bauer et al., 2019",77309.787,2445.228229,37.82335038,12003.56639,7.402994646,2.0805453,1125.602491,1461.539319,7.900509617,1962.488355,646.1093682,53.58607792,Epithermal
Freiberg eb,eb09,"Bauer et al., 2019",74561.60642,2792.610327,10.51287082,2402.567101,4.933562394,0.236998428,112.5012988,2161.673657,3.750727503,105.5605753,6.07278222,26.00816642,Epithermal
Freiberg eb,eb09,"Bauer et al., 2019",75868.68754,2472.151155,7.196035846,4764.925554,5.52645225,0.258948132,112.283891,1852.043316,3.507327039,229.0373732,9.629592319,22.77259725,Epithermal
Freiberg eb,eb09,"Bauer et al., 2019",81402.02044,5728.950048,3.502917307,2688.654076,5.810177543,0.004308698,89.32035048,2222.915783,2.336171586,49.58036078,4.532025015,24.46182268,Epithermal
Freiberg eb,eb09,"Bauer et al., 2019",67964.96874,4769.070518,1.650671439,15187.80855,4.284723171,0.322504963,475.5153415,2137.176061,2.974520305,154.2077051,47.90434252,100.4244066,Epithermal
Freiberg eb,eb09,"Bauer et al., 2019",82763.85939,7679.73828,1.87118182,8041.087795,12.86010606,0.257212782,298.7595752,2225.336301,4.701569222,120.6761024,54.66929639,50.78668427,Epithermal
Freiberg eb,eb09,"Bauer et al., 2019",84349.5124,7682.916608,1.842681023,4242.360935,11.8153548,0.282474675,147.7408911,2219.034444,4.885430289,146.482162,2.834769642,45.85722949,Epithermal
Freiberg eb,eb09,"Bauer et al., 2019",85085.11536,6003.447274,3.24812869,2320.52423,8.538988327,0.437848584,163.4065398,2285.073818,7.407451177,68.50226727,63.06128027,37.86009988,Epithermal
Freiberg eb,eb12,"Bauer et al., 2019",100330.4122,1565.787494,0.958411389,5994.998834,8.51067677,0.03825533,69.38834984,4960.535277,328.2955298,187.1940808,2.298108472,38.71904229,Epithermal
Freiberg eb,eb12,"Bauer et al., 2019",98599.38405,1057.814879,0.550378895,624.1036998,19.52501992,0.00553359,5.902551608,5265.817126,112.1098452,372.6477692,0.101831485,0.40127488,Epithermal
Freiberg eb,eb12,"Bauer et al., 2019",87874.07884,657.8366594,0.429653383,8808.651362,16.84359573,0.013892116,90.74694239,5590.441259,277.4607552,411.6236609,11.54238243,36.81826332,Epithermal
Freiberg eb,eb12,"Bauer et al., 2019",95385.16015,1690.308821,0.094336762,505.9022715,20.78281214,0.44412464,5.226585624,4832.200341,32.05975413,307.3458258,0.199031034,0.532250484,Epithermal
Freiberg eb,eb12,"Bauer et al., 2019",95175.84257,991.8985337,0.049390029,1535.99336,9.252784121,0.026287576,15.78005927,5203.956226,189.7715543,63.58270918,0.983243499,4.715743379,Epithermal
Freiberg eb,eb12,"Bauer et al., 2019",92911.43558,2101.368197,0.135069071,3527.411316,13.86462478,0.008803368,20.29639785,4970.831374,128.9871497,105.0350303,3.389002923,12.09837512,Epithermal
Freiberg eb,eb12,"Bauer et al., 2019",93363.4926,2728.214376,0.781007642,992.9594123,7.479490827,0.049135835,12.07716294,5359.833121,504.6656918,127.7327827,0.40147802,1.601794793,Epithermal
Freiberg eb,eb13,"Bauer et al., 2019",90854.93597,4898.992257,0.780255308,130.2900619,15.99502213,0.46586937,6.25659837,1867.441176,15.82169555,49.22479745,0.346900315,0.66368299,Epithermal
Freiberg eb,eb13,"Bauer et al., 2019",83692.435,3866.514304,0.314535852,60.63841646,18.55236846,0.291956843,1.691978597,1665.397475,7.681209955,14.5648245,0.067883133,0.104943738,Epithermal
Freiberg eb,eb13,"Bauer et al., 2019",83758.45879,3769.516498,0.320615455,277.5368745,9.211774841,0.243733607,108.968406,1643.34327,4.706898026,75.13719607,120.2157792,0.724129969,Epithermal
Freiberg eb,eb13,"Bauer et al., 2019",89079.76751,4772.245192,1.11927333,81.00871242,10.5340539,0.246485741,3.549698521,1875.1226,9.952015883,34.68151459,0.216787738,0.383845487,Epithermal
Freiberg eb,eb13,"Bauer et al., 2019",86918.8547,4171.098581,0.310380911,202.2996082,13.04943684,6.268298397,31.48106187,1872.546965,5.799239642,39.66443481,25.45025068,2.29929007,Epithermal
Freiberg eb,eb13,"Bauer et al., 2019",89790.95316,5885.624288,0.06595323,234.7015196,16.92829508,0.31070418,71.36410637,1653.866662,5.23746197,66.87255516,110.5931626,3.927966367,Epithermal
Freiberg eb,eb13,"Bauer et al., 2019",81826.45521,3316.154167,0.031841994,180.4731067,6.524689629,0.251190341,8.783758382,1646.141765,2.223037497,119.1768166,0.140382245,0.339326722,Epithermal
Freiberg eb,eb13,"Bauer et al., 2019",84938.21478,3550.58427,0.00889696,189.642234,14.51169518,0.361917635,8.274101617,1818.603492,2.00659303,105.5393075,0.197667221,0.793578417,Epithermal
Freiberg eb,eb13,"Bauer et al., 2019",89243.52211,4145.97094,0.588844123,82.92414012,25.30677459,0.420811355,4.075043164,1940.204773,9.885971939,27.26844471,0.005214311,0.143592558,Epithermal
Freiberg eb,eb14,"Bauer et al., 2019",84263.43415,3769.539292,0.025214885,1491.803571,10.22615263,0.511524999,41.85802752,2115.303751,2.114022884,652.9650996,32.99233048,1.149472571,Epithermal
Freiberg eb,eb14,"Bauer et al., 2019",85935.4762,4566.657323,0.15775175,1623.289068,3.906599842,0.202637504,73.15617748,1740.284455,3.277014985,0.789266101,44.88793604,5.099528461,Epithermal
Freiberg eb,eb14,"Bauer et al., 2019",88032.92767,4701.88047,0.04812686,24.59653646,3.853199344,0.004939344,1.482556316,1733.337085,4.292992699,0.691725742,0.021008666,0.176196779,Epithermal
Freiberg eb,eb14,"Bauer et al., 2019",87141.08481,4227.732928,0.008324877,192.9168003,13.72299402,0.290629043,5.839592433,2069.25017,0.366173502,118.0095074,0.710094598,0.518484578,Epithermal
Freiberg eb,eb14,"Bauer et al., 2019",95273.88461,5927.395149,0.026761678,356.5807637,10.21962306,0.288663968,41.44165164,1860.545421,0.936345425,252.5665778,44.70099092,0.66781536,Epithermal
Freiberg eb,eb14,"Bauer et al., 2019",296.3451259,2.327428142,13.45917728,88.86625907,0.027602254,0.008863355,15.06244863,5306.655553,0.478558188,49.96527753,6.905684936,10.6457128,Epithermal
Freiberg eb,eb14,"Bauer et al., 2019",85786.97163,3130.491935,0.04157032,1354.686918,9.852754978,0.383836457,11.39274117,2049.623474,3.423352681,1039.318204,0.780656789,0.834994841,Epithermal
Freiberg eb,eb14,"Bauer et al., 2019",90055.07665,4505.85093,0.002693088,165.4533245,13.81192738,0.286844639,12.24886683,2165.517196,0.28417434,57.79144369,8.704317183,1.202711127,Epithermal
Freiberg eb,eb14,"Bauer et al., 2019",2234.889583,58.30139304,2.654904959,431.0114315,2.306139622,0.426664426,84.72031866,3738.756572,25.88523983,230.7932306,93.67320442,52.37400253,Epithermal
Freiberg eb,eb14,"Bauer et al., 2019",43949.45684,1139.458924,6.41667801,562.7561742,13.45150726,0.375684917,38.22908214,2114.37722,0.560341155,109.0961086,32.07661093,3.05332461,Epithermal
Freiberg eb,eb14,"Bauer et al., 2019",6245.513093,316.920983,6.107751704,4042.668509,1.825450759,0.001882875,667.3907764,5042.160983,3.562081691,534.0780514,107.9575114,111.7526547,Epithermal
Freiberg eb,eb14,"Bauer et al., 2019",62557.59298,2918.081137,1.095089925,3835.762452,8.854238366,0.003926876,1465.703968,2035.379512,1.089617104,218.6097765,538.6489446,989.7704637,Epithermal
Freiberg eb,eb14,"Bauer et al., 2019",91402.1054,5995.769509,0.023236077,78.31975527,18.1878241,0.307088307,3.430725797,1814.062235,0.284076962,36.95505297,0.094781023,0.353946445,Epithermal
Freiberg eb,eb16,"Bauer et al., 2019",81780.75023,2296.386165,1.115224341,40.8721293,12.48371392,0.002153182,3.819550485,1956.721542,4.351566795,3.5557194,0.068398954,1.020017695,Epithermal
Freiberg eb,eb16,"Bauer et al., 2019",90326.70554,2461.084231,1.22153718,589.4231298,8.312019688,0.251316202,15.74508123,1997.996899,2.271372405,433.0258907,0.500567789,0.403519112,Epithermal
Freiberg eb,eb16,"Bauer et al., 2019",27111.57974,1772.809582,4.287638731,1108.678568,2.706796824,0.515786944,186.3413208,2159.487724,3.744017345,301.8259934,263.0015088,61.51161195,Epithermal
Freiberg eb,eb16,"Bauer et al., 2019",38571.47871,1527.106026,1.175390485,1245.171643,4.105961946,0.039290557,515.5362545,2017.378167,3.259188048,184.4541679,604.7689429,46.11032333,Epithermal
Freiberg eb,eb16,"Bauer et al., 2019",102696.1324,3370.537182,1.034495127,734.1863058,9.771149921,0.303367497,142.7968512,2449.780826,3.910003317,259.0720728,131.1311654,2.852756178,Epithermal
Freiberg eb,eb16,"Bauer et al., 2019",87201.6333,2959.259575,0.87443591,1025.051075,10.6249711,0.28152455,21.69394517,2041.694578,4.304464002,173.8489784,8.151482215,9.222063456,Epithermal
Freiberg eb,eb16,"Bauer et al., 2019",86811.29506,2957.881764,0.990996306,193.9968201,11.07708342,0.010866304,19.64006868,1810.68441,3.215814611,70.41968182,5.941519441,3.150530273,Epithermal
Freiberg eb,eb17,"Bauer et al., 2019",93485.70683,8693.414935,0.012182874,371.9015223,9.290230141,0.00131009,10.98933676,1910.383921,3.03348504,5.974914644,0.476444711,4.144312894,Epithermal
Freiberg eb,eb17,"Bauer et al., 2019",91603.27578,5633.190343,0.122390734,1519.811081,11.45758992,0.489546468,553.665954,1807.731919,1.293225879,189.44838,429.9331422,10.78804381,Epithermal
Freiberg eb,eb17,"Bauer et al., 2019",90792.11539,5898.276613,0.040692108,4004.686506,12.76713596,0.541922277,796.4882282,1786.131347,1.27330946,190.5355605,777.5837455,18.90110573,Epithermal
Freiberg eb,eb17,"Bauer et al., 2019",95371.69025,5965.292239,0.157754601,1279.829559,8.516347065,0.267761493,172.6667097,1879.108996,1.623469866,394.728697,154.2239079,3.876722022,Epithermal
Freiberg eb,eb17,"Bauer et al., 2019",89687.98895,6207.963223,0.125076079,751.0976997,9.522011024,0.038796827,21.46895973,1659.825682,1.809048406,197.5912177,4.65476794,2.78989353,Epithermal
Freiberg eb,eb17,"Bauer et al., 2019",85743.39317,4466.288709,0.023268321,981.7322472,5.655012185,0.290659333,9.306348452,1748.685353,0.994466968,3.745043484,0.930498241,5.036552418,Epithermal
Freiberg eb,eb17,"Bauer et al., 2019",90769.15934,6970.805747,0.0225699,430.7092206,6.367820313,0.017712994,19.79016295,1801.2643,1.188880529,27.3180856,1.442711229,4.27590397,Epithermal
Freiberg eb,eb17,"Bauer et al., 2019",82099.26196,4257.776573,0.075665973,2552.257663,8.976683745,0.515571795,219.8533482,2050.174234,6.154498255,1102.395603,8.480803978,2.459477766,Epithermal
Freiberg eb,eb17,"Bauer et al., 2019",97470.15504,6149.79472,0.084055735,339.3353619,10.0467147,0.021782074,34.95690378,1924.70999,1.228248025,112.8834735,36.92596592,1.638776082,Epithermal
Freiberg eb,eb17,"Bauer et al., 2019",95363.05199,6310.720377,0.066275582,535.6656619,11.82222144,0.002928438,160.1878028,1883.211551,1.055539162,128.4976083,156.886417,2.799307206,Epithermal
Freiberg eb,eb18,"Bauer et al., 2019",77075.11004,4721.12508,2.129036226,4979.095999,11.0946979,0.369101204,161.5763134,2635.030399,7.065417235,921.8228651,20.62215269,52.96081435,Epithermal
Freiberg eb,eb18,"Bauer et al., 2019",84422.10719,3036.03999,3.501148291,1197.586665,11.70966643,0.349691355,33.63797131,2573.94133,4.270031111,848.9223757,0.460308421,1.585494586,Epithermal
Freiberg eb,eb18,"Bauer et al., 2019",79534.2194,3867.207469,8.583952345,5470.024293,11.01991403,0.021207577,159.2833689,2440.174633,10.65053048,98.68731437,24.48399039,55.27327945,Epithermal
Freiberg eb,eb18,"Bauer et al., 2019",78220.78397,3212.560734,0.267476213,1443.782536,19.96043644,0.322027755,102.7081098,1972.311012,3.139892141,179.6576992,29.30935884,159.4150769,Epithermal
Freiberg eb,eb18,"Bauer et al., 2019",80071.35868,2915.439845,0.336621995,987.5982914,18.32702492,0.295350893,368.6751782,2023.547411,3.083020205,265.1910746,234.1187666,17.00336247,Epithermal
Freiberg eb,eb18,"Bauer et al., 2019",78517.59237,5541.242815,1.592968243,3599.299595,13.44601657,0.55358365,157.3434774,2622.871879,5.581856311,1435.747772,29.95928898,15.92444911,Epithermal
Freiberg eb,eb18,"Bauer et al., 2019",82623.11499,1628.789209,0.073493696,218.1101948,5.231571861,0.019480204,137.8487361,1011.11881,2.322744249,24.25347333,247.8560706,0.495731604,Epithermal
Freiberg eb,eb19,"Bauer et al., 2019",82497.81747,1627.553191,0.045325304,11.739391,5.290972114,0.012972968,0.372062742,1035.621762,0.770204939,0.903739465,0.073434452,0.241773281,Epithermal
Freiberg eb,eb19,"Bauer et al., 2019",92734.85604,1829.57954,0.097542457,21.28690816,4.149352658,0.016280088,0.545229082,1219.845306,7.186951708,0.406025452,0.039938156,0.264442785,Epithermal
Freiberg eb,eb19,"Bauer et al., 2019",89866.17829,2084.784561,0.023970696,244.7079782,4.565188846,0.002986179,10.48404068,1193.282641,0.477981753,1.309274242,1.446043556,7.910420534,Epithermal
Freiberg eb,eb19,"Bauer et al., 2019",92277.25182,1895.474248,0.008642943,2861.934007,4.652285992,0.001922213,52.3515061,2023.996921,0.731939847,6.618870751,80.18448364,21.47241112,Epithermal
Freiberg eb,eb19,"Bauer et al., 2019",93012.41706,7006.815869,0.483379348,32.2335634,9.536605398,0.044374441,1.158297306,1212.581312,15.18287408,2.020769428,0.212486166,0.276130596,Epithermal
Freiberg eb,eb19,"Bauer et al., 2019",152.730406,4.922721302,1.418628009,117.251658,0.03202499,0.006778633,32.03105001,1155.458336,14.09565918,29.8666376,50.05741033,22.33908987,Epithermal
Freiberg eb,eb19,"Bauer et al., 2019",404.8576465,5.360279801,3.60714312,294.2147366,0.935324725,0.015970572,222.7171253,1300.653509,12.06608993,18.14074111,255.7442159,85.1489383,Epithermal
Freiberg eb,eb19,"Bauer et al., 2019",81100.34422,1967.65276,0.205930158,43.91400931,9.912745182,0.29078462,15.53311743,829.6719347,9.519873565,3.674664951,15.10312826,2.048090013,Epithermal
Freiberg eb,eb19,"Bauer et al., 2019",88366.11667,2032.231537,0.31217676,24.32103353,5.844987224,0.045624387,1.612077285,935.4280241,11.97003607,0.897018105,0.00015591,0.183510599,Epithermal
Freiberg eb,eb19,"Bauer et al., 2019",84109.511,5562.109281,0.241246924,2035.675887,6.061172098,0.008314422,927.8918355,1856.120314,6.706691586,15.39470089,1043.864659,6.146604749,Epithermal
Freiberg eb,eb19,"Bauer et al., 2019",95232.09114,7103.630833,0.221459564,28.15068542,7.977489413,0.303879281,1.083298556,1526.969888,5.970985865,2.53793642,0.370925433,0.253812122,Epithermal
Freiberg eb,eb19,"Bauer et al., 2019",81377.34814,1737.646458,0.501487481,77.7741121,10.85518877,0.289319233,4.144569859,904.2078404,54.2469692,1.55088806,6.322009169,0.66154611,Epithermal
Freiberg eb,eb19,"Bauer et al., 2019",85057.37776,1894.861673,0.250506154,160.5243936,8.87062135,0.28426573,78.00168542,862.3937739,15.95307427,18.90898553,95.03980322,108.6540162,Epithermal
Freiberg eb,eb20,"Bauer et al., 2019",86458.06709,1278.173491,4.745326951,2041.986107,9.053036978,0.056082735,10.86084836,5719.344707,192.9933641,21.70316251,1.237743333,2.987308118,Epithermal
Freiberg eb,eb20,"Bauer et al., 2019",91728.22783,1692.863379,1.0178007,1555.778927,10.98577753,0.002096223,14.78816036,5824.064511,292.2038809,1015.733854,0.001690563,0.703374699,Epithermal
Freiberg eb,eb20,"Bauer et al., 2019",85690.5972,1571.185259,0.9119292,1991.04552,11.87995494,0.435259547,18.31898796,6112.90957,155.7708622,1279.694946,0.496077771,1.580175875,Epithermal
Freiberg eb,eb20,"Bauer et al., 2019",99898.22759,690.0686497,4.882968838,887.0100073,11.01912088,0.017169739,11.42563328,5765.096122,329.2993414,460.4041525,0.003872974,0.102138285,Epithermal
Freiberg eb,eb20,"Bauer et al., 2019",84199.85392,5377.952427,29.02701762,2373.848465,7.111566538,0.008070005,18.89643453,4995.746752,332.7085473,94.39844119,2.624261337,5.021646519,Epithermal
Freiberg eb,eb20,"Bauer et al., 2019",87894.98312,4897.00766,25.80882384,791.4139052,7.495879032,0.001320942,9.688067179,5867.779326,314.7604495,274.5287251,1.957547358,1.620851089,Epithermal
Freiberg eb,eb20,"Bauer et al., 2019",89026.11355,1463.575427,3.034544107,1952.437738,10.36407255,0.282368202,28.02058279,5623.724296,291.9666889,1407.895638,0.153583061,0.580796466,Epithermal
Freiberg eb,eb20,"Bauer et al., 2019",89474.041,1575.522011,3.575521527,518.0491896,6.265569384,3.31E-05,6.644915191,5561.062759,277.5087978,203.0434171,0.005083582,0.277416201,Epithermal
Freiberg eb,eb20,"Bauer et al., 2019",96521.80913,661.5040801,3.172856032,550.9946251,8.717445789,0.028703319,5.985615426,6119.523119,268.4918018,217.961886,0.092544169,0.306548895,Epithermal
Freiberg eb,eb21,"Bauer et al., 2019",100846.8059,2168.940578,0.12234126,2084.87862,23.81013823,0.036602332,50.35410921,8268.651262,149.2154641,224.6321436,5.590145068,9.93509965,Epithermal
Freiberg eb,eb21,"Bauer et al., 2019",102112.3975,417.7724718,0.507615763,751.3318951,35.74228932,0.004226896,21.64058863,8652.0294,418.6821309,57.98718143,2.114901587,5.81098815,Epithermal
Freiberg eb,eb21,"Bauer et al., 2019",100756.057,414.7554399,0.609662183,1653.903458,35.66225736,0.285351414,31.86841029,6155.59894,865.7527675,396.285321,0.108089821,0.49227984,Epithermal
Freiberg eb,eb21,"Bauer et al., 2019",95792.88618,479.061587,0.255199422,2730.997826,26.20641329,0.253745082,82.98123314,5582.585772,299.3074974,512.0122616,5.805108127,6.87773217,Epithermal
Freiberg eb,eb21,"Bauer et al., 2019",89192.0627,689.8379638,1.790447707,9563.395391,15.72978249,0.021689342,237.4836924,5552.329997,293.6699569,296.6544524,11.41384051,49.20433975,Epithermal
Freiberg eb,eb21,"Bauer et al., 2019",113896.6386,658.2280839,0.414454315,8116.770065,27.15057754,0.169898026,127.5945541,4445.415195,367.3365063,5989.891334,1.493105535,583.6248562,Epithermal
Freiberg eb,eb21,"Bauer et al., 2019",102387.3147,649.6378458,0.233558016,1417.287006,29.69521739,0.31662095,14.40663038,5164.984834,403.5862865,658.4231954,0.088713198,2.539561908,Epithermal
Freiberg eb,eb21,"Bauer et al., 2019",105403.223,832.102604,0.642004819,1565.001425,13.45949608,0.035910853,55.4028227,7171.606165,893.4832777,250.8227246,1.703204882,2.697767936,Epithermal
Angouran,AN14-7-9(S1),"Zhuang et al., 2019",81579,33.27,276.2,1131,202.9,237.5,381.6,5509,20.46,73.95,399.2,561.4,MVT
Angouran,AN14-7-9(S1),"Zhuang et al., 2019",69509,22.48,413.7,1213,133.6,221.2,635.9,7402,3.946,27.13,978.5,454.2,MVT
Angouran,AN14-7-9(S1),"Zhuang et al., 2019",65857,26.35,382.1,508.7,40.73,201.9,400.8,6922,0.822,3.737,509.4,442.8,MVT
Angouran,AN14-7-9(S1),"Zhuang et al., 2019",70722,25.02,371.2,266.3,16.09,249.7,399,6869,0.045,0.795,313.6,276.4,MVT
Angouran,AN14-7-9(S1),"Zhuang et al., 2019",59753,42.47,217.2,583.9,51.8,208.7,235.1,5345,15.2,45.77,235.3,219.9,MVT
Angouran,AN14-7-9(S1),"Zhuang et al., 2019",63482,24.16,407.1,159.6,3.368,149.5,261.3,7533,0.046,0.635,223.6,462.1,MVT
Angouran,AN14-7-9(S1),"Zhuang et al., 2019",56030,23.87,458.8,107.8,1.162,166.6,221,6384,0.039,0.336,201.6,687.1,MVT
Angouran,AN14-7-9(S1),"Zhuang et al., 2019",77999,23.22,449.4,12.52,1.217,335.3,165.8,6323,0.04,0.994,28.12,48.04,MVT
Angouran,AN14-7-9(S1),"Zhuang et al., 2019",69930,27.51,307.4,138.2,5.14,153.4,187.4,6070,0.055,0.822,139.2,334.2,MVT
Angouran,AN14-8-4(S1),"Zhuang et al., 2019",56692,20.56,205.1,173.1,11.44,106.6,145.6,5659,0.051,0.808,87.09,424,MVT
Angouran,AN14-8-4(S1),"Zhuang et al., 2019",73393,26.1,164.2,39.46,5.994,339.4,443.8,7743,0.069,0.75,57.39,198.5,MVT
Angouran,AN14-8-4(S1),"Zhuang et al., 2019",31853,90.62,365.1,363.5,38.34,102.2,214.9,6937,9.059,14.48,160.3,166.8,MVT
Angouran,AN14-8-4(S1),"Zhuang et al., 2019",26560,35.44,257.8,562.2,44.35,39.96,402.1,7394,11.61,26.32,448.7,308.4,MVT
Angouran,AN14-8-4(S1),"Zhuang et al., 2019",43022,75.01,137.8,504.6,44.21,128.1,175.6,6032,3.195,13.47,166.8,191.7,MVT
Angouran,AN14-8-4(S1),"Zhuang et al., 2019",41876,50.72,125.6,504.1,94.6,96.46,158.8,5541,19.64,52.55,140.2,184.2,MVT
Angouran,AN14-8-4(S1),"Zhuang et al., 2019",30351,48.99,136.1,470,123.1,69.21,166,5503,3.915,32.18,203.1,307.6,MVT
Angouran,AN14-8-4(S1),"Zhuang et al., 2019",36416,24.72,196.3,483.3,95.78,112.4,187.5,5448,2.427,16.71,160.7,182.2,MVT
Angouran,AN14-8-4(S1),"Zhuang et al., 2019",39744,68.23,255,893.6,168.7,112,267.6,5209,13.57,71.29,260.9,303.2,MVT
Angouran,AN14-8-4(S1),"Zhuang et al., 2019",44362,97.48,264.9,580.3,98.42,142.8,233.6,5089,7.116,32.66,246.2,205.8,MVT
Angouran,AN14-8-4(S1),"Zhuang et al., 2019",40198,30.71,263.1,969.7,145,132,277.3,6119,3.487,18.9,468,352.9,MVT
Angouran,AN14-8-4(S1),"Zhuang et al., 2019",43124,11.93,490.1,701.9,58.31,83.09,425.8,8398,6.801,14.66,629.7,791.7,MVT
Angouran,AN14-8-4(S1),"Zhuang et al., 2019",22954,7.794,304.1,1060,67.14,326.5,411.3,7811,3.507,21.08,130.4,330.3,MVT
Angouran,AN14-8-4(S2),"Zhuang et al., 2019",12842,4.581,187.8,23.21,1.446,36.21,24.62,3888,0.035,0.65,26.22,35.94,MVT
Angouran,AN14-8-4(S2),"Zhuang et al., 2019",14348,2.532,224,113.3,2.949,381.9,76.29,5873,0.027,0.266,5.295,295,MVT
Angouran,AN14-8-4(S2),"Zhuang et al., 2019",7549,1.862,168.9,11.46,1.444,97.71,47.63,3591,0.016,0.622,6.81,148.8,MVT
Angouran,AN14-8-4(S2),"Zhuang et al., 2019",11365,2.136,172.4,76.68,9.123,254.4,62.15,5396,0.023,0.716,7.101,413.3,MVT
Angouran,AN14-8-4(S2),"Zhuang et al., 2019",14572,3.528,199,53.27,1.895,282.5,67.95,5233,0.072,0.208,7.068,477.5,MVT
Angouran,AN14-8-4(S2),"Zhuang et al., 2019",13680,3.621,219.2,151.6,2.952,464.7,77.34,4930,0.002,0.434,7.697,589.5,MVT
Angouran,AN14-8-7(S2),"Zhuang et al., 2019",30369,8.924,258.2,24.27,4.384,103.6,356.6,8522,0.152,1.524,294.2,268.1,MVT
Angouran,AN14-8-7(S2),"Zhuang et al., 2019",11439,2.287,236,10.5,1.217,55.79,51.02,4559,0.016,0.729,42.88,33.81,MVT
Angouran,AN14-8-7(S2),"Zhuang et al., 2019",25823,4.182,551.7,9.391,1.24,107.4,33.91,551.6,0.012,0.964,10.09,15.56,MVT
Angouran,AN14-8-7(S2),"Zhuang et al., 2019",17104,2.364,305.6,15.53,1.648,95.4,40.74,1700,0.008,0.873,12.5,30.65,MVT
Angouran,AN14-8-7(S2),"Zhuang et al., 2019",43928,6.746,287.1,7.101,1.413,30.21,5.976,1520,0.015,0.533,3.463,11.69,MVT
Angouran,AN14-8-7(S2),"Zhuang et al., 2019",12406,1.928,209.6,6.335,1.264,104.2,23.03,4694,0.032,0.814,21.97,29.46,MVT
Angouran,AN14-8-7(S2),"Zhuang et al., 2019",12364,14.52,158.4,7.361,1.314,32.32,85.46,3023,0.014,0.943,21.42,142.2,MVT
Angouran,AN14-8-7(S2),"Zhuang et al., 2019",18579,6.83,175.7,13.14,1.879,190.2,80.57,2918,0.009,0.558,8.04,233.9,MVT
Angouran,AN13-36-11(S2),"Zhuang et al., 2019",7876,2.011,116.2,153.5,30.74,112.5,246.5,6455,0.324,7.943,22.42,124.4,MVT
Angouran,AN13-36-11(S2),"Zhuang et al., 2019",25811,8.158,152.1,10.78,1.224,299,235.5,5361,0.004,0.904,13.52,403.9,MVT
Angouran,AN13-36-11(S2),"Zhuang et al., 2019",22987,5.738,199.2,10.81,1.407,285.2,6.242,6419,0.014,0.454,25.66,1158,MVT
Angouran,AN13-36-11(S2),"Zhuang et al., 2019",17922,4.588,178.1,11.87,1.113,258.2,20.28,7529,0.05,0.24,31.18,1003,MVT
Qilinchang,HZQ7-8 (Sph-I),"Oyebamiji et al., 2020",248355.53,45.51,0.04,898.4,2.57,325.31,24.25,943.81,0.04,2.68,13.5,32.47,MVT
Qilinchang,HZQ11d (Sph-I),"Oyebamiji et al., 2020",233953.05,17.93,0.06,175.37,1.27,21.34,106.28,1097.89,0.01,0.67,133.84,128.39,MVT
Qilinchang,HZQ11d (Sph-I),"Oyebamiji et al., 2020",96555.91,85.04,0.07,375.46,1.33,30.55,523.255,810.13,0.01,0.54,38.73,176.31,MVT
Qilinchang,HZQ11d (Sph-I),"Oyebamiji et al., 2020",229541.67,100.18,0.06,605.65,0.03,1.16,368.785,872.38,0.01,0.21,11.26,80.64,MVT
Qilinchang,HZQ13-6 (Sph-I),"Oyebamiji et al., 2020",100247.14,14.29,0.23,342.83,1.12,0.92,147.28,889.42,0.31,0.46,69.39,82.49,MVT
Qilinchang,HZQ13-6 (Sph-I),"Oyebamiji et al., 2020",53050.12,80.69,0.13,1582.56,0.32,48.41,33.065,795.39,0.01,0.17,3.86,9.77,MVT
Qilinchang,HZ13-11 (Sph-I),"Oyebamiji et al., 2020",184573.64,18.72,3.63,440.24,6.25,16.42,92.6,870.97,0.11,0.85,45.75,484.06,MVT
Qilinchang,HZ13-11 (Sph-I),"Oyebamiji et al., 2020",181210.42,15,0.17,11.18,0.64,0.67,3.2,825.47,0.48,0.23,0.51,0.56,MVT
Qilinchang,HZ13-11 (Sph-I),"Oyebamiji et al., 2020",201818.01,29.45,0.12,9.15,0.83,0.72,4.33,919.52,0.07,0.28,0.63,1.39,MVT
Qilinchang,HZ13-11 (Sph-I),"Oyebamiji et al., 2020",100184.02,22.58,0.17,12.42,0.51,2.05,4.91,812.74,0.39,0.49,3.26,4.97,MVT
Qilinchang,HZQ-5-7 (Sph-I),"Oyebamiji et al., 2020",149995.2,113.4,0.2,863.7,0.01503878,271.3,29.8,1357.5,0.021924011,0.4,2.9,0.0002969,MVT
Qilinchang,HZQ-5-7 (Sph-I),"Oyebamiji et al., 2020",125800.3,70.4,0.1,361.5,0.2,102.8,42.1,1475.9,0.00013096,0.2,20.1,0.027607969,MVT
Qilinchang,HZQ-5-7 (Sph-I),"Oyebamiji et al., 2020",4857.4,9.2,0.011838969,65.5,4.2,10.7,9.2,1692.3,0.2,0.1,20,0.008364844,MVT
Qilinchang,HZQ-5-7 (Sph-I),"Oyebamiji et al., 2020",3388.4,9,0.014467263,65.6,4.6,4.2,32.1,1774.1,0.5,0.5,30.5,0.001250395,MVT
Qilinchang,HZQ-5-2 (Sph-I),"Oyebamiji et al., 2020",27832.3,14.3,0.1,15,0.3,0.7,15.2,1272,1.3,0.2,1.1,0.010660644,MVT
Qilinchang,HZQ-5-2 (Sph-I),"Oyebamiji et al., 2020",25058.4,11.8,0.003275609,21.8,3.6,0.8,8.1,1006.6,8.9,0.1,0.00763005,0.049902749,MVT
Qilinchang,HZQ-5-2 (Sph-I),"Oyebamiji et al., 2020",22236.9,9.4,0.014114313,40.6,3.9,0.8,4.5,1015.5,33.9,0.2,0.1,0.033174436,MVT
Qilinchang,HZQ-5-2 (Sph-I),"Oyebamiji et al., 2020",22000.8,9.4,0.009878536,37.4,4.6,0.7,3.1,983.9,31.7,0.00929323,0.4,0.031233369,MVT
Qilinchang,HZQ-5-2 (Sph-I),"Oyebamiji et al., 2020",20267.2,13.6,0.2,72.4,4.1,0.8,61.9,1085.3,38.1,0.3,8.6,0.009072365,MVT
Qilinchang,HZQ-5-2 (Sph-I),"Oyebamiji et al., 2020",21267.8,9.7,0.1,35.1,5.9,1.3,1.6,977.3,28.3,0.1,0.2,0.032292652,MVT
Qilinchang,HZQ-5-2 (Sph-I),"Oyebamiji et al., 2020",22724.6,13.1,0.1,108.8,8.8,21.2,9.6,968.5,0.5,15.5,3.1,0.001513704,MVT
Qilinchang,HZQ-5-2 (Sph-I),"Oyebamiji et al., 2020",25479.3,14.7,0.000193074,137.4,8.7,34.4,11.9,1016.4,0.2,6.7,1.1,0.049262433,MVT
Qilinchang,HZQ-5-2 (Sph-I),"Oyebamiji et al., 2020",26272.5,14.9,0.031070994,109.2,3.9,28,32.6,1035,0.018859191,0.8,4.1,0.013518126,MVT
Qilinchang,HZQ-5-2 (Sph-I),"Oyebamiji et al., 2020",35980.2,21.7,0.031014565,202.2,5.1,61,8,1122.6,0.026053955,0.7,2,0.02460716,MVT
Qilinchang,HZQ-5b-7 (Sph-I),"Oyebamiji et al., 2020",14596.2,13,0.003063317,445.9,0.5,1.3,50.1,1071.1,3.8,1.2,7.2,0.03104222,MVT
Qilinchang,HZQ-5b-7 (Sph-I),"Oyebamiji et al., 2020",6458.6,9,0.029678367,33.6,1,1.3,20.8,1003,2.4,1.1,10,0.003265113,MVT
Qilinchang,HZQ-5b-7 (Sph-I),"Oyebamiji et al., 2020",34829.7,36.7,0.013092973,269.4,1.2,6.5,145.6,1093.9,6,0.9,120.6,0.024332793,MVT
Qilinchang,HZQ-5b-7 (Sph-I),"Oyebamiji et al., 2020",78351.6,130.2,0.006309859,25.2,0.5,3.2,9.8,1623.5,0.011535694,0.9,21,0.019592146,MVT
Qilinchang,HZQ-5b-7 (Sph-I),"Oyebamiji et al., 2020",18207.1,21.5,0.017384657,526,1.1,0.5,22.5,979.3,7,1.2,1.6,0.043426467,MVT
Qilinchang,HZQ-11c (Sph-I),"Oyebamiji et al., 2020",41325.4,35.3,0.020918953,356.4,1.5,118.1,26.7,1132.9,0.022572932,1.2,38.6,0.027510091,MVT
Qilinchang,HZQ-11c (Sph-I),"Oyebamiji et al., 2020",32261.5,24,0.02552131,234.6,1.1,72.1,24.6,1191.8,0.012873733,1.1,40.5,0.035179376,MVT
Qilinchang,HZQ-11c (Sph-I),"Oyebamiji et al., 2020",31905.2,31.6,0.024994178,273.3,1,90,23,1124.7,0.008392552,0.4,27,0.003628626,MVT
Qilinchang,HZQ-11c (Sph-I),"Oyebamiji et al., 2020",48836.7,48.8,0.015013537,421.8,1.4,136.9,78.5,1115.2,0.014728278,1.1,60.5,0.039110929,MVT
Qilinchang,HZQ-11c (Sph-I),"Oyebamiji et al., 2020",112680.3,115.2,0.031986414,24.1,0.1,5.9,53.4,1770.9,0.009043911,0.1,10.4,0.006867264,MVT
Qilinchang,HZQ-13-10 (Sph-I),"Oyebamiji et al., 2020",33261.3,157.4,0.033328068,202.8,2.9,55.1,11.1,1767.6,0.3,1.5,7.7,0.018214234,MVT
Qilinchang,HZQ-13-10 (Sph-I),"Oyebamiji et al., 2020",49078.8,122.3,0.023302642,27.3,0.5,19.7,8.1,1237.7,0.006550572,0.2,6.8,0.005194696,MVT
Qilinchang,HZQ-13-10 (Sph-I),"Oyebamiji et al., 2020",1888.9,22.2,0.016248072,402.2,71.2,55.7,6.5,1108,2.3,0.2,43.8,0.024951149,MVT
Qilinchang,HZQ-13-10 (Sph-I),"Oyebamiji et al., 2020",1916.2,23.3,0.013620497,408.8,55.6,55.1,10.4,1420.4,0.6,0.004575977,60.3,0.027054824,MVT
Qilinchang,HZQ-13-10 (Sph-I),"Oyebamiji et al., 2020",1896.2,4.6,0.1,9.3,1.7,0.6,5.5,1170.7,0.7,0.4,1.5,0.043281091,MVT
Qilinchang,HZQ-13-10 (Sph-I),"Oyebamiji et al., 2020",855.8,39.3,0.006225414,244.9,35.6,35.6,22.1,1077.4,2.5,7.4,10.3,0.019954337,MVT
Qilinchang,HZQ-13-10 (Sph-I),"Oyebamiji et al., 2020",19345.9,8.3,0.011045142,23.2,2,0.6,11.8,773.5,7.1,0.2,5.4,0.029712094,MVT
Qilinchang,HZQ-13-10 (Sph-I),"Oyebamiji et al., 2020",42921,18.1,0.01605456,10.1,0.5,0.4,49.4,1116.9,0.001830217,0.3,7.7,0.04795285,MVT
Qilinchang,HZQ-13-10 (Sph-I),"Oyebamiji et al., 2020",21476,13.7,0.019839267,44,0.6,2.9,25.5,1063.8,1.5,1.4,4.7,0.042494704,MVT
Qilinchang,HZQ-13-10 (Sph-I),"Oyebamiji et al., 2020",22936,7.8,0.1,17.2,1.2,0.5,18.3,784.4,0.6,0.2,10.8,0.023779686,MVT
Qilinchang,HZQ-13-16 (Sph-I),"Oyebamiji et al., 2020",20816.29,14.89,0.11,69.14,5.76,6.78,35.16,1018.69,0.65,1.48,537.65,0.031554972,MVT
Qilinchang,HZQ-13-16 (Sph-I),"Oyebamiji et al., 2020",22343.05,98.06,0.04,126.44,5.57,27.44,47.22,1062.74,0.09,0.94,33.2,0.01445666,MVT
Qilinchang,HZQ-13-16 (Sph-I),"Oyebamiji et al., 2020",47753.2,109.12,0.01,617.9,5.94,158.02,50.58,1128.8,0.05,1.59,31.1,0.00230039,MVT
Qilinchang,HZQ-13-16 (Sph-I),"Oyebamiji et al., 2020",1301.25,19.43,0.01,62.35,4.75,4.97,3.75,879.14,4.7,16.95,1.8,0.041773966,MVT
Qilinchang,HZQ-13-16 (Sph-I),"Oyebamiji et al., 2020",8572.47,5.15,0.03,36.67,1.01,1.1,36.48,751.4,2.31,0.27,25.5,0.020430934,MVT
Qilinchang,HZQ-13-16 (Sph-I),"Oyebamiji et al., 2020",30392.55,12.31,0.008143844,8.09,0.57,0.72,4.95,811.66,0.82,0.23,0.8,0.016700244,MVT
Qilinchang,HZQ-13-16 (Sph-I),"Oyebamiji et al., 2020",22875.12,135.37,0.03,220.58,3.71,61.24,8.6,1198.43,0.26,2.3,10.09,0.004014679,MVT
Qilinchang,HZQ-13-16 (Sph-I),"Oyebamiji et al., 2020",19880.35,7.81,0.1,18.08,4.22,0.13,4.57,694.98,6.15,0.12,0.46,0.038604153,MVT
Qilinchang,HZQ-13-16 (Sph-I),"Oyebamiji et al., 2020",17411.19,120.17,0.010338658,361.26,16.02,102.13,9.48,1026.26,0.07,1.41,1.38,0.033963586,MVT
Qilinchang,HZQ-3-1 (Sph-I),"Oyebamiji et al., 2020",146665.39,10.95,0.21,6783.05,320.98,129.13,14.87,862.16,14.75,13.61,142.81,9.48,MVT
Qilinchang,HZQ-3-1 (Sph-I),"Oyebamiji et al., 2020",132291.02,10.47,0.2,3864.3,225.14,107.92,21,950.06,9.96,9.23,149.34,15.23,MVT
Qilinchang,HZQ-3-1 (Sph-I),"Oyebamiji et al., 2020",153833.77,12.83,0.33,222.5,22.63,7.96,9.74,1321.08,0.02,0.3,14.62,11.79,MVT
Qilinchang,HZQ-3-1 (Sph-I),"Oyebamiji et al., 2020",182010.67,12.99,0.17,256.45,26.86,9.67,5.995,1110.03,2.51,3.07,7.6,5.49,MVT
Qilinchang,HZQ-11a (Sph-I),"Oyebamiji et al., 2020",62434.6,33.2,0.1,12.9,0.1,2.1,11.3,1502.2,0.008652405,0.2,10,0.007002282,MVT
Qilinchang,HZQ-11a (Sph-I),"Oyebamiji et al., 2020",61119.3,32.3,0.009692922,257.1,1.2,90.2,15.7,1464.8,0.017468189,0.4,0.2,0.027041237,MVT
Qilinchang,HZQ-11a (Sph-I),"Oyebamiji et al., 2020",51686,27.9,0.004139556,7.8,0.1,0.1,37.3,1639.7,0.002103277,0.3,12,0.026668914,MVT
Qilinchang,HZQ-11a (Sph-I),"Oyebamiji et al., 2020",59419.3,31,0.1,261.5,1.1,93.3,23.4,1507.7,0.005350657,0.2,5.8,0.033809562,MVT
Qilinchang,HZQ-3-3 (Sph-II),"Oyebamiji et al., 2020",1812.49,10.67,0.02,35.57,12.3,7.96,6.79,1222.42,0.01,0.43,4.19,2.14,MVT
Qilinchang,HZQ-3-3 (Sph-II),"Oyebamiji et al., 2020",1023.14,6,0.02,237.69,89.63,55.85,8.28,629.16,1.71,0.47,17.32,2.37,MVT
Qilinchang,HZQ-3-3 (Sph-II),"Oyebamiji et al., 2020",1353.83,8.48,0.02,65.21,36.61,14.27,1.65,906.64,0.11,0.25,0.07,0.05,MVT
Qilinchang,HZQ-3-3 (Sph-II),"Oyebamiji et al., 2020",144.28,27.85,0.02,685.36,13.71,204.7,28.57,900.91,0.62,5.73,61.35,5.35,MVT
Qilinchang,HZQ-3-3 (Sph-II),"Oyebamiji et al., 2020",1595.28,9.29,0.02,21.13,8.87,3.02,5.21,1082.27,1.38,3.44,0.96,1.58,MVT
Qilinchang,HZQ-3-3 (Sph-II),"Oyebamiji et al., 2020",1406.94,7.01,0.02,36.74,16.41,6.29,0.56,994.94,0.63,5.06,0.03,0.06,MVT
Qilinchang,HZQ-3-3 (Sph-II),"Oyebamiji et al., 2020",929.98,6.55,0.02,48.04,13.59,3.99,6.02,843.83,7.08,17.36,0.12,1.34,MVT
Qilinchang,HZQ-3-3 (Sph-II),"Oyebamiji et al., 2020",895.31,6.37,0.02,33.49,10.46,3.26,13.17,838.45,6.47,11.92,0.9,1.97,MVT
Qilinchang,HZQ-3-3 (Sph-II),"Oyebamiji et al., 2020",1136.05,7.8,0.02,64.08,31.4,10.48,3.62,983.91,0.84,3.64,0.54,0.97,MVT
Qilinchang,HZQ-3-3 (Sph-II),"Oyebamiji et al., 2020",2081.54,13.7,0.02,182.6,15.1,14.87,49.25,1608.48,0.03,0.45,118.21,24.13,MVT
Qilinchang,HZQ-4-1 (Sph-II),"Oyebamiji et al., 2020",12792.11,11.16,0.02,2.13,0.01,0.09,1.17,824.3,9.57E-05,0.06,0.02,0.01,MVT
Qilinchang,HZQ-4-1 (Sph-II),"Oyebamiji et al., 2020",9562.18,9.31,0.03,5.06,0.88,0.12,2.51,743.79,0.014352454,0.06,0.02,0.01,MVT
Qilinchang,HZQ-4-1 (Sph-II),"Oyebamiji et al., 2020",11499.43,10.84,0.02,57.56,1.38,26.38,5.95,776.84,0.009485633,0.16,0.56,1.45,MVT
Qilinchang,HZQ-4-1 (Sph-II),"Oyebamiji et al., 2020",11111.6,10.43,0.02,82.84,2.86,37.07,1.68,804.73,0.01,0.24,0.02,0.04,MVT
Qilinchang,HZQ-4-1 (Sph-II),"Oyebamiji et al., 2020",9793.46,9.84,0.02,2.29,0.12,0.08,1.45,849.96,0.01,0.06,0.48,0.66,MVT
Qilinchang,HZQ-4-1 (Sph-II),"Oyebamiji et al., 2020",11354.87,10.57,0.02,6.04,0.28,0.35,16.79,770.16,0.020615599,0.06,2.78,5.14,MVT
Qilinchang,HZQ-4-1 (Sph-II),"Oyebamiji et al., 2020",16352.4,13.09,0.02,2.84,0.03,0.08,3.94,869.68,0.026861156,0.06,0.04,0.21,MVT
Qilinchang,HZQ-4-1 (Sph-II),"Oyebamiji et al., 2020",14739.62,12.51,0.02,37.73,0.65,18.05,2.48,774.35,0.005073223,0.15,0.02,0.03,MVT
Qilinchang,HZQ-4-1 (Sph-II),"Oyebamiji et al., 2020",13911.12,11.85,0.02,2.2,0.15,0.09,3.05,777.87,0.019251169,0.06,0.02,0.08,MVT
Qilinchang,HZQ-4-1 (Sph-II),"Oyebamiji et al., 2020",12334.48,10.65,0.02,50.25,1.78,22.29,2.53,771.55,0.01,0.75,0.06,0.4,MVT
Qilinchang,HZQ-5-9 (Sph-II),"Oyebamiji et al., 2020",10443.8,11.17,0.03,17.55,0.46,2.17,18.54,761.72,0.22,0.2,13.97,13.42,MVT
Qilinchang,HZQ-5-9 (Sph-II),"Oyebamiji et al., 2020",7742.1,9.83,0.03,12.55,0.15,0.49,16.92,677.93,0.01,0.07,13.76,7.43,MVT
Qilinchang,HZQ-5-9 (Sph-II),"Oyebamiji et al., 2020",7826,10.57,0.03,11.95,1.52,0.24,17.28,656.32,0.05,0.07,2.13,9.65,MVT
Qilinchang,HZQ-5-9 (Sph-II),"Oyebamiji et al., 2020",7398.03,7.45,0.02,15.61,2.87,0.78,10.6,662.75,9.43,0.17,4.93,17.46,MVT
Qilinchang,HZQ-5-9 (Sph-II),"Oyebamiji et al., 2020",11987.62,11.64,0.05,10.86,0.76,0.3,11.86,710.54,0.04,0.1,3.5,11.46,MVT
Qilinchang,HZQ-5-9 (Sph-II),"Oyebamiji et al., 2020",10070.1,14.47,0.02,227.13,25.89,89.93,13.11,697.29,0.39,9.63,3.9,6.33,MVT
Qilinchang,HZQ-5-9 (Sph-II),"Oyebamiji et al., 2020",11637.81,11.12,0.02,26.39,3.2,7.11,5.86,692.33,0.66,0.98,5.64,5.76,MVT
Qilinchang,HZQ-5-9 (Sph-II),"Oyebamiji et al., 2020",12332.72,13.57,0.02,119.57,3.23,53.26,20,739.19,0.09,1.7,5.95,12.27,MVT
Qilinchang,HZQ-5-9 (Sph-II),"Oyebamiji et al., 2020",8807.31,9.14,0.05,69.22,2.19,46.09,37.64,708.65,0.09,1.03,11.47,52.06,MVT
Qilinchang,HZQ-5-9 (Sph-II),"Oyebamiji et al., 2020",10362.54,12.8,0.02,54.74,1.64,19.42,19.9,694.15,0.06,0.3,10.31,27.54,MVT
Qilinchang,HZQ-7-3 (Sph-II),"Oyebamiji et al., 2020",12975.03,11.74,0.02,4.18,0.04,0.14,10.72,764.67,0.01,0.06,1.91,3.48,MVT
Qilinchang,HZQ-7-3 (Sph-II),"Oyebamiji et al., 2020",9801.53,9.48,0.02,3.12,1.19,0.3,0.85,829.89,0.020977731,0.07,0.02,0.02,MVT
Qilinchang,HZQ-7-3 (Sph-II),"Oyebamiji et al., 2020",9275.43,8.83,0.02,2.26,0.49,0.1,1.12,728.2,0.000844739,0.07,0.02,0.06,MVT
Qilinchang,HZQ-7-3 (Sph-II),"Oyebamiji et al., 2020",8625.99,8.19,0.02,57.88,2.57,25.34,1.21,731.14,0.024736054,0.33,0.11,0.17,MVT
Qilinchang,HZQ-7-3 (Sph-II),"Oyebamiji et al., 2020",9290.34,8.93,0.02,1.57,0.15,0.09,1.02,871.46,0.005863135,0.06,0.02,0.02,MVT
Qilinchang,HZQ-7-3 (Sph-II),"Oyebamiji et al., 2020",9917.01,9.75,0.02,1.48,0.03,0.09,1.5,923.72,0.012435987,0.06,0.02,0.02,MVT
Qilinchang,HZQ-7-3 (Sph-II),"Oyebamiji et al., 2020",9631.88,9.39,0.02,2.11,0.06,0.09,2.37,835.76,0.005934017,0.06,0.03,0.02,MVT
Qilinchang,HZQ-7-3 (Sph-II),"Oyebamiji et al., 2020",9719.32,9.73,0.02,63.54,3.88,27.38,3.45,765.13,0.01,0.37,0.08,0.13,MVT
Qilinchang,HZQ-7-3 (Sph-II),"Oyebamiji et al., 2020",9314.73,9.33,0.02,2.29,0.03,0.12,2.5,942.48,0.003421451,0.06,0.02,0.02,MVT
Qilinchang,HZQ-7-3 (Sph-II),"Oyebamiji et al., 2020",8706.01,8.08,0.03,91.71,8.67,38.44,3.51,778.72,0.023808303,0.8,0.08,0.59,MVT
Daliangzi,LA1-1,"Yuan et al., 2018",32998.27763,15.52079985,2.224808152,841.0063127,1.765430918,268.8029547,43.69849964,1479.040927,0.003075329,0.906837569,10.98468993,35.42394319,MVT
Daliangzi,LA1-1,"Yuan et al., 2018",57285.18333,18.72409988,7.127640689,3998.315483,0.322150539,264.2498609,53.38768993,1631.397216,0.011189998,0.544343191,3.737138295,12.21387439,MVT
Daliangzi,LA1-1,"Yuan et al., 2018",38930.77902,17.26989308,2.9830689,1538.625422,0.651585282,271.5899714,32.50238086,528.5721311,0.006756168,0.36375373,6.802242808,50.54110614,MVT
Daliangzi,LA1-1,"Yuan et al., 2018",57682.78191,24.51675024,3.74308059,683.8082743,4.321789927,309.4051891,37.09821432,1054.790417,0.027842666,0.599710119,3.477957593,7.261899433,MVT
Daliangzi,LA1-1,"Yuan et al., 2018",30595.2066,48.94222202,2.77704289,2158.362287,0.526486898,43.47611805,1012.726797,9594.697225,0.050729938,0.798200936,492.042955,2982.957766,MVT
Daliangzi,LA-2,"Yuan et al., 2018",17278.77515,7.616507543,5.561289501,1765.803996,33.1029137,55.17782815,101.6732349,19162.80384,0.354674075,3.053980238,267.1878034,74.69908925,MVT
Daliangzi,LA-2,"Yuan et al., 2018",21493.81077,7.61973015,6.452795776,2593.081999,40.07835634,115.5540385,339.6358224,19175.134,0.378945084,1.086226952,831.0965484,182.3987741,MVT
Daliangzi,LA-2,"Yuan et al., 2018",23378.92895,7.300440917,6.198900732,4825.069714,31.0659086,60.41809867,134.4316976,19479.26724,0.097777163,1.514736763,303.6137987,91.81723031,MVT
Daliangzi,LA-2,"Yuan et al., 2018",2095.077958,3.71033284,2.691493559,212.7365119,16.33192193,24.85214479,31.43513803,4420.650367,2.429608814,18.54717987,34.8791018,58.46666614,MVT
Daliangzi,LA-2,"Yuan et al., 2018",19800.02603,5.677755808,5.675882579,2630.949532,29.40968861,132.624583,270.4942061,15173.15145,0.039618784,0.74470202,621.8182252,155.3843102,MVT
Daliangzi,LA-3,"Yuan et al., 2018",1166.702849,32.05069195,1.233014626,122.2443183,16.46261928,0.445346046,25.09276063,3680.784113,2.667847702,18.47119338,41.85330238,158.5716393,MVT
Daliangzi,LA-3,"Yuan et al., 2018",9217.641557,10.46661444,2.940444285,4992.196329,2.848988431,1.711794929,15.91701383,4668.867551,0.096167216,1.019871345,48.97045289,77.27557789,MVT
Daliangzi,LA-3,"Yuan et al., 2018",11571.88046,9.296223115,2.382692348,8727.541465,45.55968377,18.17733655,75.75286337,3837.437716,0.301838722,1.921976445,743.2883239,139.8901015,MVT
Daliangzi,LA-3,"Yuan et al., 2018",21444.34203,8.596215269,3.123605744,2575.784838,22.35146626,10.16315105,53.71817945,6049.361348,0.039476702,0.461868086,559.486598,127.762661,MVT
Daliangzi,LA-3,"Yuan et al., 2018",7925.922539,4.010553414,2.664244863,4909.312759,7.11411038,7.540609214,14.25018637,4486.47486,0.059490181,1.027807276,145.430611,10.10417839,MVT
Daliangzi,LA-4-1,"Yuan et al., 2018",22676.29871,13.24930324,3.005964727,157.7829305,1.828868734,3.448537944,29.27863571,7030.033808,0.853162151,1.314702791,143.6503403,636.896331,MVT
Daliangzi,LA-4-1,"Yuan et al., 2018",2270.083194,1.251936604,3.429217656,72.57306061,20.68416999,1.328676838,10.4937808,1574.067121,0.106633232,0.763208395,8.00329252,4.223389842,MVT
Daliangzi,LA-4-1,"Yuan et al., 2018",2005.17446,0.77019173,2.04019542,18.65090619,1.241897124,0.105871056,11.64671417,2240.443474,0.197105147,0.56644158,2.071624487,23.43710407,MVT
Daliangzi,LA-4-1,"Yuan et al., 2018",2031.570033,1.032378414,2.556280174,29.53624777,4.76813523,0.203426085,19.70578085,2137.409002,4.168082094,0.841061024,6.607760015,37.08848603,MVT
Daliangzi,LA-5,"Yuan et al., 2018",1668.871228,0.501114128,1.137331667,24.56672621,4.678815863,6.964345423,5.80799786,1483.239865,0.046996428,0.419074121,4.89251831,5.47929452,MVT
Daliangzi,LA-5,"Yuan et al., 2018",14045.80211,4.290317977,4.812272048,202.0088679,0.164894141,69.78652353,31.59718502,2910.480918,0.030793484,0.310463338,38.45121858,43.77912346,MVT
Daliangzi,LA-5,"Yuan et al., 2018",18705.03634,23.27855563,4.598176837,63.53429246,0.186484153,20.87672741,16.5296923,2503.198155,0.017534259,0.256712514,60.4657971,367.5801742,MVT
Daliangzi,LA-5,"Yuan et al., 2018",1378.345478,0.504209959,1.269178386,10.65932337,6.449733799,2.427414606,1.846077653,1336.631223,0.002485105,0.369570545,0.130734249,1.081908009,MVT
Daliangzi,LA-5,"Yuan et al., 2018",8544.60876,2.195015905,7.494191779,75.13412584,14.54053881,26.80341225,4.489018954,1617.430721,0.024506526,0.572876086,11.05196274,3.38574476,MVT
Daliangzi,LA-6-1,"Yuan et al., 2018",20461.50772,6.204475779,6.657125732,1154.209326,27.38003639,64.62034563,800.8348307,7424.996882,0.050742925,0.583735841,949.8921717,563.1695797,MVT
Daliangzi,LA-6-1,"Yuan et al., 2018",2536.185189,0.971611681,3.366523955,91.24116024,86.78193353,2.37665251,8.120790015,2255.56144,0.233628882,3.327121306,9.160635553,2.594808644,MVT
Daliangzi,LA-6-1,"Yuan et al., 2018",13028.82251,6.881048107,4.813850554,449.6707276,17.10651624,5.254006984,152.5170858,6290.969401,0.056797478,0.29974845,202.7794903,130.1248483,MVT
Daliangzi,LA-6-1,"Yuan et al., 2018",8956.895022,3.167588626,4.842681762,1088.85859,86.11881577,15.54963106,222.2886072,4625.486668,0.785842603,4.914759779,320.5069195,93.73025446,MVT
Daliangzi,LA-6-1,"Yuan et al., 2018",1410.80707,1.014858492,1.442521398,16.42417768,12.29170465,0.534242269,2.86005575,1898.054471,0.188171679,1.519404617,1.528053979,1.726989308,MVT
Daliangzi,LA-7,"Yuan et al., 2018",23032.29035,9.212531726,8.34375135,3397.277243,158.6677434,136.948234,2848.523267,11754.48316,0.020181845,0.657447627,1952.833765,1179.196373,MVT
Daliangzi,LA-7,"Yuan et al., 2018",21757.951,7.449983928,8.186140751,5127.149672,236.0314826,203.8366346,4037.330042,9898.714456,0.035846801,0.531359148,3073.406683,1689.508739,MVT
Daliangzi,LA-7,"Yuan et al., 2018",24640.11067,11.41715803,9.860272846,2275.743285,59.75748203,89.54972942,2209.431508,14179.18768,0.015184436,0.586522858,1576.105991,1602.054077,MVT
Daliangzi,LA-7,"Yuan et al., 2018",26144.13865,11.90728855,10.26390975,1563.612468,35.50082641,92.96142227,1711.612665,16458.77512,0.05468319,0.749899698,1004.287049,1087.89755,MVT
Daliangzi,LA-7,"Yuan et al., 2018",24753.51342,12.67612075,9.59214262,2267.093923,47.80214146,79.58374215,2417.97724,14469.42183,0.053529941,0.731447725,1432.910996,1533.820221,MVT
Daliangzi,LA-10,"Yuan et al., 2018",5367.409732,3.798031022,1.032157216,314.452366,201.1457219,81.15984814,32.29095201,3201.225034,0.010283131,0.334057587,67.26320629,28.68705112,MVT
Daliangzi,LA-10,"Yuan et al., 2018",11510.37894,3.333848587,9.379752727,166.6443773,2.416055159,51.69435443,53.212798,2735.120519,0.005862345,0.372018676,143.9638277,76.21049091,MVT
Daliangzi,LA-10,"Yuan et al., 2018",1574.183911,5.076214539,2.098911881,27.60107565,3.703849079,4.408291574,22.45951037,1781.768602,1.443482438,0.461779835,27.3992572,52.99175875,MVT
Daliangzi,LA-10,"Yuan et al., 2018",6634.060766,6.64847637,0.711938609,45.79356736,9.009752235,12.70495195,13.3007969,3394.394122,0.023833798,0.241509412,37.0769324,20.42210507,MVT
Daliangzi,LA-10,"Yuan et al., 2018",11141.33948,5.032967729,3.357874593,8.788712981,0.207873004,2.57750992,5.326085001,1827.898534,0.016794605,0.268514643,10.90780671,12.96443282,MVT
Daliangzi,LA-11,"Yuan et al., 2018",14684.69484,7.331775979,1.875950545,86.90686876,4.893616894,64.70683925,33.26160265,1981.664972,0.134545633,0.664559325,6.076657428,33.19432984,MVT
Daliangzi,LA-11,"Yuan et al., 2018",7508.607383,7.511490504,3.711537401,322.1406879,29.86913061,29.18679204,62.03514739,1841.353097,5.393357818,24.66990292,12.9067704,46.93720525,MVT
Daliangzi,LA-11,"Yuan et al., 2018",6475.489127,5.231903058,1.147482045,20.85457317,1.788495884,3.364601875,15.13638376,2833.146623,0.01480002,0.719242514,2.083535237,26.02496966,MVT
Daliangzi,LA-11,"Yuan et al., 2018",30780.19676,15.41508542,5.348188927,110.4235234,0.987949365,86.33024462,23.22834256,1143.637884,0.041036418,0.589598186,5.668215326,2058.548191,MVT
Daliangzi,LA-11,"Yuan et al., 2018",10471.49444,4.95608451,4.227616009,27.69717967,1.020624733,6.319800608,17.67352999,1749.093234,0.020263012,0.819190699,3.18200423,6774.372641,MVT
Daliangzi,LA-12,"Yuan et al., 2018",35722.8267,33.72290197,3.227173121,6971.38589,8.576323088,305.3224838,84.09102086,1302.209523,0.295231561,1.384858984,154.3430623,97.44948018,MVT
Daliangzi,LA-12,"Yuan et al., 2018",6320.761648,2.461224051,1.323352408,80.10270387,7.147256253,18.85560948,7.29621749,1191.689896,10.11014331,5.380864295,27.87977732,6.075696387,MVT
Daliangzi,LA-12,"Yuan et al., 2018",6475.489127,5.231903058,1.147482045,20.85457317,1.788495884,3.364601875,15.13638376,2833.146623,0.01480002,0.719242514,2.083535237,26.02496966,MVT
Daliangzi,LA-12,"Yuan et al., 2018",14061.94077,7.342347422,2.799510215,832.7413666,38.3070639,77.70971368,9.946766468,2071.041714,0.244200325,0.465816204,9.169284915,4.55436969,MVT
Daliangzi,LA-12,"Yuan et al., 2018",26050.91774,12.86832879,2.33628882,1928.807759,2.603458006,328.1952414,19.31690879,869.3569997,5.771046632,3.670212671,30.13822188,82.48608367,MVT
Daliangzi,LA-13,"Yuan et al., 2018",11060.6121,7.969906697,1.269534155,7992.971663,59.36345553,55.74033383,22.60366641,2069.119633,5.831592167,6.85125586,80.03543106,82.11127797,MVT
Daliangzi,LA-13,"Yuan et al., 2018",12896.19896,6.959853407,2.57750992,8664.73879,2.924445446,154.6313744,27.13977633,4500.551437,0.367982307,0.710016528,63.39021413,20.99872921,MVT
Daliangzi,LA-13,"Yuan et al., 2018",17710.04951,12.52235431,2.433353884,15113.31879,1.947067523,240.1639556,17.38521791,2588.081362,0.391720001,3.043614435,39.95044271,63.38060373,MVT
Daliangzi,LA-13,"Yuan et al., 2018",11586.30111,3.717303642,1.512677335,8106.374411,86.17647818,86.13803657,26.41899615,1932.65192,1.299326402,3.773043976,145.7898042,40.23875478,MVT
Daliangzi,LA-13,"Yuan et al., 2018",11110.5862,6.234268027,2.404522677,4031.5638,9.716116811,155.7846227,16.88547699,3944.109139,1.505950054,6.226579705,131.9508247,1575.144951,MVT
Daliangzi,LA-14,"Yuan et al., 2018",12509.86078,4.169953595,3.368446036,299.5562423,16.22235923,60.8530679,23.93951234,3750.940051,0.030368872,0.525785114,200.4729937,18.9613239,MVT
Daliangzi,LA-14,"Yuan et al., 2018",1160.936608,0.671190503,3.060913159,12.66651034,1.749093234,0.930671367,3.374212277,661.9645162,0.022968862,0.45928113,0.822746548,4.574551535,MVT
Daliangzi,LA-14,"Yuan et al., 2018",9623.856948,2.9830689,3.078211884,611.9904238,9.049154885,18.62495982,12.0994966,4061.356048,0.040171482,0.515790296,38.08602465,11.91689896,MVT
Daliangzi,LA-14,"Yuan et al., 2018",15424.69583,4.867668808,5.229019937,133.9690092,14.81924048,19.11509034,16.31846325,4084.421013,0.005766241,0.502527941,80.80426325,16.55872331,MVT
Daliangzi,LA-14,"Yuan et al., 2018",10943.3652,3.994083231,4.180525037,362.888794,1.111923556,80.22763911,24.64107171,2186.366542,0.100813121,0.461107106,175.3898435,35.41433279,MVT
Daliangzi,LA-16,"Yuan et al., 2018",11249.93703,2.674574984,2.584237201,668.5956939,27.28393237,104.4650739,65.92736036,6370.735741,0.011648705,0.742788,392.8732495,43.99642212,MVT
Daliangzi,LA-16,"Yuan et al., 2018",11973.60033,3.687511395,2.354548584,312.9147016,26.47665857,70.68450954,32.48316006,6770.52848,0.001633768,0.607185223,120.7066539,23.94912274,MVT
Daliangzi,LA-16,"Yuan et al., 2018",16484.72321,7.772893449,5.555773618,237.5691469,1.244547109,21.40236611,17.04885383,6237.151148,0.020566261,0.593057931,45.62058012,14.18495392,MVT
Daliangzi,LA-16,"Yuan et al., 2018",9496.038596,3.66636851,2.355509624,22.33457514,3.846083034,5.229019937,5.697046534,7114.580885,0.007838188,0.694639884,3.616394417,2.583276161,MVT
Daliangzi,LA-16,"Yuan et al., 2018",14691.42213,5.125227592,4.702369887,176.5430918,1.481924048,38.76836322,20.64314432,5771.046632,0.001825976,0.375190109,89.14609252,20.73924835,MVT
Daliangzi,LA-17,"Yuan et al., 2018",569.8007574,0.107924819,0.702808726,271.8782835,16.86625618,9.35092152,56.8263093,2199.821106,4.892655854,4.219927687,273.8003639,33.4634211,MVT
Daliangzi,LA-17,"Yuan et al., 2018",10560.87118,3.805719344,4.55340865,74.81698256,28.93692158,5.231903058,14.84807168,8276.478534,0.041420834,1.24935231,43.33330435,77.45984322,MVT
Daliangzi,LA-17,"Yuan et al., 2018",7250.087559,4.23049913,1.510755255,64.11099431,20.09535139,3.395355162,17.68314039,4738.889416,0.573260502,2.114288525,27.86055651,71.3284065,MVT
Daliangzi,LA-17,"Yuan et al., 2018",5457.747514,3.202186075,2.097950841,968.7285604,374.0368608,149.9222772,51.14656149,5500.994325,0.82111278,16.75093136,235.3587544,62.77514838,MVT
Daliangzi,LA-17,"Yuan et al., 2018",5525.981371,3.341536909,0.930671367,419.8784802,131.6625127,95.36402286,24.91977338,3557.770963,0.946336323,0.707037303,57.88345356,31.60861344,MVT
Daliangzi,LA-18,"Yuan et al., 2018",12507.9387,4.535148885,4.19013544,657.063211,91.33726426,75.12451544,101.1975371,7970.867738,0.041132522,0.906164841,391.143377,86.243751,MVT
Daliangzi,LA-18,"Yuan et al., 2018",4563.980092,1.682781458,0.435927852,431.5070671,145.9820122,89.45362539,72.73152525,3591.407371,0.091587135,0.795453005,138.9664185,57.2395566,MVT
Daliangzi,LA-18,"Yuan et al., 2018",17194.93195,5.859462334,5.84504673,684.4528578,32.34861443,25.50600793,31.51250942,7864.192271,0.536260453,0.465239579,66.1003476,31.71432787,MVT
Daliangzi,LA-18,"Yuan et al., 2018",1563.612468,0.868492063,3.107043091,78.49776668,9.353804641,2.001846817,48.11928474,1984.548092,0.251792542,1.805794608,34.37640933,121.09107,MVT
Daliangzi,LA-18,"Yuan et al., 2018",1651.06713,0.735868511,2.962887055,74.93230739,13.3200177,10.60988423,30.84939165,2132.548289,0.427470698,0.920772652,26.82263306,24.05483717,MVT
Daliangzi,LA-19,"Yuan et al., 2018",8827.15459,3.757667332,3.87010904,123.7819827,7.838244185,14.78079887,77.58477845,7773.854489,0.08072738,0.51492536,100.909225,54.3948775,MVT
Daliangzi,LA-19,"Yuan et al., 2018",21196.7035,11.82079493,5.085824942,115.9975568,0.455725281,6.975230051,96.68064799,12480.06854,0.071501394,0.721549011,117.6313252,126.2806873,MVT
Daliangzi,LA-19,"Yuan et al., 2018",9317.285112,3.638498343,4.548603449,97.35337615,3.945070179,9.975597675,58.78683139,7246.243398,0.629961876,1.864418063,74.79776176,40.09459875,MVT
Daliangzi,LA-19,"Yuan et al., 2018",3584.680089,0.943549306,5.016630045,120.5144459,67.3208687,34.51095496,79.53569013,2053.74299,15.25170858,19.70132489,13.75248581,27.86055651,MVT
Daliangzi,LA-19,"Yuan et al., 2018",1756.781556,0.812367314,2.834107663,116.6702849,52.77071949,47.1582445,48.05201192,1799.067326,12.57040632,1.594365756,16.32807365,13.88703145,MVT
Daliangzi,LA-20,"Yuan et al., 2018",4776.369985,1.856729741,4.985876757,168.0859377,11.86884694,10.18702653,89.70349586,7540.321711,0.197878185,1.035040337,150.2105893,94.47025544,MVT
Daliangzi,LA-20,"Yuan et al., 2018",13575.65441,6.522580098,4.27086282,339.7277243,6.04398206,8.185179711,125.8962712,14478.07119,8.334140948,1.296443282,238.1457711,165.4911291,MVT
Daliangzi,LA-20,"Yuan et al., 2018",25370.50125,10.32157216,5.176162724,463.7980191,14.14651231,20.22028662,61.38164003,10767.49483,0.406616125,0.559613731,141.8495392,67.62840158,MVT
Daliangzi,LA-20,"Yuan et al., 2018",22364.36739,8.147699142,5.895981863,1355.066736,24.79483815,275.3380283,265.82373,7497.0749,10.15819532,1.252235431,756.4347717,232.3795297,MVT
Daliangzi,LA-20,"Yuan et al., 2018",19607.14294,9.009752235,6.029566456,1049.45594,33.0501738,193.7457121,236.5120027,8223.62132,4.018109237,1.309897845,556.8267142,231.6106975,MVT
Bobija,16B07,"Mauer et al., 2019",1330,7.21,0.033399757,1470,14.6,1.01,41.5,965,3.33,650,32.6,99.3,SEDEX
Bobija,16B07,"Mauer et al., 2019",1440,5.58,0.00670341,733,17.6,0.59,38.2,947,2.28,495,113,93.6,SEDEX
Bobija,16B07,"Mauer et al., 2019",1120,6.37,0.027474753,537,51.5,3.18,27.5,969,0.98,309,44.9,98.8,SEDEX
Bobija,16B07,"Mauer et al., 2019",1390,8.67,0.011505614,1500,31.5,1.94,33.2,906,4,1160,52.3,60,SEDEX
Bobija,16B07,"Mauer et al., 2019",1300,7.07,0.004164914,693,49.8,2.84,26.9,970,2.72,771,41.7,94.8,SEDEX
Bobija,16B07,"Mauer et al., 2019",1250,12.4,0.007840808,1320,15.4,1.58,93,876,2.15,583,67.2,91.6,SEDEX
Bobija,16B07,"Mauer et al., 2019",1430,9.47,0.031015734,1470,176,15.9,57.2,928,3.99,1110,87.4,55.3,SEDEX
Bobija,16B07,"Mauer et al., 2019",1460,9.2,0.027800828,1940,174,19.1,74.9,973,4.51,1230,89,74.5,SEDEX
Bobija,16B07,"Mauer et al., 2019",1060,7.82,0.13,626,51.7,2.85,41.8,806,1.13,255,37.1,71.6,SEDEX
Bobija,16B07,"Mauer et al., 2019",1200,9.57,0.11,452,14.9,0.93,34.8,902,1.11,246,29.8,91.1,SEDEX
Bobija,16B07,"Mauer et al., 2019",1230,10.6,0.08,244,13.8,0.78,17.2,940,0.72,141,23.2,47.3,SEDEX
Bobija,16B07,"Mauer et al., 2019",1050,6.33,0.010555416,283,4.98,0.025524992,25.7,920,0.25,1.47,18.7,43.9,SEDEX
Bobija,16B07,"Mauer et al., 2019",1090,6.5,0.020063049,262,5.89,0.79,22.3,898,0.19,20.1,19.2,54.4,SEDEX
Bobija,16B07,"Mauer et al., 2019",1020,5.25,0.003182511,282,5.01,0.004863419,32.8,859,0.25,24.6,62.8,79.5,SEDEX
Bobija,16B07,"Mauer et al., 2019",1200,6.56,0.014337462,402,11,1.44,34.6,930,0.46,69.9,70.9,112,SEDEX
Bobija,16B07,"Mauer et al., 2019",1190,22.8,0.005094023,587,10.1,0.29,56.2,805,0.52,44.2,56.1,173,SEDEX
Bobija,16B07,"Mauer et al., 2019",1130,12.2,0.023260778,390,10.9,0.35,33.5,965,0.53,50.6,34.9,63.1,SEDEX
Bobija,16B06,"Mauer et al., 2019",1170,9.54,0.000469583,238,4.21,0.41,14.8,821,0.47,1.67,7.02,41.4,SEDEX
Bobija,16B06,"Mauer et al., 2019",1270,10.5,0.014710007,368,6.24,0.29,14.7,838,0.4,1.13,7,46.4,SEDEX
Bobija,16B06,"Mauer et al., 2019",1220,18,0.015681895,250,5.47,0.22,17.4,841,0.82,1.39,6.34,421,SEDEX
Bobija,16B06,"Mauer et al., 2019",1310,13.9,0.015201031,137,6.05,0.41,7.51,868,0.73,41.6,4.35,26,SEDEX
Bobija,16B06,"Mauer et al., 2019",1170,16.5,0.022615863,291,6.62,0.48,16.8,831,0.58,50,16.4,76.1,SEDEX
Bobija,16B06,"Mauer et al., 2019",1050,8.97,0.000637584,191,8.52,0.81,18.1,823,0.54,27.2,12.2,69.2,SEDEX
Bobija,16B06,"Mauer et al., 2019",1070,16.7,0.000806776,320,7.19,0.056209415,21.7,811,0.61,1.67,15.1,115,SEDEX
Bobija,16B06,"Mauer et al., 2019",1060,38.8,0.030744306,224,5.69,0.020537444,18.5,840,0.33,3.13,23,207,SEDEX
Bobija,16B06,"Mauer et al., 2019",1200,11.2,0.4,123,1.87,0.002828371,9.6,850,0.62,0.48,9.21,42,SEDEX
Bobija,16B09_2,"Mauer et al., 2019",1370,11.5,0.029887664,144,6.53,0.31,15.7,983,0.73,15.3,15.7,45.1,SEDEX
Bobija,16B09_2,"Mauer et al., 2019",1290,14.1,0.014413048,207,8.64,0.000868712,15.5,963,0.33,1.69,24.7,100,SEDEX
Bobija,16B09_2,"Mauer et al., 2019",1350,22.6,0.003792069,770,9.88,4.08,41.3,972,2.17,452,186,14.7,SEDEX
Bobija,16B09_2,"Mauer et al., 2019",1290,16.3,0.012382875,534,4.52,7.34,29.2,994,1.64,227,80.7,334,SEDEX
Bobija,16B09_2,"Mauer et al., 2019",1490,10.9,0.006980065,1510,4.42,0.57,23.9,979,6.38,1540,87.5,75.5,SEDEX
Bobija,16B09_2,"Mauer et al., 2019",1450,11.8,0.010613463,942,4.8,0.023159507,20.9,945,3.32,744,40.2,66,SEDEX
Bobija,16B09_2,"Mauer et al., 2019",1580,20.9,0.000729783,1790,33.9,6.2,61.6,882,9.14,2470,364,443,SEDEX
Bobija,16B09_2,"Mauer et al., 2019",1560,16.4,0.031501474,369,13.9,1.02,22.8,949,0.67,51.8,35.9,179,SEDEX
Bobija,16B09_2,"Mauer et al., 2019",1580,15.5,0.006556048,806,42.6,2.35,27.9,958,1.9,503,132,119,SEDEX
Bobija,16B09_2,"Mauer et al., 2019",1490,12.3,0.014476457,524,55.8,2.3,35,1010,2.08,122,206,65.1,SEDEX
Bobija,16B09_2,"Mauer et al., 2019",1340,10.1,0.007895398,371,7.01,0.38,22.2,993,2.43,93.3,53.6,91,SEDEX
Yeonhwa,YH01,"Lee et al., 2019",68769.02286,6006.501232,0.04,341.2290882,13.57733028,3.069844458,7.72753045,4639.559271,124.8392562,6.429651424,9.249932096,22.60618292,Skarn
Yeonhwa,YH01,"Lee et al., 2019",72501.41387,6180.967723,0.183325303,175.4024369,27.7877543,2.195146389,3.234850652,4770.707812,116.7573703,3.979764067,0.605944047,0.978796458,Skarn
Yeonhwa,YH01,"Lee et al., 2019",69961.37073,6051.982165,0.181163643,134.638707,19.53436725,1.955376519,5.07080819,4815.394985,120.7792017,2.993236988,6.570421654,6.498338977,Skarn
Yeonhwa,YH02,"Lee et al., 2019",75775.5689,5272.125185,16.46218433,148.9916254,4.622480302,1.235704265,19.73511456,5217.526557,60.08649104,4.487018894,5.246636329,3.502091694,Skarn
Yeonhwa,YH02,"Lee et al., 2019",72560.16429,7164.359392,14.79583165,110.0595503,3.903215379,1.735854245,16.10777964,4925.556979,57.87466428,5.015413107,4.38381527,4.216982548,Skarn
Yeonhwa,YH02,"Lee et al., 2019",73352.08168,4989.83105,10.93598429,140.5125638,3.853924544,2.216522904,17.37071949,5242.384954,61.74664553,4.340556672,4.575230847,3.015705363,Skarn
Gagok,GG_SG400_E01,"Lee et al., 2019",75064.39808,10369.70005,215.4324321,86.73826203,1.186157755,2.710810024,5.135456847,3883.601311,49.26656016,2.60905446,0.082716154,1.912948343,Skarn
Gagok,GG_SG400_E01,"Lee et al., 2019",82343.11485,12101.8407,244.442808,73.06766504,0.717744663,3.553261193,2.698114795,4051.012348,43.87111057,2.193759573,0.084285291,0.417517387,Skarn
Gagok,GG_SG400_E01,"Lee et al., 2019",85638.12128,12745.0309,273.0607852,69.80876845,0.868898386,2.275981645,2.438705162,4026.352919,37.16828011,2.692566697,0.105482887,0.222323751,Skarn
Gagok,GG_SG400_W01,"Lee et al., 2019",40826.4951,1281.648423,1.679775525,430.07712,5.668133826,3.092932131,7.466714763,3831.150448,40.97469219,22.05983142,0.609681162,46.2890806,Skarn
Gagok,GG_SG400_W01,"Lee et al., 2019",41358.49869,1682.428739,2.711857385,682.9074785,1.075936204,2.337530933,6.839089617,4055.291573,42.99023793,1.82529947,0.27082634,1.378881838,Skarn
Gagok,GG_SG400_W02,"Lee et al., 2019",66488.61051,5553.782139,189.5858615,234.9353824,1.187384498,0.836200528,2.429601039,4867.238865,9.286236494,0.566994507,0.092642558,3.143194583,Skarn
Gagok,GG_SG400_W02,"Lee et al., 2019",76615.74713,8454.357825,213.4601349,35.91655213,1.387740971,2.70297525,2.144654199,4213.815571,8.740301179,0.436377071,0.07130067,0.065600748,Skarn
Uljin,UJ,"Lee et al., 2019",87348.7005,922.4774574,13.03457588,119.7826503,2.267168354,2.205410617,2.836428034,4057.491008,79.24871649,3.237989907,0.16937693,0.329828277,Skarn
Uljin,UJ,"Lee et al., 2019",87673.28768,940.2762973,13.24498557,164.4445054,1.871596264,0.926580409,3.881723792,4032.119159,80.8908201,4.025004396,0.186005451,3.687965789,Skarn
Uljin,UJ,"Lee et al., 2019",91016.02564,984.2281974,13.02937924,99.12828314,3.307307034,0.843416417,3.328447191,3960.642135,82.76594005,3.089064175,0.169310779,0.599588674,Skarn
Uljin,UJ,"Lee et al., 2019",96276.68337,1118.386822,11.52108783,82.83703441,6.670607036,2.743672263,5.624600778,3731.392309,82.5943009,7.479039711,0.409780626,1.767626632,Skarn
Uljin,UJ,"Lee et al., 2019",92321.76502,963.4513169,13.49734592,95.058161,6.553007653,2.949258463,4.477857203,3986.037012,81.16083954,18.87649664,0.440485912,1.727110848,Skarn
Sagok,SG,"Lee et al., 2019",27662.73788,1638.764543,5.016954097,25.26185367,1.015608108,2.177595415,2.44570701,3313.908801,12.31375965,3.976202674,0.075045759,0.056945777,Skarn
Sagok,SG,"Lee et al., 2019",27593.13011,1646.044275,4.515406613,24.2382885,1.218564214,2.066334823,2.160389115,3247.874206,13.08609739,3.529705977,0.071627412,0.150635623,Skarn
Sagok,SG,"Lee et al., 2019",28509.34649,1698.545302,5.020903388,27.92204443,1.043640378,2.091891758,2.405184332,3207.888894,12.55745602,3.601466512,0.074194877,0.266351393,Skarn
Janggun,JG01,"Lee et al., 2019",87515.35397,15179.39837,0.441439174,4773.134748,60.58895802,1.070477719,17.66516629,2791.179911,6.865654893,214.2998805,7.866221751,2.392632851,Skarn
Janggun,JG01,"Lee et al., 2019",92518.1194,25751.83823,0.05,5180.307376,65.6651096,3.194459061,27.94229729,2722.44288,1.6546729,343.6202169,17.07906582,4.995781969,Skarn
Janggun,JG01,"Lee et al., 2019",96538.53007,25721.38412,0.176415783,526.991182,60.89434585,2.777176891,7.067223151,2524.975811,1.483390276,61.2620892,1.181206842,0.655908524,Skarn
Janggun,JG02,"Lee et al., 2019",91874.63638,16774.72189,0.04,135.1489809,7.701734044,2.324820789,4.658596381,2800.979031,17.81956124,37.70625859,0.538616438,1.237246725,Skarn
Janggun,JG02,"Lee et al., 2019",92937.16534,19115.6538,0.169107124,717.7240571,5.037064872,2.108788891,11.82036052,2729.372072,4.13555466,8.720566177,3.068229335,7.147609043,Skarn
Shinyemi,SYM01,"Lee et al., 2019",80683.5224,8013.578986,210.7861368,42.07746709,17.5516277,2.621037446,1.851712224,2832.466669,10.02661341,4.544367973,0.118935508,0.282504513,Skarn
Shinyemi,SYM01,"Lee et al., 2019",63825.24252,4433.124541,155.4914516,29.00500807,7.592655892,2.784745076,1.496658475,2956.197815,3.654876082,3.585708792,0.107375719,0.0443992,Skarn
Shinyemi,SYM01,"Lee et al., 2019",77487.02175,7393.642802,201.0635346,34.46190161,9.986734356,3.200992147,1.562052066,2849.45413,3.819926872,4.495467921,0.159969795,0.089325344,Skarn
Shinyemi,SYM01,"Lee et al., 2019",67553.11311,5062.294538,176.7367133,34.54073122,8.499320785,2.204457809,1.313444553,2823.468944,2.45653858,3.991001299,0.153048787,0.085460731,Skarn
Shinyemi,SYM02,"Lee et al., 2019",98690.83845,9986.853462,53.90949688,236.9743051,7.935248547,2.251095998,7.109525798,2586.052521,68.06250968,9.120871166,0.115487616,15.5042274,Skarn
Shinyemi,SYM02,"Lee et al., 2019",99269.32754,9817.670556,54.78035824,119.1992881,10.4519752,2.236385796,3.923982379,2677.12283,65.47860615,6.970396075,0.116333252,0.090246446,Skarn
Shinyemi,SYM02,"Lee et al., 2019",97381.50839,9781.954674,53.56745608,150.5718156,9.563768295,2.554003545,8.059736506,2697.301113,67.55920742,7.703528995,0.11615347,0.090106978,Skarn
Shinyemi,SYM03,"Lee et al., 2019",71849.74029,5222.754085,0.113017441,22.34687936,7.896019198,2.146965012,2.298822814,5894.337203,2.752234899,4.793445456,0.223604167,0.254818029,Skarn
Shinyemi,SYM03,"Lee et al., 2019",76073.51222,5521.107197,0.269447567,27.52915951,11.34242516,2.307194694,8.790056727,6091.441692,2.49906832,4.56843405,4.353087583,4.172113811,Skarn
Shinyemi,SYM03,"Lee et al., 2019",80130.29573,5708.281544,0.827080282,23.1692631,10.47868879,2.380561808,2.407337046,6170.210192,2.384712579,3.511674643,0.502899915,1.009434848,Skarn
Shinyemi,SYM04,"Lee et al., 2019",85257.88087,3473.520085,5.28399989,393.3496572,1.036015126,1.638481101,2.104730562,2260.013482,561.7614881,4.323312573,0.142564029,3.929474461,Skarn
Shinyemi,SYM04,"Lee et al., 2019",86557.98006,4629.793057,4.804958508,491.1153971,2.009290723,1.891114387,2.398849931,2412.290961,630.9697719,22.17981292,0.145460995,0.058481359,Skarn
Shinyemi,SYM04,"Lee et al., 2019",83897.3991,3160.44572,4.391481221,382.0810981,1.382077581,1.699424227,2.334018323,2351.081774,517.758296,4.807124958,0.155768527,0.062625416,Skarn
Imog,IM01,"Lee et al., 2019",90817.41364,20323.80296,0.152990145,105.0536332,51.78360268,3.308564522,14.90329254,2314.786125,0.142032669,5.946054749,0.101739581,0.076187392,Epithermal
Imog,IM01,"Lee et al., 2019",90476.56778,17177.22441,0.110400782,49.28523527,23.74433673,2.616131367,4.258301049,2486.216884,0.271230115,10.55500498,0.099445921,0.074469791,Epithermal
Imog,IM01,"Lee et al., 2019",86697.85959,17219.09432,0.134124115,84.5560063,39.69739407,2.427429473,5.172055984,2691.29802,0.316288516,36.08252066,0.118406826,0.088668611,Epithermal
Imog,IM02,"Lee et al., 2019",98381.4902,10950.74773,0.270275618,90.56530106,60.52385445,2.307098153,6.652002862,3002.554567,0.192304515,4.106469452,0.103115945,0.359801531,Epithermal
Imog,IM02,"Lee et al., 2019",98220.76597,12608.632,0.273208624,95.44549294,26.09534926,2.227890124,8.809117893,2834.679769,0.387230655,5.754754023,0.0908332,1.786443723,Epithermal
Imog,IM02,"Lee et al., 2019",100959.0587,14002.29615,0.253801404,73.93598238,29.93410259,2.440223268,7.709758112,2804.134404,0.259036166,5.592377894,0.096889734,0.286995949,Epithermal
Iuk,IU,"Lee et al., 2019",75462.58272,3354.42038,13.09114636,183.6115096,12.38142396,2.038903679,5.209855731,5200.877387,145.0745483,50.96984205,0.088466719,0.411736097,Epithermal
Iuk,IU,"Lee et al., 2019",78070.72438,3169.126414,12.96847568,176.9003891,15.5766824,2.328593075,6.309037587,5406.843559,166.1537183,34.16993471,0.079807428,0.140737249,Epithermal
Iuk,IU,"Lee et al., 2019",75328.13446,2680.387851,12.12747478,439.5417091,25.10521816,2.451922034,14.85745187,5635.885918,397.1498351,112.0770611,0.097391474,0.431068029,Epithermal
Iuk,IU,"Lee et al., 2019",76133.73813,3132.564104,11.85542798,308.7110712,17.18051135,2.173996842,8.397837697,5476.553522,287.2444696,80.07484715,0.097191548,0.048255339,Epithermal
Dongnam,DN01,"Lee et al., 2019",68827.61593,4045.967946,12.19806686,43.92332455,1.234403232,1.476454652,1.147334343,3495.378751,32.13781931,8.266893489,0.118550357,0.145471449,Skarn
Dongnam,DN01,"Lee et al., 2019",77196.3523,7408.453566,11.38120031,29.33674452,1.330101361,1.539241896,1.204769519,3873.562195,21.07618328,2.815074644,0.120179369,0.066480134,Skarn
Dongnam,DN01,"Lee et al., 2019",78733.99858,7978.938697,11.75932346,33.95860695,1.690860978,2.33483869,1.348204781,3990.451787,27.37261899,3.640772657,0.12559706,0.069477061,Skarn
Dongnam,DN02,"Lee et al., 2019",34603.22611,2976.460422,0.03,110.3557429,1.821956279,1.548170449,3.636509864,2573.28133,0.455251757,114.8806616,0.189342353,0.869180479,Skarn
Dongnam,DN02,"Lee et al., 2019",34506.3717,3985.901855,0.189891816,43.85973805,1.794135931,1.490271689,7.093537507,2074.550574,2.134737342,33.21338668,1.146338121,5.964559246,Skarn
Dongnam,DN02,"Lee et al., 2019",31532.58338,1527.058942,0.054680333,31.23368483,1.697708679,1.862063487,3.550769314,2371.725921,0.282373707,22.09044136,0.362716212,2.260105732,Skarn
Wondong,WD_DH1_360,"Lee et al., 2019",129283.8656,3453.973001,1.311034344,137.9420125,1.404689756,3.779857561,4.785001699,7693.385331,18.09758204,7.287260328,0.143482776,0.359149585,Skarn
Wondong,WD_DH1_360,"Lee et al., 2019",129662.9781,3466.462387,1.208594401,170.2158933,1.784633874,3.639635912,5.370305381,7678.206168,18.29801534,6.211794487,0.140494602,1.035088364,Skarn
Wondong,WD_DH1_360,"Lee et al., 2019",129510.8802,3464.656099,1.288475284,72.80416473,1.433768057,3.008472589,3.106777353,7731.438183,17.74464971,6.61690564,0.114348404,0.069456138,Skarn
Wondong,WD_DH1_442,"Lee et al., 2019",113929.115,2323.430377,1.489746542,131.1525049,1.298052098,3.183800629,6.563627878,5690.239723,7.512824568,4.248852195,0.100459222,0.225320128,Skarn
Wondong,WD_DH1_442,"Lee et al., 2019",113277.0654,2317.969413,1.516990785,82.51590081,1.424713645,2.754306385,4.410462508,5687.906015,7.411721409,4.327038309,0.158932506,0.392149819,Skarn
Wondong,WD_DH1_442,"Lee et al., 2019",119851.4619,2419.127229,1.131271834,86.06112252,1.13095458,3.555552708,5.438877122,5766.451642,7.237622249,4.850562272,0.159648016,0.123683027,Skarn
Wondong,WD_DH2_353,"Lee et al., 2019",117479.9166,4949.043694,3.635060065,172.0220496,1.73087135,2.17311124,3.908274456,5690.535971,37.38347159,7.829592807,0.165684864,0.945900235,Skarn
Wondong,WD_DH2_353,"Lee et al., 2019",122909.6952,5258.783885,3.267135826,131.3073078,1.769569814,2.465256926,4.133600285,5859.622101,38.95418335,6.126849591,0.154279297,1.251240929,Skarn
Wondong,WD_DH2_353,"Lee et al., 2019",121786.5164,5289.697804,3.604894381,128.9765959,1.512153228,2.006769471,3.695729726,5709.941401,40.16541969,5.627740299,0.102532218,0.382346079,Skarn
Seongwoo,SW01,"Lee et al., 2019",64908.65326,573.6306517,85.87369742,27.22899225,2.870495306,1.086284204,2.621018249,11003.30864,2.141077118,6.661020973,0.113249692,0.47685289,Epithermal
Seongwoo,SW01,"Lee et al., 2019",66510.56868,547.6259567,97.6688729,24.13357175,2.983137828,1.833762553,1.917365015,10602.80701,2.160369641,6.192835772,0.065236835,0.522676267,Epithermal
Seongwoo,SW01,"Lee et al., 2019",65844.71273,519.4761621,111.1373605,25.33856392,3.733878377,1.542651483,1.65268676,10593.13332,1.948362669,5.936212405,0.060469355,0.231811668,Epithermal
Seongwoo,SW02_a,"Lee et al., 2019",93735.77049,1911.179861,0.516709427,138.9896227,64.97064603,1.964889096,7.451100115,7604.032451,1.344799436,46.87741491,0.614908653,5.097700126,Epithermal
Seongwoo,SW02_a,"Lee et al., 2019",94588.53993,1903.681562,0.521531586,132.7729616,66.02376148,2.234347197,8.181674287,7563.932174,0.979073249,39.22210926,0.256068248,0.920372857,Epithermal
Seongwoo,SW02_a,"Lee et al., 2019",88135.19624,1846.776728,0.447438261,538.4624291,48.68848989,1.975019593,10.44658555,7022.193829,0.726994579,137.944685,3.58456944,2.152732005,Epithermal
Seongwoo,SW02_b,"Lee et al., 2019",79658.46494,1240.334517,0.865427902,137.2851966,24.74710294,2.478491251,5.673018016,6604.028597,0.861151691,29.57358276,0.157459775,0.184209415,Epithermal
Seongwoo,SW02_b,"Lee et al., 2019",88272.98742,1412.001991,0.603913467,93.9627344,39.92186935,1.951398658,4.732970103,6519.458119,0.643064295,39.73773366,0.189654958,0.350234334,Epithermal
Seongwoo,SW02_b,"Lee et al., 2019",71447.64215,840.2029832,0.82962506,3627.105665,32.98240194,1.400275488,23.13241239,6509.507434,0.338475248,17.601674,7.524583259,7.817956647,Epithermal
Seongwoo,SW02_c,"Lee et al., 2019",74618.62495,1634.502904,0.30010726,163.2759652,40.70200799,2.752715741,13.3689329,6795.930451,0.238227783,65.75774951,6.912415525,3.497650315,Epithermal
Seongwoo,SW02_c,"Lee et al., 2019",76796.74765,1554.530992,0.47114527,1732.455042,42.26156841,2.927483677,23.69832226,6776.730338,5.455024936,1757.282838,3.170621433,2.65730498,Epithermal
Seongwoo,SW02_c,"Lee et al., 2019",74565.40104,1482.594555,0.216238152,1772.832186,44.71151191,2.702122925,27.48102774,6697.20426,5.054849666,1638.36716,6.065379801,3.103734781,Epithermal
Seongwoo,SW02_d,"Lee et al., 2019",76552.85234,987.1541156,0.797060673,55.07319062,6.397592368,2.645371714,4.600957842,7950.624054,8.403366644,21.94795074,0.678418876,0.685843061,Epithermal
Seongwoo,SW02_d,"Lee et al., 2019",77575.90653,984.0101499,1.030996546,95.92128411,9.134372295,1.693794082,10.63898224,8012.862477,8.151573247,16.71862451,4.733674519,11.94640686,Epithermal
Seongwoo,SW02_d,"Lee et al., 2019",72615.58314,629.5991767,0.381036847,336.5938742,19.09740142,0.962024624,8.562311853,8064.078745,8.663451149,6.280587097,3.046325887,16.88019539,Epithermal
Seongwoo,SW02_e,"Lee et al., 2019",77248.8767,1296.083161,2.473930385,41.93475509,8.613553982,3.436285137,4.618808085,7597.933491,1.549953592,17.96181399,0.103789182,0.199974538,Epithermal
Seongwoo,SW02_e,"Lee et al., 2019",78153.88356,1243.533137,2.778057434,104.3907803,6.456578897,3.4555819,6.698132061,7829.628175,1.523106151,11.29872606,2.85987618,2.854929675,Epithermal
Seongwoo,SW02_e,"Lee et al., 2019",69901.0046,1239.492079,4.353374205,42.38398652,6.19536537,2.804251509,4.705828657,7001.668567,0.962646793,18.86498316,0.110960037,0.213790896,Epithermal
Seongwoo,SW02_f,"Lee et al., 2019",74725.24243,1314.95557,0.789964128,174.6267542,49.31337849,0.900054853,9.275542533,7115.947042,0.483334162,95.31885064,2.979682217,0.264498731,Epithermal
Seongwoo,SW02_f,"Lee et al., 2019",76114.66747,1309.370435,0.808042877,99.717706,54.55647024,0.725214495,11.24782719,7219.809381,0.286019159,27.28687778,2.928308876,1.984925273,Epithermal
Seongwoo,SW02_f,"Lee et al., 2019",81425.96866,1397.099595,0.995108146,91.89435797,49.8707476,2.161823454,5.693602092,7126.215337,0.119010809,23.63407187,0.291833623,0.557969974,Epithermal
Seongwoo,SW02_g,"Lee et al., 2019",76141.62448,2529.475384,0.504255311,463.118917,40.01042474,2.621162191,8.174203683,7227.892372,0.501960558,108.3774957,2.056587613,1.491232519,Epithermal
Seongwoo,SW02_g,"Lee et al., 2019",77344.06047,2500.644254,0.555558687,133.2887003,48.60723158,0.930329227,5.553620808,7150.879935,0.09094074,27.10470187,0.622531325,1.109993304,Epithermal
Seongwoo,SW02_g,"Lee et al., 2019",76624.87442,2416.735177,0.742437726,143.8542042,48.67441686,0.883600163,5.313977739,7270.536574,0.218458549,65.80577182,0.091622753,0.265594817,Epithermal
Seongwoo,SW03,"Lee et al., 2019",73628.94295,531.8917096,7.740535167,42.15843725,11.3403251,2.418705367,3.415353676,8640.250691,3.592474456,13.00191117,0.578467665,0.405766118,Epithermal
Seongwoo,SW03,"Lee et al., 2019",74250.6163,579.7309935,8.137384345,43.68902073,11.28026816,1.760988463,2.997582689,8694.548568,3.41513775,10.7923084,0.118208506,0.204074991,Epithermal
Seongwoo,SW03,"Lee et al., 2019",76024.51899,701.3534023,8.193106902,38.75997426,11.4957238,1.649667909,3.069565465,8619.5799,3.705239662,9.931042184,0.244177573,0.240511398,Epithermal
Seongwoo,SW04,"Lee et al., 2019",51112.65478,949.6303704,48.86686951,181.8132351,10.5563752,0.607947155,9.446195075,10315.73705,9.719470663,3.987113475,1.594734006,2.499864646,Epithermal
Seongwoo,SW04,"Lee et al., 2019",47765.13343,1047.962502,47.89694498,408.7040937,18.04758189,0.587484489,11.39255691,10253.06666,9.866935726,3.268280178,0.224954074,2.092026041,Epithermal
Seongwoo,SW04,"Lee et al., 2019",48259.4708,1166.55164,51.71176572,325.2591813,16.71408836,1.62178425,10.14840475,10666.63289,10.82318204,280.8142473,0.078757472,0.404095548,Epithermal
Seongwoo,SW_15-4_338,"Lee et al., 2019",66485.93971,144.4700567,203.2440817,159.8546211,1.909405319,2.601084789,2.237860611,11462.78398,0.915629948,2.512552709,3.298741489,0.554881556,Epithermal
Seongwoo,SW_15-4_338,"Lee et al., 2019",73097.27456,136.21251,294.6156953,30.28828598,1.832198124,1.885559355,1.951589784,11822.53483,1.339502566,3.21340526,0.111922714,0.151707115,Epithermal
Seongwoo,SW_15-4_338,"Lee et al., 2019",67485.36335,127.6744978,271.3085328,51.9550399,1.813801403,1.759161168,1.758009371,11802.30625,1.339659477,3.228405818,0.122301458,0.145856812,Epithermal
Songwon,WSW,"Lee et al., 2019",75940.74478,828.2628915,18.11484751,53.0203555,6.817091672,2.744576219,3.131109798,11000.22639,38.04510385,5.543054371,0.097657415,0.136325891,Epithermal
Songwon,WSW,"Lee et al., 2019",74754.83392,829.7490154,17.41949963,51.05098647,6.535060121,2.808442381,2.094537108,11368.26896,36.38797098,5.96306461,0.09439433,0.14069408,Epithermal
Songwon,WSW,"Lee et al., 2019",74603.77335,824.1166028,17.1716685,54.61035945,6.666271996,3.316106647,2.946477414,11357.12455,38.19265383,5.061495593,0.09401827,0.104027184,Epithermal
Seojin,SJ,"Lee et al., 2019",77858.99457,2181.356089,2.644303097,146.7212357,1.861221072,1.854470787,2.996463347,13313.46317,174.0800252,2.227811983,0.116750193,0.385205948,Skarn
Seojin,SJ,"Lee et al., 2019",72562.88251,2094.442524,2.758599674,148.6411541,1.375062451,2.142971657,2.681659844,12912.90393,179.9936085,2.741013744,0.105304794,0.143789023,Skarn
Seojin,SJ,"Lee et al., 2019",72954.21318,2116.525842,2.373971173,192.4184535,2.095195623,2.621880983,3.255438299,12954.7241,240.0294858,2.806245298,0.100677732,0.509470917,Skarn
Liziping,LZP-1-4,"Liu et al., 2021b",8708.27,0.69,0.69,187.03,0.03,8.3,24.63,1883.1,0.01,0.9,9.25,2703.44,MVT
Liziping,LZP-1-4,"Liu et al., 2021b",16364.26,2.84,1.42,145.76,1.07,18.95,10.67,997.5,0.01,1.72,2.76,187.67,MVT
Liziping,LZP-1-4,"Liu et al., 2021b",3750.6,1.05,1.05,47.72,4.37,1.79,7.27,1270.63,5.65,6.94,0.56,11.99,MVT
Liziping,LZP-1-5,"Liu et al., 2021b",11046.2,14.44,7.22,224.73,0.035,2.66,45.01,1170.67,0.02,0.375,0.51,196.46,MVT
Liziping,LZP-1-5,"Liu et al., 2021b",9307.43,2.07,1.035,33.06,0.7,21.81,1.67,802.46,0.015,0.4,1.24,363.19,MVT
Liziping,LZP-1-5,"Liu et al., 2021b",13624.26,1.8,0.9,80.24,0.05,10.78,12.03,517.16,0.01,0.92,1.18,391.28,MVT
Liziping,LZP-2-1,"Liu et al., 2021b",15995.26,3.2,1.6,192.82,0.02,10.22,9.09,853.61,0.015,1.01,0.8,124.6,MVT
Liziping,LZP-2-1,"Liu et al., 2021b",14541.34,2.94,1.47,33.81,0.14,12.46,4.97,859.63,0.01,0.33,0.95,248.18,MVT
Liziping,LZP-2-1,"Liu et al., 2021b",10764.15,3.61,1.805,169.68,0.035,4.4,71.43,881.11,0.01,0.24,0.55,178.5,MVT
Liziping,LZP-3-1,"Liu et al., 2021b",5847.66,0.645,0.645,32.68,0.03,8.49,4.42,1255.86,0.01,0.3,0.075,195.34,MVT
Liziping,LZP-3-1,"Liu et al., 2021b",3962.39,0.695,0.695,32.68,2.13,44.62,472,3706.16,0.01,0.41,1.68,281.01,MVT
Liziping,LZP-3-1,"Liu et al., 2021b",3844.34,0.83,0.83,2.34,0.02,5.42,111.09,4164.2,0.01,0.385,0.83,70.73,MVT
Liziping,LZP-4-3,"Liu et al., 2021b",14858.44,2.48,1.24,163.32,0.43,21.48,2.87,783.71,0.015,1.61,2.99,136.59,MVT
Liziping,LZP-4-3,"Liu et al., 2021b",14005.84,6.62,3.31,244.74,0.19,8.13,24.93,557.15,0.015,1.33,2.7,153.4,MVT
Liziping,LZP-4-3,"Liu et al., 2021b",2646.11,0.47,0.47,27.59,0.12,2.49,16.04,3961.13,0.06,0.8,1.66,62.46,MVT
Liziping,LZP-4-3,"Liu et al., 2021b",2693.39,0.625,0.625,0.21,0.13,38.89,3.77,2630.77,0.01,0.3,12.46,368.41,MVT
Liziping,LZP-4-3,"Liu et al., 2021b",4626.31,0.67,0.67,0.48,0.015,4.92,1.76,4130.38,0.01,0.33,0.99,47.35,MVT
Liziping,LZP-5-2,"Liu et al., 2021b",2778.96,0.59,0.59,0.21,0.34,29.4,4.14,2997.46,0.01,0.55,14,213.06,MVT
Liziping,LZP-5-2,"Liu et al., 2021b",5767.04,0.48,0.48,1.85,0.12,7.28,31.87,1675.89,0.01,0.56,2.44,1664.33,MVT
Liziping,LZP-5-2,"Liu et al., 2021b",15439.79,3.32,1.66,653.21,0.31,6.1,24.8,719.46,0.36,1.83,0.5,342.63,MVT
Liziping,LZP-5-4,"Liu et al., 2021b",2454.47,0.57,0.57,0.66,1.92,12.18,0.69,2551.41,0.015,0.395,0.35,25.72,MVT
Liziping,LZP-5-4,"Liu et al., 2021b",2677.19,0.505,0.505,0.235,0.015,0.215,0.46,3088.91,0.01,0.315,0.105,0.78,MVT
Liziping,LZP-5-4,"Liu et al., 2021b",2506.18,0.49,0.49,9.45,5.67,83,4.62,2097.97,0.01,0.315,4.43,195.72,MVT
Liziping,LZP-6,"Liu et al., 2021b",3386.24,0.48,0.33,87.42,0.31,3.08,45.02,4974.72,0.63,0.75,3.51,28.68,MVT
Liziping,LZP-6,"Liu et al., 2021b",2518.37,0.46,0.46,915.87,10.87,4.19,62.54,1852.03,0.01,0.265,33.92,102.34,MVT
Liziping,LZP-6,"Liu et al., 2021b",3502.84,0.44,0.44,2.94,0.09,0.57,1.56,2443.07,0.01,0.34,0.09,1.74,MVT
Liziping,LZP-7,"Liu et al., 2021b",2585.78,1.63,0.47,4.07,0.09,6.52,11.61,1206.95,0.005,0.16,11.91,399.76,MVT
Liziping,LZP-7,"Liu et al., 2021b",1873.63,0.55,0.57,0.75,0.025,2.97,2.66,1676.87,0.005,0.195,9.55,203.33,MVT
Liziping,LZP-7,"Liu et al., 2021b",1977.76,0.52,0.52,54.67,2.86,32.24,178.03,1762.6,0.005,0.2,0.36,55.58,MVT
Liziping,LZP-7,"Liu et al., 2021b",3999.27,0.345,0.31,0.45,0.025,2.92,1.78,1023.27,0.005,0.205,0.085,15.62,MVT
Liziping,LZP-7-3,"Liu et al., 2021b",2932.08,0.79,0.395,52.3,0.015,2.49,12.88,1949.11,0.01,0.265,1.29,178.94,MVT
Liziping,LZP-7-3,"Liu et al., 2021b",11097.41,2.28,1.14,0.77,1.65,14.76,1.83,750.27,0.02,1.12,2.77,172.66,MVT
Liziping,LZP-7-3,"Liu et al., 2021b",11821.64,2.27,1.135,556.77,0.72,6.86,21.9,999.81,0.01,0.75,2.27,273.88,MVT
Liziping,LZP-8-2,"Liu et al., 2021b",393.07,0.38,0.78,2207.45,12.19,1.37,161.3,2236.39,0.02,1.21,690.86,163.91,MVT
Liziping,LZP-8-2,"Liu et al., 2021b",4243.8,0.445,0.445,4.48,0.025,1.13,2.01,1519.47,0.01,1.1,0.27,5.03,MVT
Liziping,LZP-8-2,"Liu et al., 2021b",3384.36,0.51,0.51,0.2,0.15,15.28,2.23,2711.51,0.01,1.26,0.79,158.02,MVT
Liziping,LZP-8-3,"Liu et al., 2021b",3334.13,0.54,0.54,5.15,0.09,11.1,20.13,645.8,0.005,0.28,0.29,17.15,MVT
Liziping,LZP-8-3,"Liu et al., 2021b",9052.16,0.59,0.59,0.94,0.02,0.62,1.42,537.52,0.005,0.335,0.11,1.25,MVT
Liziping,LZP-9-1,"Liu et al., 2021b",7545.83,1.035,1.035,90.19,1.07,9.59,135.75,3873.86,0.02,3.22,0.8,44.52,MVT
Liziping,LZP-9-1,"Liu et al., 2021b",20936.35,9.17,4.585,24.05,2.3,70.7,520.01,2058.84,0.02,2.13,0.93,162.3,MVT
Liziping,LZP-9-1,"Liu et al., 2021b",5700.88,2.38,1.19,547.57,21.92,24.27,552.75,3791.6,0.01,1.19,1.99,253.22,MVT
Liziping,LZP-9-1,"Liu et al., 2021b",22080.96,8,4,4.52,0.27,49.63,662.88,1847.95,0.01,0.93,0.64,211.83,MVT
Liziping,LZP-9-1,"Liu et al., 2021b",1521.57,0.805,0.805,387.72,46.3,10.95,93.76,2453.82,0.01,0.73,7.92,250.26,MVT
Liziping,LZP-9-2,"Liu et al., 2021b",555.15,0.77,0.2,13.6,0.03,0.3,8.15,2689.77,0.01,0.28,0.36,1.86,MVT
Liziping,LZP-9-2,"Liu et al., 2021b",9939.51,2.76,1.38,261.07,1.71,29.33,145,1300.02,0.01,0.305,0.54,80.5,MVT
Liziping,LZP-9-2,"Liu et al., 2021b",3691.37,0.61,0.61,202.68,0.46,7.67,108.24,1768.58,0.49,0.335,5.79,348.11,MVT
Liziping,LZP-9-3,"Liu et al., 2021b",6795.67,0.595,0.24,5.36,0.11,9.15,16.94,1002.81,0.005,0.29,0.26,97.83,MVT
Liziping,LZP-9-3,"Liu et al., 2021b",2117.09,0.63,0.33,22.36,0.02,5.3,34.88,1674.12,0.01,0.27,22,807.89,MVT
Liziping,LZP-9-3,"Liu et al., 2021b",4711.24,0.605,0.605,2.1,0.02,0.185,7.72,511.8,0.01,0.265,0.075,2.27,MVT
Liziping,LZP-10,"Liu et al., 2021b",1588.63,0.625,0.625,34.54,0.5,8,35.42,1772.41,0.005,0.99,0.31,79.43,MVT
Liziping,LZP-10,"Liu et al., 2021b",36027.46,13.89,6.945,267.12,0.85,46.76,96.05,1298.97,0.37,1.5,8.32,1037.69,MVT
Liziping,LZP-10,"Liu et al., 2021b",19186.43,1.7,0.85,44.45,20.42,40.53,163.74,1959.79,0.03,2.55,1.42,476.41,MVT
Liziping,LZP-8-2hd,"Liu et al., 2021b",801.22,1.015,1.015,194.63,18.75,2.84,19.68,1774.56,0.03,1.18,8.35,41.41,MVT
Liziping,LZP-8-2hd,"Liu et al., 2021b",3024.27,0.88,0.88,22.29,1.67,6.72,57.05,2186.82,0.01,0.63,0.46,20.37,MVT
Liziping,LZP-8-2hd,"Liu et al., 2021b",2384.74,0.755,0.1,408.87,3.94,35.77,202.21,1417.5,0.01,0.72,13.63,95.42,MVT
Liziping,LZP-8-2hd,"Liu et al., 2021b",1343.82,0.795,0.795,12.69,0.77,9.08,129.13,2617.58,0.01,0.265,6.19,100.46,MVT
Liziping,LZP-8-2hd,"Liu et al., 2021b",2828.39,0.69,0.69,295.32,8.06,17.08,62.9,1117.89,0.03,0.34,11.04,60.18,MVT
Liziping,LZP-8-2hd,"Liu et al., 2021b",545.7,0.58,1.82,2090.49,20.74,2.02,94.67,2209.95,0.13,0.79,527.63,139.8,MVT
Liziping,LZP-8-2hd,"Liu et al., 2021b",555.73,0.575,0.35,483.74,9.83,2.82,30.06,2165.5,0.01,1.09,102.55,63.52,MVT
Liziping,LZP-8-2hd,"Liu et al., 2021b",431.58,0.625,1.61,621.61,1.49,0.54,97,3319.69,0.01,1.23,192.9,191.31,MVT
Liziping,LZP-8-2hd,"Liu et al., 2021b",4205.38,10.98,5.49,326.07,0.52,3.71,73.31,440.83,0.12,1.49,48.57,3008.52,MVT
Liziping,LZP-8-2hd,"Liu et al., 2021b",1734.64,0.715,0.715,31.59,0.7,25.15,152.46,1895.45,0.01,1.67,3.26,76.59,MVT
Liziping,LZP-8-2hd,"Liu et al., 2021b",1505.25,0.73,0.73,62.89,4.74,12.48,70.62,1990.02,0.005,1.4,2.9,43.13,MVT
Liziping,LZP-8-2hd,"Liu et al., 2021b",590.45,0.37,0.83,804.81,9.93,0.81,188.41,2921.57,0.02,0.2,301.9,473.71,MVT
Liziping,LZP-8-2hd,"Liu et al., 2021b",1439.39,2.44,1.22,47.49,0.63,7.08,48.97,1313.55,0.01,0.5,26.75,313.79,MVT
Liziping,LZP-8-2hd,"Liu et al., 2021b",2480.3,6.57,3.285,88.57,5.27,5.12,43,1133.29,2.24,0.56,16.23,445.86,MVT
Fulongchang,DPZ-14,"Liu et al., 2021b",8794.34,1.24,0.94,8.06,0.51,6.07,3.34,1299.89,0.015,0.3,4.52,50.28,MVT
Fulongchang,DPZ-14,"Liu et al., 2021b",2797.86,0.52,0.52,317.86,30.08,19.97,190.93,1997.95,0.48,3.9,19.84,121.17,MVT
Fulongchang,DPZ-14,"Liu et al., 2021b",7148.99,1.42,0.44,65.83,10.14,7.9,268.79,2462.35,0.08,0.32,9.22,273.91,MVT
Fulongchang,DPZ-14,"Liu et al., 2021b",13223.88,1.29,0.16,6.59,15.64,77.88,31.27,670.57,0.01,0.245,3.42,274.7,MVT
Fulongchang,DPZ-14,"Liu et al., 2021b",1512.69,0.405,0.405,5.06,3.33,1.01,1.52,1640.47,0.01,0.265,0.095,7.33,MVT
Fulongchang,DPZ-16,"Liu et al., 2021b",6024.07,0.425,2.15,390.66,8.81,1.35,84.38,2270.49,0.96,1.35,40.7,115.05,MVT
Fulongchang,DPZ-16,"Liu et al., 2021b",3469.45,1.08,0.93,870.79,4.59,3.03,84.51,1497.19,0.35,1.36,66.43,100.35,MVT
Fulongchang,DPZ-16,"Liu et al., 2021b",5876.83,1.1,0.83,181.96,0.1,6.72,78.05,1525.37,0.015,1.57,2.34,237.5,MVT
Fulongchang,DPZ-16,"Liu et al., 2021b",2966.14,0.44,1.38,732.25,2.75,2.44,57.98,1962.03,0.21,0.86,35.1,71.32,MVT
Fulongchang,DPZ-14-1,"Liu et al., 2021b",1921.19,1.11,1.26,2577.32,10.84,2.92,1855.45,4149.39,0.015,0.64,1131.03,1388.58,MVT
Fulongchang,DPZ-14-1,"Liu et al., 2021b",1164.18,0.53,2.23,243.38,0.02,0.18,133.6,2521.4,0.01,0.59,15.33,108,MVT
Fulongchang,DPZ-14-1,"Liu et al., 2021b",1485.35,0.46,2.97,2582.61,5.21,1.83,958.37,3938.32,0.01,0.29,1024.71,854.97,MVT
Fulongchang,DPZ-14-1,"Liu et al., 2021b",1020.81,0.43,2.24,482.37,4.99,2.33,726.27,3636.52,0.01,0.29,378.17,459.52,MVT
Fulongchang,DPZ-17,"Liu et al., 2021b",11995.6,2.49,6.25,235.41,0.79,3.64,161.87,2447.86,0.02,0.22,69.93,128.44,MVT
Fulongchang,DPZ-17,"Liu et al., 2021b",3020.43,0.7,2.16,402.23,2.06,0.205,26.92,2900.38,0.015,0.22,16.43,31.94,MVT
Fulongchang,DPZ-17,"Liu et al., 2021b",12331.93,2.35,2.65,162.3,0.28,2.01,236.67,1051.53,0.01,0.305,22.77,105.95,MVT
Fulongchang,DPZ-18,"Liu et al., 2021b",24287.87,3.77,5.64,894.43,3.66,17.37,327.96,1716.13,0.28,0.66,28.64,669.6,MVT
Fulongchang,DPZ-18,"Liu et al., 2021b",26009.55,3.08,2.4,1351.33,0.17,38.03,509.29,1367.05,0.01,1.2,11.95,331.95,MVT
Fulongchang,DPZ-18,"Liu et al., 2021b",31140.15,4.04,3.82,56.51,0.02,5.7,14.43,1488.85,0.01,1.2,20.63,218.38,MVT
Fulongchang,DPZ-24,"Liu et al., 2021b",1319.7,0.61,0.61,97.78,5.96,0.43,7.06,1104.16,0.01,1.39,217.94,125.97,MVT
Fulongchang,DPZ-24,"Liu et al., 2021b",907.74,0.66,0.66,95.89,25.31,1.12,1.23,670.8,0.005,0.85,111.3,60.95,MVT
Fulongchang,DPZ-24,"Liu et al., 2021b",1712.06,0.63,0.63,2.85,0.03,0.245,1,518.99,0.01,0.34,2.73,6.97,MVT
Fulongchang,DPZ-25,"Liu et al., 2021b",1084.12,0.49,1.68,93.36,0.24,0.17,34.52,2523.99,0.005,0.265,54.94,152.16,MVT
Fulongchang,DPZ-25,"Liu et al., 2021b",2384.93,0.585,0.585,6.61,0.04,0.185,8.92,254.78,0.01,0.27,0.71,4.21,MVT
Fulongchang,DPZ-25,"Liu et al., 2021b",995.06,0.625,0.625,12.25,0.025,0.5,3.62,1289.41,0.01,0.315,2.87,6.1,MVT
Fulongchang,DPZ-25,"Liu et al., 2021b",993.14,0.545,0.545,8.4,3.18,0.2,2.6,3482.22,0.015,0.285,7.06,6.96,MVT
Fulongchang,DPZ-25,"Liu et al., 2021b",686.73,0.555,0.1,13.36,0.41,0.64,3.39,1570.32,0.015,0.75,7.18,24.13,MVT
Fulongchang,DPZ-27,"Liu et al., 2021b",1176.16,0.59,0.59,189.19,0.27,0.285,6.64,1329.73,0.01,0.455,31.37,20.47,MVT
Fulongchang,DPZ-27,"Liu et al., 2021b",1546.01,1.87,0.935,319.43,1.39,0.32,16.21,1047,0.015,0.38,335.61,295.46,MVT
Fulongchang,DPZ-27,"Liu et al., 2021b",1947.19,0.675,0.675,28.25,0.04,0.36,2.21,500.96,0.02,0.91,7.44,7.6,MVT
Fulongchang,DPZ-28,"Liu et al., 2021b",4423.1,1.68,0.84,33.98,2.8,1.88,48.87,1020.1,0.015,0.41,463.55,716.61,MVT
Fulongchang,DPZ-28,"Liu et al., 2021b",5437.8,1.62,0.81,0.27,0.4,2.96,0.63,1346.37,0.01,0.385,780.12,907.07,MVT
Fulongchang,DPZ-28,"Liu et al., 2021b",11796.69,2.08,1.04,355.09,18.97,9.23,30.67,823.05,0.01,1.26,88.99,535.73,MVT
Fulongchang,DPZ-28,"Liu et al., 2021b",10886.07,3.3,1.65,75.72,4.59,7.91,16.68,562.02,0.01,0.415,342.21,786.05,MVT
Fulongchang,DPZ-29 1,"Liu et al., 2021b",1277.21,0.51,2.34,151.49,3.28,3.13,80.08,1280,0.01,1.31,82.69,458.81,MVT
Fulongchang,DPZ-29 1,"Liu et al., 2021b",4149.27,0.54,2.11,163.92,2.5,2,64.07,1141.91,0.01,0.71,120.18,311.73,MVT
Fulongchang,DPZ-29 1,"Liu et al., 2021b",3934.09,0.43,0.18,145.16,1.92,3.8,80.53,1669.07,0.015,1.13,106.88,400.65,MVT
Fulongchang,DPZ-29 1,"Liu et al., 2021b",29369.92,4.64,0.15,188.11,11.3,6.46,37.49,764.79,0.01,0.91,101.51,432.95,MVT
Fulongchang,DPZ-29 2,"Liu et al., 2021b",1263.36,0.465,1.27,167.03,2.59,2.69,97.02,1368.55,0.01,0.33,85.04,408.13,MVT
Fulongchang,DPZ-29 2,"Liu et al., 2021b",1330.75,0.555,1.24,133.92,2.95,2.43,79.23,1243.95,0.01,0.35,78.05,344.74,MVT
Fulongchang,DPZ-29 2,"Liu et al., 2021b",12608.26,1.52,0.91,246.77,5.38,3.71,56.27,887.95,0.01,0.285,301.24,550.93,MVT
Fulongchang,DPZ-29 2,"Liu et al., 2021b",6949.19,1.99,0.995,44.79,0.81,4.3,52,1029.57,0.01,0.28,47.54,339.95,MVT
Fulongchang,DPZ-29 2,"Liu et al., 2021b",27449.65,4.16,0.16,30.72,10.22,7.15,20.37,478.61,0.01,0.335,24.49,148.58,MVT
Fulongchang,DPZ-29,"Liu et al., 2021b",3194.92,1.89,3.18,144.12,0.39,1.34,125.77,3802.06,0.01,0.89,260.33,972.6,MVT
Fulongchang,DPZ-29,"Liu et al., 2021b",2239.11,1.32,4.12,930.78,3.95,2.46,830.54,4009.94,0.01,0.32,959.58,1305.81,MVT
Fulongchang,DPZ-29,"Liu et al., 2021b",8532.46,0.575,1.59,327.71,0.11,5.88,78.69,884.01,0.01,1.01,31.8,646.77,MVT
Fulongchang,DPZ-8,"Liu et al., 2021b",32020.85,5.3,2.65,8.41,0.02,1.26,7.59,977.8,0.01,0.305,1.18,12.8,MVT
Fulongchang,DPZ-8,"Liu et al., 2021b",5427.15,0.66,0.66,3.15,31.09,4.96,28.36,2077.82,0.07,1.46,6.28,85.35,MVT
Wunuer,Sp1,"Fan et al., 2020",9603,1309,3.19,16,1.43,0.19,0.66,2825,2.35,12.17,0.48,3.97,Epithermal
Wunuer,Sp1,"Fan et al., 2020",9333,1271,3,18,1.27,0.17,1.42,2979,3.49,11.01,0.09,6.39,Epithermal
Wunuer,Sp1,"Fan et al., 2020",8645,1143,3.69,6,1.26,0.01,0.83,2983,4.34,11.4,0.04,3.3,Epithermal
Wunuer,Sp1,"Fan et al., 2020",9082,1254,3.72,9,2.59,1.02,1.2,2988,3.69,13.07,0.01,3.35,Epithermal
Wunuer,Sp1,"Fan et al., 2020",9093,1238,3.22,9,1.78,0.12,1.43,3052,6.41,10.66,0.04,6.01,Epithermal
Wunuer,Sp1,"Fan et al., 2020",12170,1652,6.07,149,0.23,0.32,5.11,2270,48.49,8.81,4.03,38.59,Epithermal
Wunuer,Sp1,"Fan et al., 2020",21037,1543,24.13,189,0.34,0.44,0.74,2317,332.19,9.78,0.14,1.01,Epithermal
Wunuer,Sp1,"Fan et al., 2020",21698,1696,44.83,176,0.35,0.3,0.95,2319,313.9,8.57,0.05,0.44,Epithermal
Wunuer,Sp1,"Fan et al., 2020",7870,1002,4.34,5,0.35,0.35,0.3,3134,11.19,9.69,0.04,0.22,Epithermal
Wunuer,Sp1,"Fan et al., 2020",8572,1087,9.62,16,0.33,0.14,0.37,3222,31.82,9.18,0.02,0.4,Epithermal
Wunuer,Sp1,"Fan et al., 2020",8490,1048,10.33,14,0.25,0.12,0.37,3246,27.71,8.55,0.014465499,0.36,Epithermal
Wunuer,Sp1,"Fan et al., 2020",8564,1043,10.96,30,0.63,0.000249536,0.39,3336,63.21,8.32,0.002687365,0.4,Epithermal
Wunuer,Sp1,"Fan et al., 2020",9727,1284,11.78,42,0.63,0.002094482,0.88,3378,65.78,14.41,0.02,0.69,Epithermal
Wunuer,Sp1,"Fan et al., 2020",9125,1121,11.27,12,0.74,0.010957048,0.61,3322,21.98,8.33,0.01,0.35,Epithermal
Wunuer,Sp1,"Fan et al., 2020",11794,2122,5.04,77,1.8,0.003411498,1.59,2939,130.93,17.04,0.02,1.9,Epithermal
Wunuer,Sp1,"Fan et al., 2020",12098,2159,5.27,122,2.2,0.045473737,2.47,3070,214.97,19.57,0.02,8.08,Epithermal
Wunuer,Sp1,"Fan et al., 2020",11807,2060,2.55,121,0.89,0.04,1.26,2367,197.74,36.12,0.03,0.7,Epithermal
Wunuer,Sp1,"Fan et al., 2020",12444,2157,3.23,116,4.73,0.00805622,2.3,2528,115.39,65.64,0.004164042,2.2,Epithermal
Wunuer,Sp1,"Fan et al., 2020",11220,1913,5,695,1.83,0.021895598,4,2966,150.12,16.79,4.09,10.66,Epithermal
Wunuer,Sp1,"Fan et al., 2020",12578,1971,5.36,2130,1.34,0.06,6.62,2497,147.17,9.79,0.46,45.46,Epithermal
Wunuer,Sp1,"Fan et al., 2020",13453,2065,0.38,79,0.02,0.004652697,1.22,2219,161.13,7.52,0.03,0.97,Epithermal
Wunuer,Sp1,"Fan et al., 2020",15398,2306,0.06,84,0.03,0.14,0.47,2140,172.51,8.03,0.006338476,0.9,Epithermal
Wunuer,Sp1,"Fan et al., 2020",49863,3451,5.64,221,1.35,0.5,1,2088,423.23,7.9,0.006373721,0.61,Epithermal
Wunuer,Sp1,"Fan et al., 2020",51901,3088,0.01,241,0.18,0.11,1.47,2212,438.35,7.49,0.000597924,0.45,Epithermal
Wunuer,Sp1,"Fan et al., 2020",26767,773,0.66,11275,0.32,0.22,24.4,2311,372.49,8.17,1.86,62.02,Epithermal
Wunuer,Sp1,"Fan et al., 2020",37248,1995,0.04,6027,0.24,0.28,16.32,2139,635.22,7.75,0.02,2.93,Epithermal
Wunuer,Sp1,"Fan et al., 2020",32708,2675,0.8,134,0.03,0.18,1.19,2039,169.79,7.73,0.04,1.06,Epithermal
Wunuer,Sp1,"Fan et al., 2020",11237,1767,4.35,619,0.23,0.25,1.85,2340,8.13,7.82,0.05,26.28,Epithermal
Wunuer,Sp1,"Fan et al., 2020",12287,1212,3,1589,1.23,0.64,4.68,2598,102.95,10.84,0.25,20.43,Epithermal
Wunuer,Sp1,"Fan et al., 2020",12373,1945,6.56,110,2.42,0.034382366,0.88,3161,117.92,52.23,0.02,1.06,Epithermal
Wunuer,Sp1,"Fan et al., 2020",11775,1878,7.11,21,1.86,0.14,1.09,2869,32.96,9.08,0.01,1.64,Epithermal
Wunuer,Sp1,"Fan et al., 2020",10967,1714,5.64,102,0.35,0.14,0.99,2563,147.19,28.4,0.15,3.24,Epithermal
Wunuer,Sp1,"Fan et al., 2020",11886,1919,2.24,38,0.16,0.09,0.43,2233,80.82,6.68,0.01,1.45,Epithermal
Wunuer,Sp1,"Fan et al., 2020",15356,2637,7.51,115,2.73,0.012502808,1.75,3671,184.97,18.22,0.02,3.18,Epithermal
Wunuer,Sp1,"Fan et al., 2020",14276,2484,2.3,190,0.44,0.02,1.99,2717,401.86,2.24,0.06,3.18,Epithermal
Wunuer,Sp1,"Fan et al., 2020",14399,2452,3.22,174,0.61,0.18,1.5,2695,361.92,2.45,0.03,0.55,Epithermal
Wunuer,Sp1,"Fan et al., 2020",14649,2516,2.75,70,0.04,0.15,1.02,2790,127.24,2.28,0.02,1.75,Epithermal
Wunuer,Sp1,"Fan et al., 2020",10526,1465,8.11,25,0.19,0.21,0.87,3251,44.7,5.01,0.04,1.21,Epithermal
Wunuer,Sp1,"Fan et al., 2020",10688,1384,9.83,14,0.42,0.12,0.45,3445,26.49,1.97,0.009297187,0.66,Epithermal
Wunuer,Sp1,"Fan et al., 2020",10509,1425,5.71,4,0.55,0.05335913,0.16896402,3639,4.57,2.03,0.05,2.19,Epithermal
Wunuer,Sp1,"Fan et al., 2020",28698,2639,10.05,58,0.26,0.26,0.65,2931,59.31,2.65,0.06,1.62,Epithermal
Wunuer,Sp1,"Fan et al., 2020",19998,2552,7,20,0.05,0.39,0.54,2814,38.27,1.92,0.04,0.44,Epithermal
Wunuer,Sp1,"Fan et al., 2020",16857,2756,3.88,10,0.1,0.15,0.82,2602,15.26,2.21,0.04,1,Epithermal
Wunuer,Sp1,"Fan et al., 2020",11764,1683,6.72,42,0.42,0.01,1.81,3293,78.86,5.17,0.01,7.02,Epithermal
Wunuer,Sp1,"Fan et al., 2020",11990,1499,10.1,11,0.17,0.18,1.04,3454,7.85,6.94,0.01,8.42,Epithermal
Wunuer,Sp1,"Fan et al., 2020",11141,1420,9.18,21,0.74,0.33,1.58,3301,14.34,11.32,0.13,5.01,Epithermal
Wunuer,Sp1,"Fan et al., 2020",11612,1517,9.67,8,0.5,0.11,1.3,3542,3.66,1.92,0.7,5.96,Epithermal
Wunuer,Sp1,"Fan et al., 2020",10866,1215,8.89,102,0.69,0.13,3.35,3395,4.49,2.47,0.18,17.33,Epithermal
Wunuer,Sp1,"Fan et al., 2020",11690,1625,9.06,66,0.78,0.21,0.43,3435,133.7,2.08,0.08,1.2,Epithermal
Wunuer,Sp1,"Fan et al., 2020",11071,1510,9.33,41,1.22,0.001661687,0.61,3383,78.62,2.85,0.02,1.72,Epithermal
Wunuer,Sp1,"Fan et al., 2020",11774,1318,17.71,4,0.12,0.2,0.21,3414,3.87,1.53,0.006866138,1.1,Epithermal
Wunuer,Sp1,"Fan et al., 2020",11184,1482,9.72,27,0.09,0.09,1.62,3506,12.32,5.51,0.05,3.85,Epithermal
Wunuer,Sp1,"Fan et al., 2020",10680,1427,9.13,10,0.24,0.2,1.28,3269,7.13,8.51,0.02,1.37,Epithermal
Wunuer,Sp2,"Fan et al., 2020",24104,2360,2.4,4061,0.32,0.36,6.97,2239,879.88,11.42,0.000394444,2.57,Epithermal
Wunuer,Sp2,"Fan et al., 2020",14456,2199,4.79,91,0.26,0.07,1.7,2347,67.27,10.1,0.05,5.37,Epithermal
Wunuer,Sp2,"Fan et al., 2020",15261,1964,5.35,582,0.46,0.31,1.94,2424,143.57,11.48,0.24,2.31,Epithermal
Wunuer,Sp2,"Fan et al., 2020",24369,3936,1.84,133,0.32,0.17,0.52,2069,82.86,8.98,0.002120667,52.6,Epithermal
Wunuer,Sp2,"Fan et al., 2020",9637,785,8.81,486,0.44,0.12,3.07,2698,8.5,11.8,0.23,11.25,Epithermal
Wunuer,Sp2,"Fan et al., 2020",10967,1485,4.91,1663,1,0.06,10.73,2411,28.68,7.09,0.4,42.75,Epithermal
Wunuer,Sp2,"Fan et al., 2020",23988,7538,0.45,11434,0.37,0.005120323,7.82,2459,2.14,7.33,0.57,8.97,Epithermal
Wunuer,Sp2,"Fan et al., 2020",17637,6903,0.94,4917,0.22,8.10E-06,3.55,1997,6.22,6.22,0.017818406,2.82,Epithermal
Wunuer,Sp2,"Fan et al., 2020",40937,3497,6.5,16445,0.45,0.17,5.68,2740,51.01,2.48,0.5,17.26,Epithermal
Wunuer,Sp2,"Fan et al., 2020",13674,847,6.43,3715,0.7,0.31,8.19,2713,61.79,2.17,1.15,38.05,Epithermal
Wunuer,Sp2,"Fan et al., 2020",18284,2134,6.26,5497,1.28,0.002197791,3.66,2910,50.33,2.77,0.68,381.68,Epithermal
Wunuer,Sp2,"Fan et al., 2020",15065,3190,7.19,2795,1.4,0.18,2.35,2783,54.95,3.33,0.54,8.94,Epithermal
Wunuer,Sp2,"Fan et al., 2020",21191,12889,5.71,4326,0.5,0.011323572,7.19,2446,38.44,2.13,7.7,42.72,Epithermal
Wunuer,Sp2,"Fan et al., 2020",13663,1931,4.66,2564,2.03,0.02055745,5.75,2724,42.34,1.9,2.79,18.86,Epithermal
Wunuer,Sp2,"Fan et al., 2020",16185,2307,5.22,6852,1.22,0.012755521,6.64,2691,85.26,1.83,1.64,29.42,Epithermal
Wunuer,Sp2,"Fan et al., 2020",123317,5029,0.41,745,8.62,0.98,1.2,2344,169.73,10.53,0.02,1.29,Epithermal
Wunuer,Sp2,"Fan et al., 2020",111968,4967,0.42,5888,6.54,0.74,8.29,2141,85.1,5.95,0.03,0.39,Epithermal
Wunuer,Sp2,"Fan et al., 2020",107356,3790,1.58,17,1.13,0.98,0.19,2044,13.18,2.3,0.02,0.41,Epithermal
Wunuer,Sp2,"Fan et al., 2020",96521,3735,2.13,695,0.26,0.62,1.11,1954,22.27,1.87,0.03,0.41,Epithermal
Wunuer,Sp2,"Fan et al., 2020",65947,7216,0.05,2780,0.9,0.48,2.37,2298,25.59,2.08,0.06,3.02,Epithermal
Wunuer,Sp2,"Fan et al., 2020",83844,6915,0.04,1521,4.41,0.39,3.17,2275,89.87,2.32,0.02,0.63,Epithermal
Wunuer,Sp2,"Fan et al., 2020",48055,6779,3.77,19099,2.62,0.022336267,6.28,2631,41.61,2.44,1.38,14.63,Epithermal
Wunuer,Sp2,"Fan et al., 2020",15666,3774,4.83,3194,1.23,0.35,5.04,3263,24.2,2.22,0.28,16.14,Epithermal
Wunuer,Sp2,"Fan et al., 2020",11538,5920,1.75,226,1.67,0.031056032,2.32,3370,37.58,1.67,0.35,13.04,Epithermal
Dongfengnanshan,TB–6,"Lu et al., 2019",122300,1874,144.4,526.1,0.2,2.77,12.61,5065,576.2,3.92,0.96,7.53,VMS
Dongfengnanshan,TB–6,"Lu et al., 2019",129100,2559,142.7,510.3,0.29,3.21,10.71,4794,558.8,29.31,1.03,10.5,VMS
Dongfengnanshan,TB–6,"Lu et al., 2019",118400,2185,124.3,354.4,0.22,2.78,6.37,4721,450.9,7.35,0.26,3.12,VMS
Dongfengnanshan,TB–6,"Lu et al., 2019",118600,1655,134.7,633.5,0.21,2.4,16.58,5257,519,0.99,1.93,15.4,VMS
Dongfengnanshan,TB–6,"Lu et al., 2019",123300,1869,133.8,570.8,0.23,3.01,13.43,5419,543.1,1.54,0.81,10.25,VMS
Dongfengnanshan,TB–6,"Lu et al., 2019",118800,1808,128.6,901.3,0.32,2.65,15.92,5219,534.5,1.26,1.02,9.44,VMS
Dongfengnanshan,TB–6,"Lu et al., 2019",119300,2311,113.5,429.3,0.24,3,9.05,4983,457.9,1.19,0.2,5.11,VMS
Dongfengnanshan,TB–6,"Lu et al., 2019",136300,1433,148.3,550.2,0.12,3.43,16.59,5174,585.9,1.27,1.94,13.87,VMS
Dongfengnanshan,TB–6,"Lu et al., 2019",127200,1721,144.7,609.6,0.16,3.05,18.6,5126,619.4,5.15,1.16,17.3,VMS
Dongfengnanshan,TB–6,"Lu et al., 2019",122800,2047,126.3,444.6,0.32,2.97,10.69,4408,506.5,1.88,0.52,7.41,VMS
Dongfengnanshan,TB–6,"Lu et al., 2019",120900,2463,111.7,324,0.18,2.44,4.71,5075,419.8,0.76,0.4,1.94,VMS
Dongfengnanshan,TB–6,"Lu et al., 2019",141800,6318,132.5,627.4,0.7,5.82,14.46,4491,466.7,6.62,1.07,11.81,VMS
Dongfengnanshan,TB–6,"Lu et al., 2019",118700,1663,140.5,668.9,0.18,3.25,15.92,5354,571.9,2.65,0.88,10.93,VMS
Dongfengnanshan,TB–6,"Lu et al., 2019",114200,1819,113.1,503.1,0.21,2.64,16.08,4725,428.6,1.56,1.19,15.21,VMS
Dongfengnanshan,TB–6,"Lu et al., 2019",110600,1731,112.9,383.3,0.22,2.88,20.29,4372,394.1,1.98,1.73,22.09,VMS
Dongfengnanshan,TB–6,"Lu et al., 2019",116100,1951,115,329.8,0.23,2.81,6.47,4683,413.9,0.9,0.45,4.39,VMS
Dongfengnanshan,TB–6,"Lu et al., 2019",112000,1654,115.6,419.1,0.18,2.79,12.77,4497,419.1,1.08,1.22,9.98,VMS
Dongfengnanshan,TB–6,"Lu et al., 2019",112900,1747,112.7,402.8,0.22,2.23,14.11,4644,422.3,1.1,1.43,11.67,VMS
Dongfengnanshan,TB–6,"Lu et al., 2019",125400,1854,139.1,515.9,0.23,2.85,8.94,5808,575,0.82,0.4,4.05,VMS
Dongfengnanshan,TB–6,"Lu et al., 2019",188100,1720,158.9,560.9,0.21,4.41,17.63,5579,643.5,4.8,1.95,17.19,VMS
Dongfengnanshan,TB–6,"Lu et al., 2019",114200,1702,118.2,357.3,0.13,1.95,18.97,4784,430,1.37,0.64,17.07,VMS
Dongfengnanshan,TB–6,"Lu et al., 2019",114100,2107,106,327.1,0.34,2.7,8.29,4772,433.4,0.79,0.52,5.67,VMS
Dongfengnanshan,TB–6,"Lu et al., 2019",113300,2062,105.6,409.3,0.22,2.34,12.47,4719,435.8,0.94,1.03,10.9,VMS
Dongfengnanshan,TB–6,"Lu et al., 2019",121100,2084,112.9,478.8,0.26,3.33,10.92,5297,466.1,1.23,0.86,8.62,VMS
Dongfengnanshan,TB–6,"Lu et al., 2019",120200,1780,134.1,649,0.22,2.39,18.81,5417,547.3,0.96,2.97,11.63,VMS
Mayuan,NM-01,"Hu et al., 2014",3080,13.95,2.29,959.1,67.01,406.6,23.88,2291,0.09,3.08,10.56,206.4,MVT
Mayuan,NM-01,"Hu et al., 2014",5865,45.74,1.3,500.9,0.35,318.7,34.28,1324,0.04,1.21,0.17,603.7,MVT
Mayuan,NM-01,"Hu et al., 2014",2970,9.35,1.79,757.3,0.4,378.3,30.02,2049,0.01,0.44,2.05,358.8,MVT
Mayuan,NM-01,"Hu et al., 2014",1592,2.26,2.66,1687,17.47,690.9,25.51,1202,0.005067369,1.07,4.77,63.45,MVT
Mayuan,NM-01,"Hu et al., 2014",7503,46.78,2.14,236.1,0.64,395.7,17.1,773.5,0.02,0.85,0.3,345.5,MVT
Mayuan,NM-01,"Hu et al., 2014",5441,26.95,2.14,849,1.06,440.1,21.75,1167,0.025426138,0.91,2.41,241.3,MVT
Mayuan,NM-01,"Hu et al., 2014",2008,2.88,2.64,1293,83.08,515.6,17.9,1789,0.02,0.52,10.22,154.1,MVT
Mayuan,NM-01,"Hu et al., 2014",5176,33.44,1.28,681.6,0.11,393.9,41.1,1787,0.02,0.45,0.6,567.6,MVT
Mayuan,NM-01,"Hu et al., 2014",4669,58.93,2.05,426.1,9.79,211.1,18.82,3019,0.59,11.96,1.28,194,MVT
Mayuan,NM-01,"Hu et al., 2014",2948,11.02,2.23,564,18.98,275.8,20,2982,0.03,1.08,10.63,201.9,MVT
Mayuan,NM-01,"Hu et al., 2014",15963,94.18,1.53,752.4,4.8,356.9,26.52,354.4,0.14,3.14,0.55,365.1,MVT
Mayuan,NM-01,"Hu et al., 2014",3367,41.53,2.06,507.5,3.38,251.2,31.07,2491,0.12,3.99,4,376.1,MVT
Mayuan,NM-01,"Hu et al., 2014",11569,44.18,1.01,248.1,0.47,293.5,12.59,815,0.000540501,0.81,0.69,265.1,MVT
Mayuan,NM-01,"Hu et al., 2014",13240,76.54,1.52,105,0.92,342.8,7.03,465.6,0.04,1.36,0.39,623.6,MVT
Mayuan,NM-01,"Hu et al., 2014",3773,24.05,1.24,791.1,1.61,436.7,40.88,1851,0.07,2.31,0.65,490.5,MVT
Mayuan,NM-01,"Hu et al., 2014",5854,43.46,1.1,594.6,0.08,302.6,30.59,1395,0.016758395,0.58,0.3,544.6,MVT
Mayuan,NM-01,"Hu et al., 2014",6833,39.88,1.2,122.1,0.24,270.1,7.22,1168,0.05,0.81,0.14,392.2,MVT
Mayuan,NM-01,"Hu et al., 2014",3662,21.38,1.59,604.9,0.38,309.4,27.28,2215,0.04,0.72,1.68,354.1,MVT
Mayuan,NM-01,"Hu et al., 2014",6392,48.25,1.16,435.6,4.35,290.1,22.74,1248,0.08,0.75,0.26,441.1,MVT
Mayuan,NM-01,"Hu et al., 2014",2517,16.79,2.95,1121,8.49,497.2,19.24,1937,0.19,6.63,3.06,252.4,MVT
Mayuan,NM-10,"Hu et al., 2014",2867,29.49,3.45,1175,94.56,501.2,24.18,1414,6.73,40.78,5.45,217.6,MVT
Mayuan,NM-10,"Hu et al., 2014",1988,36.75,0.83,1900,198.9,656.7,21.36,1013,5.79,10.24,0.36,55.2,MVT
Mayuan,NM-10,"Hu et al., 2014",2430,26.25,1.25,1944,9.83,828.3,33.89,1421,0.12,3.52,1.57,175.1,MVT
Mayuan,NM-10,"Hu et al., 2014",1653,11.87,4.2,2284,328.3,799.3,30.71,1148,16.44,65.46,4.65,105,MVT
Mayuan,NM-10,"Hu et al., 2014",1231,19.87,4.37,3190,120.7,1231,42.09,620.6,5.71,26.98,1.24,38.19,MVT
Mayuan,NM-10,"Hu et al., 2014",2353,9.37,2.46,965.2,12.95,428.3,18.9,2112,0.09,2.64,19.03,142.8,MVT
Mayuan,NM-10,"Hu et al., 2014",1410,7.87,4.4,2208,13.7,892.6,30.49,1409,0.05,0.5,8.18,188.8,MVT
Mayuan,NM-10,"Hu et al., 2014",2280,29.31,2.91,1396,63.4,554.7,20.75,1033,16.24,40.12,2.91,99.05,MVT
Mayuan,NM-10,"Hu et al., 2014",2314,25.03,2.81,1611,55.45,668.1,24.64,1211,4.9,24.97,3.58,108.8,MVT
Mayuan,NM-10,"Hu et al., 2014",2138,81.58,2.38,2354,23.14,1027,46.99,728.5,2.42,62.12,0.9,184.5,MVT
Mayuan,NM-10,"Hu et al., 2014",1391,18.85,5.14,3372,79.35,1305,34.24,621.9,4.31,31.93,2.07,32.14,MVT
Mayuan,NM-10,"Hu et al., 2014",2917,33.73,2.23,1613,49.31,702.9,27.05,1051,2.27,26.35,1.91,176.5,MVT
Mayuan,NM-10,"Hu et al., 2014",1720,4.79,2.73,803.8,204.6,254.9,12.29,2060,13.29,28.04,15.14,122.1,MVT
Mayuan,NM-10,"Hu et al., 2014",2022,21.87,3.96,2361,7.19,1012,37.47,1481,0.5,8.48,3.01,163.6,MVT
Mayuan,NM-10,"Hu et al., 2014",1263,21.22,4.59,2207,639.6,654.7,26.12,1146,50.4,41.16,4.02,28.5,MVT
Mayuan,NM-10,"Hu et al., 2014",1902,30.68,3.03,2652,7.44,1150,44.52,589.6,0.26,17.57,0.94,134.6,MVT
Mayuan,NM-10,"Hu et al., 2014",3498,30.77,1.99,1282,5.16,617.3,33.19,1304,0.13,7.73,1.43,273.3,MVT
Mayuan,NM-10,"Hu et al., 2014",1218,6.89,4.89,2668,462.6,865.5,40.58,1000,24.28,60.1,3.18,31.4,MVT
Mayuan,NM-10,"Hu et al., 2014",3029,52.7,2.38,1797,0.16,897.7,52.41,861.4,0.008462592,2.14,3.12,355.8,MVT
Mayuan,NM-10,"Hu et al., 2014",4880,99.78,1.08,850.5,4.52,677,61.22,282.7,0.08,21.22,0.48,883,MVT
Mayuan,NM-10,"Hu et al., 2014",2338,15.68,1.27,1378,1.04,788,36.55,1026,0.01,2.12,1.26,137,MVT
Mayuan,NM-10,"Hu et al., 2014",7439,145.8,0.75,1065,0.25,740,50.39,205.1,0.026715118,5.41,0.3,818.3,MVT
Mayuan,NM-10,"Hu et al., 2014",7788,153.2,0.99,981.9,5.96,609.9,44.28,372.3,0.24,14.54,0.37,666.7,MVT
Mayuan,NM-10,"Hu et al., 2014",1456,23.24,4.7,2470,7.85,1019,38.94,1071,0.2,6.34,2.74,79.8,MVT
Mayuan,NM-10,"Hu et al., 2014",1650,20.14,4.68,2381,109,957,39.71,1223,9.69,12.72,3.48,91.34,MVT
Mayuan,NM-10,"Hu et al., 2014",1864,34.48,4.32,2458,140.8,960.6,38.71,901.9,9.74,70.55,2.74,102.9,MVT
Mayuan,NM-10,"Hu et al., 2014",4694,147,0.95,823.9,3.31,582.6,89.65,501.1,0.2,20.08,0.64,1098,MVT
Mayuan,NM-10,"Hu et al., 2014",6204,139.7,0.86,1125,1.34,660.6,66.95,292.9,0.02,17.78,0.6,708.5,MVT
Mayuan,NM-10,"Hu et al., 2014",6710,132.1,1.21,1039,2.5,673.8,64.61,326.4,0.02,11.71,0.56,796.7,MVT
Mayuan,NM-10,"Hu et al., 2014",1713,24.56,4.04,1848,39.35,816.6,37.28,1646,2.39,9.16,4.31,157.5,MVT
Mayuan,MY-15,"Gao et al., 2016",9400,44.05,3.19,76.92,0.73,307.7,7.65,1036,0.07,2.41,0.06,196.2,MVT
Mayuan,MY-15,"Gao et al., 2016",7000,19.13,3.36,154,0.26,236.2,13.51,1151,0.02,0.27,0.07,117.9,MVT
Mayuan,MY-16,"Gao et al., 2016",7200,36.26,2.99,152.4,0.31,323.1,18.31,1210,0.05,1.02,0.12,168.7,MVT
Mayuan,MY-16,"Gao et al., 2016",3200,14.58,3.09,561.4,8.66,371.1,73.57,2584,0.35,5.31,3.91,188.9,MVT
Mayuan,MY-23,"Gao et al., 2016",3900,25.77,2.54,672.8,0.97,328.6,45.44,2137,0.04,1.32,0.69,375.8,MVT
Mayuan,MY-23,"Gao et al., 2016",5700,73.78,2.76,519.2,2.21,243.4,36.3,1381,0.18,5.8,0.46,221.1,MVT
Mayuan,MY-23,"Gao et al., 2016",5000,49.5,2.42,584.2,4.47,245.4,39.47,1578,0.34,13.65,1.44,213.4,MVT
Mayuan,MY-38,"Gao et al., 2016",4200,25.28,2.58,1044,0.26,412.8,84.24,2547,0.01,0.32,0.08,415.6,MVT
Mayuan,MY-38,"Gao et al., 2016",6000,66.48,2.52,578.3,0.2,344.2,77.52,2806,0.01,0.7,0.19,759.4,MVT
Mayuan,MY-38,"Gao et al., 2016",5600,48.23,2.52,559.4,0.21,312.1,99.82,2033,0.02,0.38,0.1,708.5,MVT
Mayuan,MY-39,"Gao et al., 2016",6500,66.66,2.64,360.5,0.2,289.4,81.64,2407,0.02,0.5,0.25,852.6,MVT
Mayuan,MY-39,"Gao et al., 2016",5100,23.97,3.23,150.2,0.65,324.8,20.17,1640,0.09,1.88,0.07,142.5,MVT
Mayuan,MY-39,"Gao et al., 2016",2000,21.27,1.42,1941,4.73,878.8,146.5,1802,0.27,4.34,1.54,32.33,MVT
Xinling,XL-13 (Sp1),"Sun et al., 2021",29900,119,0.006774911,137,33.7,0.27,24.1,5020,29.8,28.5,11.2,64.6,Epithermal
Xinling,XL-13 (Sp1),"Sun et al., 2021",28500,108,0.008223348,48,25.7,0.26,2.62,4910,21.1,1.04,1.08,21.9,Epithermal
Xinling,XL-13 (Sp1),"Sun et al., 2021",27400,104,0.024423398,189,20.6,0.24,12.6,4980,23.2,12.8,4.74,23,Epithermal
Xinling,XL-13 (Sp1),"Sun et al., 2021",28000,115,0.027745742,1330,26.8,0.26,33.8,4870,24.6,740,25.5,23.3,Epithermal
Xinling,XL-13 (Sp1),"Sun et al., 2021",28700,109,0.001496828,630,34.8,0.27,12.4,4910,19,5.67,5.19,22.6,Epithermal
Xinling,XL-13 (Sp1),"Sun et al., 2021",27200,105,0.00935069,1390,33.4,0.73,18.1,4810,47.5,62.7,5.71,24.5,Epithermal
Xinling,XL-13 (Sp1),"Sun et al., 2021",23100,58.1,0.026229157,127,31.2,0.25,12.9,4930,18.1,9.8,6.44,450,Epithermal
Xinling,XL-13 (Sp1),"Sun et al., 2021",27100,71,0.00287235,2640,30.1,1.14,24.4,4810,23.4,1930,3.49,24.3,Epithermal
Xinling,XL-13 (Sp1),"Sun et al., 2021",27100,87.6,0.028977969,2960,31.4,0.26,11.7,5007,15.5,17.5,2.89,26.3,Epithermal
Xinling,XL-13 (Sp1),"Sun et al., 2021",27700,80.3,0.000801041,500,25,0.23,16.2,5030,21.2,5.68,8.42,23.2,Epithermal
Xinling,XL-15 (Sp1),"Sun et al., 2021",13900,42.2,0.0176397,840,14.7,0.23,36.9,5210,59.9,35.6,16.5,38,Epithermal
Xinling,XL-15 (Sp1),"Sun et al., 2021",21200,51.8,0.000743553,296,18.3,0.22,33,4930,56.1,39,13.2,84,Epithermal
Xinling,XL-15 (Sp1),"Sun et al., 2021",16500,38.4,0.010367111,1321,17.3,0.23,41.9,4930,57.6,21.6,16.9,2260,Epithermal
Xinling,XL-15 (Sp1),"Sun et al., 2021",29300,59,0.007813211,820,18.3,0.32,27.5,5120,62,21.1,12.1,49.5,Epithermal
Xinling,XL-15 (Sp1),"Sun et al., 2021",23300,29.4,0.010317643,1585,19.3,0.23,56.1,5030,62.8,27.9,19.7,50.3,Epithermal
Xinling,XL-15 (Sp1),"Sun et al., 2021",21600,66,0.000158946,332,20.7,0.26,29,5100,63.4,17,7.09,115,Epithermal
Xinling,XL-15 (Sp1),"Sun et al., 2021",17300,66.5,0.010724747,1820,20,0.36,20.8,5320,66.5,61,13.7,9300,Epithermal
Xinling,XL-15 (Sp1),"Sun et al., 2021",15500,39.8,0.000480517,227,17.1,0.31,22.3,5080,66.7,910,13.7,185,Epithermal
Xinling,XL-15 (Sp1),"Sun et al., 2021",15100,13.5,0.009616203,1250,14.8,0.27,19.6,5200,48.7,11.3,6.8,24.6,Epithermal
Xinling,XL-15 (Sp1),"Sun et al., 2021",14600,55,0.033286081,408,18.1,0.26,25.7,5080,54.6,23.1,16.1,150,Epithermal
Xinling,XL-1 (Sp2),"Sun et al., 2021",8700,658,1.86,1480,70.2,1.05,11,6710,14.5,8.4,6.5,66,Epithermal
Xinling,XL-1 (Sp2),"Sun et al., 2021",3500,685,1.99,1840,154,1.04,16,6790,21.1,39.9,18,51.2,Epithermal
Xinling,XL-1 (Sp2),"Sun et al., 2021",2900,625,1.61,5900,192,0.22,15.3,6740,9.58,11.9,0.74,46,Epithermal
Xinling,XL-1 (Sp2),"Sun et al., 2021",4100,508,1.26,9500,87.5,2.77,570,6620,17.2,10.2,3060,56.7,Epithermal
Xinling,XL-1 (Sp2),"Sun et al., 2021",3600,503,1.37,1970,179,2.21,24.4,6480,31.7,45.8,3.47,115,Epithermal
Xinling,XL-1 (Sp2),"Sun et al., 2021",5100,698,1.69,4580,115,0.73,199,7290,21.6,29.3,10.2,189,Epithermal
Xinling,XL-1 (Sp2),"Sun et al., 2021",8200,500,1.68,3350,162,2.81,118,6170,17.6,77,460,92.3,Epithermal
Xinling,XL-1 (Sp2),"Sun et al., 2021",4600,741,0.86,3290,62,5.72,18,8500,11.2,7.94,21.6,38.5,Epithermal
Xinling,XL-1 (Sp2),"Sun et al., 2021",6300,654,1.3,2153,193,2.14,10,7420,14.5,17.1,6.83,42.3,Epithermal
Xinling,XL-1 (Sp2),"Sun et al., 2021",2900,443,1.21,6580,177,2.84,73,5840,17.5,48,750,139,Epithermal
Xinling,XL-40 (Sp2),"Sun et al., 2021",4500,574,1.65,5900,67.5,4.54,191,6960,15.6,13.8,2370,59.9,Epithermal
Xinling,XL-40 (Sp2),"Sun et al., 2021",11300,638,1.94,3650,176,5.02,88,6890,26.8,38.7,78,90.4,Epithermal
Xinling,XL-40 (Sp2),"Sun et al., 2021",5300,717,0.8,2670,191,1.24,10.2,8110,57.7,56.5,1.99,29.6,Epithermal
Xinling,XL-40 (Sp2),"Sun et al., 2021",2800,745,1.88,3750,426,3.66,9.9,7260,17.5,87.8,5.51,40.4,Epithermal
Xinling,XL-40 (Sp2),"Sun et al., 2021",6500,735,1.43,1750,145,3.31,11.3,7340,22.9,16.4,8.3,41.4,Epithermal
Xinling,XL-40 (Sp2),"Sun et al., 2021",5000,670,1.61,1182,156,5.92,18.4,6720,21.7,6.23,14.4,40.3,Epithermal
Xinling,XL-40 (Sp2),"Sun et al., 2021",4200,621,1.81,4370,94.2,0.88,136,7010,29.5,20.7,1060,73.2,Epithermal
Xinling,XL-40 (Sp2),"Sun et al., 2021",4700,718,1.62,3640,63.5,0.45,17.9,7180,26.9,11.1,3.13,62.7,Epithermal
Xinling,XL-40 (Sp2),"Sun et al., 2021",2500,614,1.01,2940,99.9,0.87,96,6720,20.7,56,970,900,Epithermal
Sinongduo,0022-26J (Sp1),"Xiao, 2020",7669.69,1159.88,4.49,156.6,4.74,0.008157128,32.72,2860.38,26.95,29.46,0.74,22.22,Epithermal
Sinongduo,0022-26J (Sp1),"Xiao, 2020",14963.04,277.95,13.97,405.79,0.013127975,0.05,15.61,3729.9,356.81,1.38,0.13,15.85,Epithermal
Sinongduo,0022-26J (Sp1),"Xiao, 2020",15581.7,287.46,24.97,454.01,0.17,0.055790971,27.27,3521.35,722.3,20.09,0.09,44.97,Epithermal
Sinongduo,0022-26J (Sp1),"Xiao, 2020",11131.16,786.6,27.5,1026.33,5.54,0.24,45.56,2764.26,297,809.55,0.09,9.98,Epithermal
Sinongduo,0022-26J (Sp1),"Xiao, 2020",10538.87,903.17,18.78,601.49,10.09,0.3,46.48,2907.58,19.93,453.3,1.18,16.66,Epithermal
Sinongduo,0022-88J (Sp1),"Xiao, 2020",5891.19,2570.3,0.07,77.77,0.39,0.57,43.63,2596.59,10.16,17.51,3.51,5089.99,Epithermal
Sinongduo,0022-88J (Sp1),"Xiao, 2020",7896.16,2460.97,0.1,290.46,0.86,9.00E-05,48.49,2439.72,8.74,25.69,0.92,926.99,Epithermal
Sinongduo,0022-88J (Sp1),"Xiao, 2020",6520.73,3059.48,0.07,82.4,1.92,0.25,33.24,2993.86,18.69,12.18,0.75,65.27,Epithermal
Sinongduo,0101-111.4J (Sp1),"Xiao, 2020",28046.43,293.92,18.77,7222.21,0.024738747,0.029789393,326.93,5414.21,776.98,20.92,0.43,136.58,Epithermal
Sinongduo,0101-111.4J (Sp1),"Xiao, 2020",24217.3,304.7,15.85,2142.47,0.55,0.000768611,1797.77,3980.61,22.85,112.45,2.7,5034.07,Epithermal
Sinongduo,0101-111.4J (Sp1),"Xiao, 2020",17048.29,283.12,13.78,1230.64,0.017244918,0.17,1541.36,5636.94,102.59,378.72,2.33,162.05,Epithermal
Sinongduo,0102-158.1J (Sp2),"Xiao, 2020",1771.87,449.91,7.58,147.4,1.91,0.37,156.15,4133.76,28.12,22.9,8.76,373.5,Epithermal
Sinongduo,0102-158.1J (Sp2),"Xiao, 2020",2979.03,468.52,9.45,191.37,3.5,0.34,82.03,4052.41,25.9,11.54,5.08,109.08,Epithermal
Sinongduo,0102-158.1J (Sp2),"Xiao, 2020",1654.44,253.1,2.81,196.42,0.84,0.025099223,146.12,4232.5,29.27,66.1,6.97,243.23,Epithermal
Sinongduo,0102-158.1J (Sp2),"Xiao, 2020",1778.38,256.71,3.82,227.1,1.16,0.33,137.22,4217.2,28.19,135.3,6.74,216.73,Epithermal
Sinongduo,0102-158.1J (Sp2),"Xiao, 2020",2597.68,348.32,6.05,262.13,2.59,0.22,135.35,3918.88,24.11,89.95,9.37,159.36,Epithermal
Sinongduo,0102-158.1J (Sp2),"Xiao, 2020",3269.25,350.04,9.15,242.42,0.36,0.3,129.67,4071.47,31.93,2546.72,8.97,370.92,Epithermal
Sinongduo,0102-222.4J (Sp2),"Xiao, 2020",11884.13,331.12,0.97,4427.96,0.53,0.00308703,41.92,4506.24,71.88,23.53,1.92,5.64,Epithermal
Sinongduo,0102-222.4J (Sp2),"Xiao, 2020",7751.88,463.56,4.74,1760.35,1.37,0.72,154.16,4103.07,535.53,92.65,5.14,1956.55,Epithermal
Sinongduo,0102-222.4J (Sp2),"Xiao, 2020",6478.97,336.61,6.51,573.41,0.34,0.002756526,28.88,4642.75,665.58,56.6,0.31,12.11,Epithermal
Sinongduo,0102-222.4J (Sp2),"Xiao, 2020",14684.22,340.66,5.05,9877.54,1.12,0.39,101.88,4857.37,328.16,12.67,11.05,161.3,Epithermal
"Laochang, Gejiu",ZK18-1–3,"Zhao et al., 2021",65300,275,121,4500,0.32,1.97,16.5,4400,635,146,0.21,4.71,Skarn
"Laochang, Gejiu",ZK18-1–3,"Zhao et al., 2021",69300,239,132,13200,0.29,0.245,41.3,4100,722,34.59,0.39,22.8,Skarn
"Laochang, Gejiu",ZK18-1–3,"Zhao et al., 2021",80400,970,111,200,0.12,0.245,2.28,3800,327,10.85,151.5,2.86,Skarn
"Laochang, Gejiu",ZK18-1–3,"Zhao et al., 2021",80800,985,112,500,0.16,0.52,3.18,3800,360,2.06,151.5,2.27,Skarn
"Laochang, Gejiu",ZK18-1–3,"Zhao et al., 2021",72100,618,119,5800,0.25,0.245,17.3,4300,473,14.65,0.37,4.84,Skarn
"Laochang, Gejiu",ZK18-1–3,"Zhao et al., 2021",67200,185,129,9200,1.57,1.21,28.6,4300,723,76.82,0.33,10.9,Skarn
"Laochang, Gejiu",ZK18-1–3,"Zhao et al., 2021",74200,698,126,2600,0.17,0.5,8.3,4300,352,3,0.08,3.93,Skarn
"Laochang, Gejiu",ZK18-1–3,"Zhao et al., 2021",76100,903,112,1200,0.12,0.245,3.04,4000,292,1.07,151.5,0.9,Skarn
"Laochang, Gejiu",ZK18-1–3,"Zhao et al., 2021",78900,949,109,1100,0.2,0.245,2.56,4100,385,1.08,151.5,1.47,Skarn
"Laochang, Gejiu",ZK18-2–11,"Zhao et al., 2021",90600,955,128,1300,0.34,0.245,3.41,4700,438,3.15,151.5,0.33,Skarn
"Laochang, Gejiu",ZK18-2–11,"Zhao et al., 2021",77100,731,125,3300,6.04,3.15,8.44,4300,412,276,0.07,0.9,Skarn
"Laochang, Gejiu",ZK18-3–8,"Zhao et al., 2021",84000,2557,93.9,200,0.89,0.54,1.6,4200,271,1,151.5,0.39,Skarn
"Laochang, Gejiu",LCK18-34,"Zhao et al., 2021",54100,19.7,24.6,18900,0.6,0.245,94.2,3800,692,15.5,0.22,51,Skarn
"Laochang, Gejiu",LCK18-34,"Zhao et al., 2021",56400,69.3,31.3,14600,0.77,0.245,60.4,4000,450,24.1,0.25,15.8,Skarn
"Laochang, Gejiu",LCK18-34,"Zhao et al., 2021",59100,102,28.5,14100,4.54,0.56,62.9,3400,367,35.7,0.71,17.6,Skarn
Baiyinnuoer,BY1-5B,"Ma, 2020",124000,2758,13.3,11135,1.62,0.76,13.9,2418,17.7,4.62,1.68,60.8,Skarn
Baiyinnuoer,BY1-5B,"Ma, 2020",136000,3904,13.3,57.9,1.53,0.52,1.06,2447,18.8,7.06,0.15,1.31,Skarn
Baiyinnuoer,BY1-5B,"Ma, 2020",132000,3777,13.8,1148,1.53,0.76,3.52,2498,18.5,5.03,0.41,3.44,Skarn
Baiyinnuoer,BY2-4-2(1),"Ma, 2020",55700,989,76.2,10.3,0.08,0.69,1.5,2891,5.63,1.29,0.18,8.58,Skarn
Baiyinnuoer,BY2-4-2(1),"Ma, 2020",54800,966,74.1,9.05,0.11,0.000674005,0.75,2867,5.09,0.49,0.05,11.8,Skarn
Baiyinnuoer,BY2-4-2(1),"Ma, 2020",52800,923,75.5,5.79,0.06,0.002989745,0.97,2909,6.4,0.12,0.08,3.7,Skarn
Baiyinnuoer,BY2-4-2(2),"Ma, 2020",55800,878,77,12.7,0.1,0.009921744,4.96,2809,5.88,6.43,0.75,14.8,Skarn
Baiyinnuoer,BY2-4-2(2),"Ma, 2020",57100,1475,73.1,12.5,0.14,0.000718326,5.55,2688,6.07,2.19,1.37,11.6,Skarn
Baiyinnuoer,BY2-4-2(2),"Ma, 2020",54800,931,74.9,7.25,0.14,0.26,0.99,2852,6.1,0.59,0.6,7.23,Skarn
Baiyinnuoer,BY2-6a(1),"Ma, 2020",13600,1872,1.61,9.91,0.25,0.015917396,1.91,2516,10.3,0.77,0.09,105,Skarn
Baiyinnuoer,BY2-6a(1),"Ma, 2020",15000,1928,2.32,8.79,0.33,0.8,16.5,2428,11.4,2.98,0.97,431,Skarn
Baiyinnuoer,BY2-6a(2),"Ma, 2020",14000,1831,0.22,9.51,0.03,0.74,7.79,2584,14.9,0.75,0.1,114,Skarn
Baiyinnuoer,BY2-6a(2),"Ma, 2020",14300,2294,0.55,14.1,0.11,0.45,20.8,2654,14.5,5.25,0.9,319,Skarn
Baiyinnuoer,BY2-6a(2),"Ma, 2020",14800,2002,0.32,8.54,0.13,0.27,7.22,2756,15.1,2.78,0.6,510,Skarn
Baiyinnuoer,BY2-7a(1),"Ma, 2020",122000,3553,23.8,6406,0.72,0.36,37.7,2716,21.2,0.93,0.22,6.66,Skarn
Baiyinnuoer,BY2-7a(1),"Ma, 2020",124000,4114,30.4,5025,1.37,0.66,26.9,2679,21.4,0.85,0.01,1.39,Skarn
Baiyinnuoer,BY2-7a(1),"Ma, 2020",170000,3753,42.6,1106,0.77,1.03,15.1,2466,21.6,0.69,0.47,15.3,Skarn
Baiyinnuoer,BY2-7a(2)-01,"Ma, 2020",116000,3924,22,5238,5.75,3.12,31.8,1824,29.1,57.3,0.23,20.4,Skarn
Baiyinnuoer,BY2-7a(2)-01,"Ma, 2020",120000,3770,26,10924,0.72,0.32,60.3,2398,34.3,0.79,0.24,27.2,Skarn
Baiyinnuoer,BY2-7a(2)-01,"Ma, 2020",126000,3663,25.8,6435,0.68,0.69,53.6,2392,35.7,5.41,0.62,99.2,Skarn
Kaiyuan,BKY211-1(1),"Ma, 2020",75300,13995,242,68.9,0.43,0.21,14.4,4022,94,7.19,0.4,11.8,Skarn
Kaiyuan,BKY211-1(1),"Ma, 2020",75300,13924,243,58.7,0.7,0.017562408,0.97,3923,95.9,4.81,0.06,0.24,Skarn
Kaiyuan,BKY211-1(1),"Ma, 2020",77200,14159,242,55.9,0.49,0.17,1.12,3904,93.2,4.78,0.06,0.16,Skarn
Kaiyuan,BKY211-1(2),"Ma, 2020",88200,16118,236,46,0.63,0.55,0.7,4213,66,5.93,0.004133206,0.2,Skarn
Kaiyuan,BKY211-1(2),"Ma, 2020",89200,16199,235,47.6,0.67,0.62,0.64,4329,66.9,7.28,0.01,0.2,Skarn
Kaiyuan,BKY211-1(2),"Ma, 2020",93900,16339,241,1252,0.78,0.35,2.92,4299,68.2,76.9,0.13,0.49,Skarn
Kaiyuan,BKY215-1(1),"Ma, 2020",41800,4961,18.8,7.2,0.06,0.47,0.71,4063,12.1,1.02,0.00027421,2.88,Skarn
Kaiyuan,BKY215-1(1),"Ma, 2020",42300,5752,17,5.96,0.08,0.19,0.43,3774,9.36,0.76,0.03,1.81,Skarn
Kaiyuan,BKY215-1(1),"Ma, 2020",31200,2844,14.5,6.65,0.18,0.011151517,0.62,3312,9.31,2.71,0.02,1.33,Skarn
Kaiyuan,BKY215-1(2),"Ma, 2020",27400,2333,13.8,7.06,0.01,0.11,1.66,2927,11,1.6,0.06,4.16,Skarn
Kaiyuan,BKY215-1(2),"Ma, 2020",24700,2130,12.6,5.67,0.06,0.011160639,0.34,2724,8.71,0.8,0.02,0.88,Skarn
Kaiyuan,BKY215-1(2),"Ma, 2020",20900,1712,10.4,5.25,0.007061539,0.01,0.6,23856,9.89,0.45,0.06,0.35,Skarn
Kaiyuan,KY03-2(1),"Ma, 2020",92900,8675,30.4,64.6,2.37,0.042739744,1.31,2853,75.8,1.73,0.37,3.36,Skarn
Kaiyuan,KY03-2(1),"Ma, 2020",107000,9508,33.6,103,1.13,0.4,1.16,3361,80.9,9.67,0.03,0.9,Skarn
Kaiyuan,KY03-2(1),"Ma, 2020",96400,7706,33.1,4329,1.84,0.3,19.7,3481,88.3,1.34,0.66,7.71,Skarn
Kaiyuan,KY03-2(2),"Ma, 2020",97500,7264,67.5,748,1.62,0.14,9.53,3643,118,1.05,0.18,11.6,Skarn
Kaiyuan,KY03-2(2),"Ma, 2020",105000,7914,71.4,1482,1.3,0.39,16.3,3827,127,0.99,0.22,35.7,Skarn
Kaiyuan,KY03-2(2),"Ma, 2020",109000,8335,73.6,962,2.2,0.47,10.6,4047,133,1.47,0.29,20.8,Skarn
Yaojialing,4107,"Liu, 2019 ",25864.69,1114.3,61.42,1987.01,0.47,0.45,5.09,1847.95,8.64,2.29,0.13,0.79,Skarn
Yaojialing,4107,"Liu, 2019 ",47410.94,752.25,50.37,15403.22,0.75,0.03,34.69,1681.56,8.99,2.61,3.11,6.51,Skarn
Yaojialing,4107,"Liu, 2019",23438.4,776.78,61.29,164.68,1.08,0.35,16.17,1699.05,8.34,2.52,0.11,1.99,Skarn
Yaojialing,4107,"Liu, 2019",41810.37,1601.61,432.64,92.3,0.32,0.1,1.42,1200.61,7.71,2.44,0.15,1.08,Skarn
Yaojialing,4107,"Liu, 2019",41340.83,1609.18,419.36,143.74,0.28,0.78,1.13,1193.45,7.43,2.1,0.11,1.36,Skarn
Yaojialing,4107,"Liu, 2019",41224,1636.77,412.98,169.76,0.44,0.15,2.1,1199.81,7.53,2.23,0.015724148,0.46,Skarn
Yaojialing,4107,"Liu, 2019",41379.47,1658.44,411.81,87.9,0.34,0.39,1.8,1190.21,7.13,2.43,0.02,0.16,Skarn
Yaojialing,4107,"Liu, 2019",41347.74,1619.02,419.95,132.44,0.33,0.5,1.32,1193.6,7.17,2.63,0.01,0.09,Skarn
Yaojialing,4709,"Liu, 2019",33079.12,189.5,616.05,18226.33,4.07,0.23,37.57,578.51,74.2,3.48,0.85,43.53,Skarn
Yaojialing,4709,"Liu, 2019",28803.46,415.86,356.97,9872.07,1.57,0.13,11.12,715.36,54.51,2.75,0.16,4.64,Skarn
Yaojialing,4709,"Liu, 2019",29336.59,484.99,664.77,9405.16,8.92,0.56,4.33,846,109.62,9.68,0.67,3.87,Skarn
Yaojialing,3910-808,"Xiong et al., 2022",20300,1314,2222.17,10529.17,0.45,1.26,91.49,1506.99,56.8,0.32,0.92,16.17,Skarn
Yaojialing,3910-808,"Xiong et al., 2022",14800,1538.64,2084.37,6397.55,1.09,1.13,65.18,2106.91,58.22,0.73,3.71,0.76,Skarn
Yaojialing,3910-808,"Xiong et al., 2022",14000,1384.77,2277.78,7036.97,0.23,1.21,51.71,2111.21,68.02,0.25,1.75,17.48,Skarn
Yaojialing,3910-808,"Xiong et al., 2022",33700,1248.22,2035.73,18314.79,0.66,1.48,61.89,1920.79,56.63,0.64,3.97,33.9,Skarn
Yaojialing,3910-808,"Xiong et al., 2022",26200,1538.81,2123.58,9591.66,0.31,1.72,45.75,1765.11,57.62,0.3,0.001907016,0.020747248,Skarn
Yaojialing,3910-808,"Xiong et al., 2022",17400,1333.22,954.45,3803.76,0.49,1.01,37.02,2042.05,200.12,0.36,4.72,15.05,Skarn
Yaojialing,3910-808,"Xiong et al., 2022",14000,1025.16,877.99,1846.25,0.43,0.96,29.37,2029.02,195.52,0.6,2.2,17.43,Skarn
Yaojialing,3910-808,"Xiong et al., 2022",16100,1017.16,851.66,2692.76,0.55,1.76,42.42,1938.7,207.67,0.71,5.72,14.78,Skarn
Yaojialing,3910-808,"Xiong et al., 2022",15200,1236.73,825.34,2788.15,1.42,1.25,35.42,1990.5,234.97,0.35,3.37,6.48,Skarn
Yaojialing,3910-808,"Xiong et al., 2022",16200,1126.16,751.42,1994.77,1.94,0.91,24.95,2042.61,268.3,0.38,1.25,11.89,Skarn
Yaojialing,3910-808,"Xiong et al., 2022",17200,1059.67,736.03,2256.71,2.1,0.92,35.17,2005.05,260.05,0.31,0.61,6.1,Skarn
Yaojialing,3910-808,"Xiong et al., 2022",24600,1033.28,789.87,530.26,0.48,1.15,26.57,2014.44,201.34,0.37,0.003138234,0.2,Skarn
Yaojialing,3910-808,"Xiong et al., 2022",23900,953.32,781.01,209.2,0.36,1.29,16.14,1987.99,197.43,0.38,0.32,2.09,Skarn
Yaojialing,3910-808,"Xiong et al., 2022",22900,990.87,757.13,182.22,0.55,1.25,15.09,2068.92,231.63,0.33,0.32,1.28,Skarn
Yaojialing,3910-808,"Xiong et al., 2022",23600,974.19,763.48,190.59,0.39,0.88,13.62,1988.58,199.74,0.24,0.12,4.13,Skarn
Yaojialing,3910-808,"Xiong et al., 2022",22700,969.04,772.2,205.33,0.67,1.5,14.42,1980.27,199.98,0.34,0.1,0.63,Skarn
Yaojialing,3910-808,"Xiong et al., 2022",23000,929.59,767.08,275.07,0.64,1.08,23.5,1986.27,204.66,0.39,0.17,1.66,Skarn
Yaojialing,3910-808,"Xiong et al., 2022",16800,1211.35,1336.95,3593.2,0.92,1,35.39,2038.69,206.23,0.42,0.66,14.11,Skarn
Yaojialing,3910-808,"Xiong et al., 2022",16800,1479.89,2319.24,3952.31,0.43,1.24,38.03,2079.48,206.27,0.4,3.83,9.68,Skarn
Yaojialing,3910-808,"Xiong et al., 2022",17000,1380.01,1561.87,3025.56,0.45,1.24,25.63,1941.26,183.15,0.38,0.23,3.33,Skarn
Yaojialing,3910-808,"Xiong et al., 2022",18400,1304.97,1096.99,3271.05,0.33,1.1,24.79,2077.86,166,0.5,1.81,8.55,Skarn
Yaojialing,3910-808,"Xiong et al., 2022",13700,1746.33,2924.38,2044.79,0.6,1.43,38.99,2023.12,183.06,0.33,2.2,12.45,Skarn
Yaojialing,3910-808,"Xiong et al., 2022",16500,1439.28,1975.62,4493.57,0.13,1.57,31.83,2071.7,173.82,0.37,2.36,10.57,Skarn
Yaojialing,4103-862,"Xiong et al., 2022",24400,5860.67,2728.25,551.07,10.51,0.88,4.94,2520.43,2.1,0.6,0.000810384,1.07,Skarn
Yaojialing,4103-862,"Xiong et al., 2022",22800,6114.63,2588.39,2795.22,9.44,1.38,10.26,2488.05,2.1,0.61,0.12,3.45,Skarn
Yaojialing,4103-862,"Xiong et al., 2022",25600,6470.21,2713.52,1110.95,8.86,1.12,6.22,2421.15,1.82,0.64,0.017586374,2.03,Skarn
Yaojialing,4103-862,"Xiong et al., 2022",25000,6124.36,2482.81,3962.45,6.8,0.014960807,8.65,2460.27,1.66,0.61,0.23,48.88,Skarn
Yaojialing,4103-862,"Xiong et al., 2022",22100,5198.68,2579.46,4937.98,9.24,1.42,11.9,2063.28,1.72,0.38,0.1,5.04,Skarn
Yaojialing,4103-862,"Xiong et al., 2022",22900,5224.53,2501.85,1266.8,8.75,1.44,6.99,2485.68,2.11,0.44,0.57,4.92,Skarn
Yaojialing,4103-862,"Xiong et al., 2022",23800,6320.36,2659.76,579.67,5.56,1.52,5.3,2442.22,0.86,0.64,0.019515981,0.79,Skarn
Yaojialing,4103-862,"Xiong et al., 2022",24600,6408.74,2700.44,712.62,8.01,1.74,5.8,2474.43,1.02,0.35,0.004724025,1.01,Skarn
Yaojialing,4103-862,"Xiong et al., 2022",24500,6573.28,2744.14,854.25,7.52,1.4,6.17,2515.85,1.15,0.48,0.002610905,0.67,Skarn
Yaojialing,4103-862,"Xiong et al., 2022",21800,6311.69,2320.52,2506.8,6.58,1.22,10.22,2507.71,1.24,0.82,0.98,9.36,Skarn
Yaojialing,4103-862,"Xiong et al., 2022",22900,6002.78,2360.52,3926.76,4.69,1.39,9.62,2463.65,1.42,0.42,0.004282002,1.29,Skarn
Yaojialing,4103-862,"Xiong et al., 2022",22900,6559.18,2581.27,906.7,6.99,1.09,6.11,2557.63,1.06,0.25,0.007059319,1.32,Skarn
Yaojialing,4103-862,"Xiong et al., 2022",24800,6336.74,2471.47,333.11,5.81,1.17,5.79,2528.13,1.24,0.88,0.89,6.38,Skarn
Yaojialing,4103-862,"Xiong et al., 2022",24800,6329.71,2486.72,858.32,7.24,1.12,6.39,2557.53,1.39,0.46,0.08,2.11,Skarn
Yaojialing,4103-862,"Xiong et al., 2022",21700,5523.5,2131.93,723.19,6.63,1.13,9.12,2576.35,1.45,0.45,1.17,11.2,Skarn
Yaojialing,4103-862,"Xiong et al., 2022",28100,5512.92,2388.43,7064.92,6.86,1.61,8.97,2427.91,1.38,0.47,0.37,6.76,Skarn
Yaojialing,4103-862,"Xiong et al., 2022",27200,6205.11,2565.12,4129.27,6.81,1.76,10.26,2482.54,1.34,0.52,0.45,15.71,Skarn
Yaojialing,4103-862,"Xiong et al., 2022",25000,6451.84,2642.59,408.72,8.35,1.28,7.28,2576.49,1.83,0.55,0.001954506,1.24,Skarn
Yaojialing,4103-862,"Xiong et al., 2022",26200,6581.5,2737.41,250.16,9.15,0.001765057,6.38,2550.9,1.85,0.55,0.009599695,0.54,Skarn
Yaojialing,4103-862,"Xiong et al., 2022",23600,5820.91,2731.59,4102.56,4.87,1.45,22.18,2447.28,1.75,0.6,0.4,14.6,Skarn
Yaojialing,4103-862,"Xiong et al., 2022",24500,5930.96,2793.11,2073.89,4.46,1.17,17.08,2224.09,1.42,0.44,1.02,20.72,Skarn
Yaojialing,4103-862,"Xiong et al., 2022",26300,6734.85,2802.52,530.4,7.96,1.14,7.93,2510.92,1.39,0.41,0.015080137,1.98,Skarn
Yaojialing,3107,"Liu, 2019",30319.9,4100.46,4.39,58.63,0.015947106,0.17,4.06,2420.06,0.013871207,3.2,0.07,25.25,Epithermal
Yaojialing,3107,"Liu, 2019",26957.23,3480.93,4.2,28.46,0.18,0.07,3.39,2364.1,0.01399385,1.89,0.22,0.048735885,Epithermal
Yaojialing,3107,"Liu, 2019",24970.95,3209.11,4.52,71.1,0.3,0.25,5.09,2313.76,0.02,2.27,1.13,6.59,Epithermal
Yaojialing,3107,"Liu, 2019",25994.03,3360.88,4.46,19.63,0.12,0.26,4.57,2406.44,0.02,1.83,0.08,2.12,Epithermal
Yaojialing,3107,"Liu, 2019",25537.64,3327.56,4.32,29.76,0.34,0.68,2.55,2441.72,0.03,1.6,0.37,2.55,Epithermal
Yaojialing,3107,"Liu, 2019",29655.45,1699.3,0.05,378.79,0.07,0.71,12.92,2469.6,3.28,3.98,6.02,6.18,Epithermal
Yaojialing,3107,"Liu, 2019",26670.19,1656.84,0.08,109.55,0.85,0.002897722,13.47,2571.74,7.1,3.76,0.16,4.45,Epithermal
Yaojialing,3107,"Liu, 2019",25184.63,1796.59,0.02,22.96,0.44,0.56,4.31,2517.61,7.72,3.69,1.6,3.64,Epithermal
Yaojialing,4711,"Liu, 2019",107684.98,3056.48,0.87,90.14,79.31,1.28,11.1,2590.28,0.86,2.12,0.011089421,1.52,Epithermal
Yaojialing,4711,"Liu, 2019",105401.44,1315.97,1.02,62.9,57.18,1.05,9.86,2794.01,0.72,1.86,0.2,2.08,Epithermal
Yaojialing,4711,"Liu, 2019",104512.98,1087.9,0.88,19.88,7.09,0.33,8.82,2869.18,0.31,1.91,0.00071835,2.17,Epithermal
Yaojialing,4711,"Liu, 2019",107559.79,746.93,1.05,22.63,7.7,0.24,12.81,2891.88,0.23,1.8,0.76,6.48,Epithermal
Yaojialing,4711,"Liu, 2019",104026.54,681.84,1.26,22.22,8.68,0.71,7.47,2962.76,0.19,2.14,0.001396289,1.46,Epithermal
Yaojialing,3809-460,"Xiong et al., 2022",80100,4022.12,2.34,513.06,112.57,6.13,59.37,4851.64,1.44,216.26,23.34,34.28,Epithermal
Yaojialing,3809-460,"Xiong et al., 2022",38400,3126.59,3.01,106.23,317,11.72,44.2,5705.97,0.09,8.95,0.09,1.37,Epithermal
Yaojialing,3809-460,"Xiong et al., 2022",83100,4029.14,3.08,932.22,120.46,15.99,55.23,4783.43,44.84,113.48,10.69,36.91,Epithermal
Yaojialing,3809-460,"Xiong et al., 2022",39600,3109.87,3.26,142.82,316.39,11.79,21.57,5683.64,0.12,12.51,9.16E-05,2.06,Epithermal
Yaojialing,3809-460,"Xiong et al., 2022",83200,4029.7,2.71,343.84,67.22,4.26,40.86,4671.58,5.69,66.87,17.12,24.1,Epithermal
Yaojialing,3809-460,"Xiong et al., 2022",35900,3034.85,2.22,127.83,333.37,14.46,35.61,5518.67,2.32,49.83,0.3,9.4,Epithermal
Yaojialing,3809-460,"Xiong et al., 2022",83500,4154.06,2.85,216.57,37.41,1.37,26.65,4706.3,16.09,9.8,9.53,10.85,Epithermal
Yaojialing,3809-460,"Xiong et al., 2022",35800,3194.5,2.13,141.42,309.74,15.73,15.27,5507.13,7.05,91.73,0.000134769,0.64,Epithermal
Yaojialing,3809-460,"Xiong et al., 2022",39600,2815.24,1.31,156.06,23.03,1.65,46.83,4992.79,40.79,7.47,8.63,14.53,Epithermal
Yaojialing,3809-460,"Xiong et al., 2022",36800,3376.32,3.41,127.63,343.17,15.2,23.84,5846.4,0.21,29.66,3.12,2.82,Epithermal
Yaojialing,3809-460,"Xiong et al., 2022",27300,2302.13,0.67,27.4,8.78,0.001351375,42.86,4974.93,31.89,6.44,6.25,9.02,Epithermal
Yaojialing,3809-460,"Xiong et al., 2022",17900,4773.47,0.005560836,11.74,31.61,1.32,3.01,5854.99,0.47,0.91,0.001319417,0.09,Epithermal
Yaojialing,3809-460,"Xiong et al., 2022",16200,5028.74,0.06,14.64,27.26,0.032143379,4.38,5709.29,0.27,0.43,0.48,1.42,Epithermal
Yaojialing,3809-460,"Xiong et al., 2022",16300,4764.02,0.05,14.85,32.68,1.46,3.27,5720.6,0.48,0.49,0.1,3.22,Epithermal
Yaojialing,3809-460,"Xiong et al., 2022",19100,4841.82,0.004001443,32.66,65.84,0.96,4.82,5822.28,37.42,15.19,0.08,0.38,Epithermal
Yaojialing,3809-460,"Xiong et al., 2022",14000,4703.36,0.0039569,21.32,31.3,1.17,7.08,5885.11,2.1,2.48,0.46,1.11,Epithermal
Yaojialing,3809-460,"Xiong et al., 2022",13700,5072.92,0.05,14.63,26.53,1.22,11.71,5748.17,1.42,4.01,1.85,1.11,Epithermal
Yaojialing,3809-460,"Xiong et al., 2022",17900,7922.83,0.027185223,22.03,57.48,1.74,3.32,7249.21,7.93,9.63,0.14,0.66,Epithermal
Yaojialing,3809-460,"Xiong et al., 2022",17500,7948.42,0.003670655,48.82,74.32,1.6,3.27,7060.59,1.94,3.69,0.27,0.72,Epithermal
Yaojialing,3809-460,"Xiong et al., 2022",18100,7554.35,0.029578467,86.63,247.11,7.49,6.93,7262.37,1.28,6.86,0.32,1.73,Epithermal
Yaojialing,3809-460,"Xiong et al., 2022",18400,7357.62,0.027441578,69.02,184.77,5.6,5.03,7059.7,0.6,2.28,0.26,1.33,Epithermal
Yaojialing,3809-460,"Xiong et al., 2022",18100,7721.35,0.03108093,49.29,129.99,3.5,8.94,7284.23,1.78,12.23,0.65,6.49,Epithermal
Yaojialing,3809-460,"Xiong et al., 2022",18000,7732.74,0.021408148,32.38,85.91,1.68,10.57,7214.6,3.29,6,0.03,0.24,Epithermal
Yaojialing,3811-409,"Xiong et al., 2022",2300,3425.35,0.68,1310.34,0.18,0.047252702,86.56,3494.54,15.69,0.43,0.75,23.98,Epithermal
Yaojialing,3811-409,"Xiong et al., 2022",2500,3262.25,2.18,1456.22,0.18,0.000492236,164.01,3356.67,31.31,0.92,0.46,77.64,Epithermal
Yaojialing,3811-409,"Xiong et al., 2022",2500,3464.88,2.23,1456.81,0.11,0.001948553,128.19,3156.68,24.3,0.91,0.31,46.1,Epithermal
Yaojialing,3811-409,"Xiong et al., 2022",2400,3185.81,1.58,1286.55,0.018693525,1.1,175.24,3678.29,17.04,0.24,0.31,470.95,Epithermal
Yaojialing,3811-409,"Xiong et al., 2022",2600,2461.13,2.34,1514.63,0.31,1.16,155.32,3444.45,26.98,0.34,0.4,113.67,Epithermal
Yaojialing,3811-409,"Xiong et al., 2022",2700,2438.96,1.37,1551.89,0.46,1.34,50.87,3090.44,56.9,0.27,1.02,17.1,Epithermal
Yaojialing,3811-409,"Xiong et al., 2022",2500,2037.45,0.002491689,1187.03,15.68,1.4,98.56,3290.29,1.45,2.56,0.56,44.23,Epithermal
Yaojialing,3811-409,"Xiong et al., 2022",2700,2550.37,0.023903187,1541.65,10.14,1.2,78.81,3236.28,2.06,3.81,0.6,21.55,Epithermal
Yaojialing,3811-409,"Xiong et al., 2022",2200,2674.34,0.006282887,1193.81,8.66,1.43,59.96,3218.24,3.16,7.35,0.47,33.22,Epithermal
Yaojialing,3811-409,"Xiong et al., 2022",2300,2107.25,0.027800298,1368.57,10.35,1.64,85.06,3357.66,3.49,3.59,0.58,41.03,Epithermal
Yaojialing,3811-409,"Xiong et al., 2022",2800,2493.88,0.027949158,1603.58,1.48,0.97,71.76,3156.72,33.96,0.94,0.87,95.61,Epithermal
Yaojialing,3811-409,"Xiong et al., 2022",3000,2279.82,0.000212831,1906.26,9.94,0.98,93.33,3143.58,3.79,4.13,0.76,37.94,Epithermal
Yaojialing,3811-409,"Xiong et al., 2022",3500,1351.79,0.030312226,1981.19,0.16,0.96,31.05,3271.09,22.09,0.46,0.15,12.55,Epithermal
Yaojialing,3811-409,"Xiong et al., 2022",3400,1597.6,0.006991497,1922.58,0.19,1.01,43.17,3060.45,21.22,0.47,0.2,12.16,Epithermal
Yaojialing,3811-409,"Xiong et al., 2022",4200,2258.85,0.000237948,2587.82,0.97,0.93,38.63,3312.59,77,2.14,0.76,14.87,Epithermal
Yaojialing,3811-409,"Xiong et al., 2022",4400,1689.58,0.021396575,2305.68,0.25,1.05,24.47,2814.93,48.27,0.53,0.23,4.85,Epithermal
Yaojialing,3811-409,"Xiong et al., 2022",3800,2330.21,0.030646977,2099.59,1.23,1.22,27.75,2783.57,104.02,2.18,0.22,4.13,Epithermal
Yaojialing,3811-409,"Xiong et al., 2022",3600,3015.37,0.015339168,1972.47,1.22,0.89,80.94,3228.82,89.37,1.9,0.28,90.32,Epithermal
Yaojialing,3811-409,"Xiong et al., 2022",3200,3012.92,0.008320311,1588.99,0.51,0.84,21.45,2878.3,21.93,0.36,0.24,5.09,Epithermal
Yaojialing,3811-409,"Xiong et al., 2022",5500,3269.64,0.018880728,1385.12,0.76,0.74,62.37,3564.22,43.56,0.7,0.68,54.53,Epithermal
Yaojialing,3811-409,"Xiong et al., 2022",3300,3102.77,0.009053991,1887.81,0.28,0.030974937,31.21,3023.59,103.23,0.92,0.32,113.2,Epithermal
Yaojialing,3811-409,"Xiong et al., 2022",3600,3395.97,0.018582028,2114.56,0.19,0.88,25.56,2999.32,136.09,0.5,0.17,15.36,Epithermal
Yaojialing,3811-409,"Xiong et al., 2022",2400,3989.32,0.014461352,892.42,0.2,1.04,25.5,3746.37,108.8,0.44,0.51,13.41,Epithermal
Yaojialing,4008-680,"Xiong et al., 2022",27500,4192.38,0.54,18.58,2.95,1.67,76.07,6971.21,0.04,0.011162162,4.93,8.19,Epithermal
Yaojialing,4008-680,"Xiong et al., 2022",20500,3326.94,0.55,18.36,2.53,1.46,91.38,7599.82,0.06,0.36,17.12,13.27,Epithermal
Yaojialing,4008-680,"Xiong et al., 2022",20300,3060.42,0.7,64.73,3.22,1.41,123.41,7298.98,0.23,0.25,35.97,29.83,Epithermal
Yaojialing,4008-680,"Xiong et al., 2022",18300,2758.33,0.77,85.32,2.89,1.24,208.63,7495.52,0.2,0.39,59.76,56.15,Epithermal
Yaojialing,4008-680,"Xiong et al., 2022",31600,4670.06,0.44,248.54,2.4,2.1,172.36,7048.59,0.000734759,0.96,64.03,36.83,Epithermal
Yaojialing,4008-680,"Xiong et al., 2022",28100,5015.02,0.26,119.29,2.56,1.09,121.19,7633.11,0.12,0.28,50.91,29.01,Epithermal
Yaojialing,4008-680,"Xiong et al., 2022",20400,2159.88,0.05,242.49,24.42,2.7,75.86,6701.3,2.94,8.28,13.63,15.92,Epithermal
Yaojialing,4008-680,"Xiong et al., 2022",21200,2249.53,0.06,96.66,128.96,19.44,49.92,5929.06,1.01,20.75,13.67,9.41,Epithermal
Yaojialing,4008-680,"Xiong et al., 2022",25200,3445.62,0.000186326,67.09,4.18,1.22,47.03,5838.96,12.61,8.95,5.87,11.35,Epithermal
Yaojialing,4008-680,"Xiong et al., 2022",37100,5288.3,0.024445798,318.67,7.46,3.28,30.28,6477.56,13.08,2.2,1.25,5.69,Epithermal
Yaojialing,4008-680,"Xiong et al., 2022",32700,4592.36,0.06,61.9,6.11,3.67,38.62,5819.05,55.86,8.39,10.24,6.91,Epithermal
Yaojialing,4008-680,"Xiong et al., 2022",21300,2945.84,0.003826551,25.58,3.97,1.44,39.45,5796.79,0.38,1.26,8.14,42.5,Epithermal
Yaojialing,4008-680,"Xiong et al., 2022",25300,2975.9,0.07,72.14,46.44,4.29,71.94,5351.71,5.03,67.63,23.97,10.07,Epithermal
Yaojialing,4008-680,"Xiong et al., 2022",23800,4069.6,0.18,138.81,30.37,9.59,71.88,6762.07,1.29,4.39,15.67,10.72,Epithermal
Yaojialing,4008-680,"Xiong et al., 2022",27800,4586.82,0.47,542.6,27.51,11.51,147.21,8468.18,0.02,1.1,157.5,54.65,Epithermal
Yaojialing,4008-680,"Xiong et al., 2022",19200,3350.2,0.14,150.26,101.68,19.66,90.61,6754.02,0.15,8,72.56,36.36,Epithermal
Yaojialing,4008-680,"Xiong et al., 2022",21300,3884.82,0.27,180.55,95.87,35.54,63.26,6649.56,0.26,5.64,49.05,33.07,Epithermal
Yaojialing,4008-680,"Xiong et al., 2022",23000,2461.69,0.012490521,96.87,2.37,1.16,72.68,6333.21,0.73,1.06,39.29,22.36,Epithermal
Yaojialing,4008-680,"Xiong et al., 2022",16700,2919.71,0.48,11.69,4.64,1.67,30.27,7223.46,0.4,1.17,0.13,1.26,Epithermal
Yaojialing,4008-680,"Xiong et al., 2022",14500,2443.08,1.09,10.34,7.94,1.68,22.54,7672.49,0.13,0.62,1.16,0.7,Epithermal
Yaojialing,4008-680,"Xiong et al., 2022",20200,3372.71,0.76,28.56,11.13,5.35,48.15,7467.16,0.04,0.48,24.99,7.01,Epithermal
Yaojialing,4008-680,"Xiong et al., 2022",35900,5350.51,0.64,310.72,4.7,6.62,54.15,7443.16,0.021871275,0.19,40.01,8.54,Epithermal
Yaojialing,4008-680,"Xiong et al., 2022",22900,3599.64,0.53,15.31,12.49,3.79,23.04,6371.87,0.06,0.4,0.31,0.66,Epithermal
Yaojialing,4008-680,"Xiong et al., 2022",30500,4553.44,0.08,15.88,10.17,3.12,14.8,5182.76,0.6,5.07,1.97,1.04,Epithermal
Yaojialing,4103-578,"Xiong et al., 2022",12900,3383.21,17.5,48.66,0.52,1.1,5.6,5304.68,149.52,2.41,0.003003184,1.19,Epithermal
Yaojialing,4103-578,"Xiong et al., 2022",12200,2649.97,14.94,166.26,0.86,0.004966287,6.9,5010.5,207.21,20.63,0.67,2.79,Epithermal
Yaojialing,4103-578,"Xiong et al., 2022",8500,1342.62,10.86,32.89,1.21,0.011129384,6.49,4815.38,81.31,17.46,0.010079328,0.95,Epithermal
Yaojialing,4103-578,"Xiong et al., 2022",10600,2995.19,33.99,2791.88,0.85,1.14,66.65,5095.6,259.19,7.51,19.87,72.8,Epithermal
Yaojialing,4103-578,"Xiong et al., 2022",13000,3648.78,35.37,128.68,0.59,0.86,12.52,5436.28,277.84,4.83,1.46,5.35,Epithermal
Yaojialing,4103-578,"Xiong et al., 2022",20000,6023.94,8.58,2601.91,1.75,0.95,32.47,6396.86,294.93,95.69,15.76,19.59,Epithermal
Yaojialing,4103-578,"Xiong et al., 2022",12300,2808.21,16.28,63.79,0.15,1.31,18.49,5114,82.28,1.19,0.005170219,1.15,Epithermal
Yaojialing,4103-578,"Xiong et al., 2022",7700,1055.22,1.58,94.59,1.76,0.86,16.25,5183.97,172.04,10.28,0.92,4.95,Epithermal
Yaojialing,4103-578,"Xiong et al., 2022",8700,1446.89,11.42,46.89,0.13,0.97,16.55,4292.66,25.42,6.02,0.006787258,3.97,Epithermal
Yaojialing,4103-578,"Xiong et al., 2022",8300,1398.97,10.19,44.52,0.45,1.08,21.57,4138.55,35.32,3.42,0.62,5.19,Epithermal
Yaojialing,4103-578,"Xiong et al., 2022",7700,1223.47,10.95,25.2,0.18,0.8,24.13,4476.61,28.86,0.57,0.000925802,1.16,Epithermal
Yaojialing,4103-578,"Xiong et al., 2022",11200,1525.74,8.51,18,0.26,0.001716888,4.93,4178.74,55.18,2.51,0.008459942,0.32,Epithermal
Yaojialing,4103-578,"Xiong et al., 2022",4700,691.75,0.22,137.14,1.41,1.89,69.22,5709.45,143.61,2.38,3.86,17.52,Epithermal
Yaojialing,4103-578,"Xiong et al., 2022",5500,969.57,0.21,249.12,0.37,0.002754588,152.63,5138.68,83.59,0.73,0.71,54.18,Epithermal
Yaojialing,4103-578,"Xiong et al., 2022",7200,1338.29,0.66,1488.65,4.72,0.019434765,117.86,4791.26,57.59,1.37,1.69,26.64,Epithermal
Yaojialing,4103-578,"Xiong et al., 2022",11000,1931.51,0.024138778,1944.46,3.89,0.88,47.94,4800.33,103.16,2.23,6.22,21.46,Epithermal
Yaojialing,4103-578,"Xiong et al., 2022",5700,633.08,3.09,2208.69,2.9,2.79,274.71,3212.35,109.07,9.4,3.38,75.31,Epithermal
Yaojialing,4103-578,"Xiong et al., 2022",6600,639.01,3.87,5234.92,2.39,1.17,530.56,2440.66,114.94,4.27,10.87,411.3,Epithermal
Yaojialing,4103-578,"Xiong et al., 2022",7600,958.04,9.4,5331.09,1.42,0.001509083,569.51,3085.19,46.43,5.4,26.32,388.85,Epithermal
Yaojialing,4103-578,"Xiong et al., 2022",6800,401.32,10.49,4755.69,2.04,1.25,628.92,2679.54,116.76,14.04,22.07,787.62,Epithermal
Yaojialing,4103-578,"Xiong et al., 2022",6000,616.68,9.97,4273.75,2.8,1.66,394.14,3008.86,47.43,5.38,45.63,335.74,Epithermal
Yaojialing,4103-578,"Xiong et al., 2022",7300,938.96,7.74,976.23,0.84,1.05,147.83,3812.44,27.9,2.55,16.86,45.04,Epithermal
Yaojialing,4103-578,"Xiong et al., 2022",8500,1752.6,11.17,1537.32,0.31,0.91,128,3738.58,42.57,12.65,1.01,15.91,Epithermal
Yaojialing,4103-578,"Xiong et al., 2022",6800,1016.86,8.39,2188.5,1.36,0.95,127.18,3763.61,24.07,2.33,4.76,82.83,Epithermal
Yaojialing,4110-575,"Xiong et al., 2022",26900,3989.16,1.27,45.23,0.69,1.31,14.12,4124.83,124.79,0.27,2.03,3.34,Epithermal
Yaojialing,4110-575,"Xiong et al., 2022",27400,4013.09,1.33,69.89,0.12,1.3,21.42,4245.23,79.33,0.29,0.1,6.42,Epithermal
Yaojialing,4110-575,"Xiong et al., 2022",28300,4112.42,1.2,226.74,0.13,1.03,18.75,4367.54,103.88,0.52,3.32,6.81,Epithermal
Yaojialing,4110-575,"Xiong et al., 2022",29400,4196.54,1.42,55.1,0.1,1.06,11.1,4424.22,208.54,0.33,0.12,1.81,Epithermal
Yaojialing,4110-575,"Xiong et al., 2022",29000,3952.32,1.47,56.23,0.79,1.2,16.4,4516.72,63.77,0.49,5.41,7.49,Epithermal
Yaojialing,4110-575,"Xiong et al., 2022",29500,4212.07,1.67,368.8,18.49,6.86,27.27,4543.9,25.21,0.54,16.35,9.37,Epithermal
Yaojialing,4110-575,"Xiong et al., 2022",29900,4305.89,1.5,259.84,10.36,4.58,27.27,4314.66,9.91,0.6,1.8,17.29,Epithermal
Yaojialing,4110-575,"Xiong et al., 2022",31100,4308.18,1.8,249.5,4.84,1.29,36.45,4471.44,72.5,0.34,2.54,12.36,Epithermal
Yaojialing,4110-575,"Xiong et al., 2022",21400,3723.93,1.09,29.1,3.82,1.41,12.33,4413.96,112.8,0.52,0.12,2.15,Epithermal
Yaojialing,4110-575,"Xiong et al., 2022",21400,3650.84,1.12,7.73,7.09,2.82,3.53,4271.68,0.54,0.51,0.32,1.17,Epithermal
Yaojialing,4110-575,"Xiong et al., 2022",21000,3785.83,0.77,57.15,0.26,1.4,34.6,4083.56,126.12,0.5,0.4,2.26,Epithermal
Yaojialing,4110-575,"Xiong et al., 2022",20700,3789.72,0.92,147.1,0.33,1.12,31.3,4101.73,145.24,0.42,4.24,17.06,Epithermal
Yaojialing,4110-575,"Xiong et al., 2022",21300,3471.86,0.93,27.95,0.45,1.06,20.9,3992.07,85.7,0.36,0.13,1.93,Epithermal
Yaojialing,4110-575,"Xiong et al., 2022",20700,3509.98,0.97,29.3,25.04,7.59,23.1,4142.38,8.66,0.47,0.57,3.44,Epithermal
Yaojialing,4110-575,"Xiong et al., 2022",21100,3807.48,0.64,44.1,0.86,1.41,14.16,4015.3,151.3,1.11,0.15,3.19,Epithermal
Yaojialing,4110-575,"Xiong et al., 2022",20600,3808.43,0.53,48.38,0.24,1.22,21.32,3883.97,117.95,0.71,0.22,0.89,Epithermal
Yaojialing,4110-575,"Xiong et al., 2022",17000,2356.24,0.61,75.32,0.2,1.05,14.74,3798.63,110.37,0.43,0.007059539,7.35,Epithermal
Yaojialing,4110-575,"Xiong et al., 2022",17600,2975.26,1.06,144.93,0.42,1.39,24.32,3591.62,258,0.32,12.3,24.64,Epithermal
Yaojialing,4110-575,"Xiong et al., 2022",16800,2165.58,0.56,107.85,0.61,1.29,21.58,3830.39,208.99,0.29,0.002489592,14.92,Epithermal
Yaojialing,4110-575,"Xiong et al., 2022",17100,2383.23,0.83,102.46,0.22,1.38,19.01,3654.04,103.23,0.43,1.67,14.16,Epithermal
Yaojialing,4110-575,"Xiong et al., 2022",16400,2199.55,0.79,567.54,0.43,1.13,40.05,3739.77,120.38,0.38,11.2,34.11,Epithermal
Yaojialing,4110-575,"Xiong et al., 2022",17000,2005.54,0.52,77.37,0.43,1.25,24.26,3802.37,195.69,0.41,0.19,8.88,Epithermal
Yaojialing,4110-575,"Xiong et al., 2022",17000,2767.76,1,110.81,0.4,0.016152739,24.05,3481.41,113.16,0.31,14.05,36.94,Epithermal
Yaojialing,4110-575,"Xiong et al., 2022",16300,1988.97,0.54,106.74,0.55,1.35,33.06,3774.09,218.83,0.34,0.020132446,6.38,Epithermal
Yaojialing,4502-566,"Xiong et al., 2022",25900,2345.81,2.72,41.52,4.71,2.57,23.44,4274.84,6.4,29.99,0.69,2.16,Epithermal
Yaojialing,4502-566,"Xiong et al., 2022",37200,3190.98,2.86,72.94,27.74,5.57,45.4,4460.12,8.31,13.08,2.41,1.53,Epithermal
Yaojialing,4502-566,"Xiong et al., 2022",31300,2835.9,3.19,69.74,26.24,7.72,101.98,4337.01,10.53,31.6,0.017050047,10.81,Epithermal
Yaojialing,4502-566,"Xiong et al., 2022",26000,2287.55,3.24,31.75,4.64,2.01,42.1,4203.34,6.29,26.29,0.001925103,2.83,Epithermal
Yaojialing,4502-566,"Xiong et al., 2022",32300,2713.81,2.76,60.01,3.06,0.006681645,75.02,4067.28,5.17,0.41,0.004764795,30.69,Epithermal
Yaojialing,4502-566,"Xiong et al., 2022",24800,2187.52,2.46,55.57,7.59,3.02,94.24,4204.22,13.85,41.72,0.09,4.94,Epithermal
Yaojialing,4502-566,"Xiong et al., 2022",32900,3258.6,0.22,66.7,0.83,1.32,105.15,3470.46,26.54,1.07,0.32,12.99,Epithermal
Yaojialing,4502-566,"Xiong et al., 2022",38600,3324.84,0.61,179.77,2.11,1.12,101.71,3769.12,39.12,2.7,3.81,19.3,Epithermal
Yaojialing,4502-566,"Xiong et al., 2022",32500,2097.8,0.003397812,52.57,1.42,1.32,76.47,3403.37,36.16,2.05,0.1,27.11,Epithermal
Yaojialing,4502-566,"Xiong et al., 2022",41900,2824.61,1.53,639.02,4.61,0.00703921,119.04,3938.21,12.2,2.48,2.49,19.74,Epithermal
Yaojialing,4502-566,"Xiong et al., 2022",27600,2066.59,1.37,235.02,3.23,0.050259885,118.74,3546.78,48.8,1.98,18.53,55.44,Epithermal
Yaojialing,4502-566,"Xiong et al., 2022",33700,2226.43,1.73,562.49,2.37,1.31,108.12,3574.03,27.66,0.94,8.91,42.07,Epithermal
Yaojialing,4502-566,"Xiong et al., 2022",40300,5399.63,1.56,53.26,39.89,1.75,91.98,5040.73,1.3,1.22,0.48,6.53,Epithermal
Yaojialing,4502-566,"Xiong et al., 2022",40000,5316.56,1.75,40.11,32.57,1.56,59.92,5029.51,1.35,1.45,0.012423145,8.84,Epithermal
Yaojialing,4502-566,"Xiong et al., 2022",39600,5294.39,1.71,49.04,40.93,1.48,86.51,5022.1,1.26,1.59,0.020718109,11.41,Epithermal
Yaojialing,4502-566,"Xiong et al., 2022",39500,5147.07,1.54,36.6,24.21,1.87,63.47,4965.53,1.1,0.68,0.83,2.97,Epithermal
Yaojialing,4502-566,"Xiong et al., 2022",45300,5164.81,2.17,73.11,19.57,1.75,39.29,5014.04,0.66,1.15,2.58,9.62,Epithermal
Yaojialing,4502-566,"Xiong et al., 2022",41200,5295.7,1.74,37.66,23.15,1.75,56.94,5160.26,1.19,0.82,0.05,2.32,Epithermal
Yaojialing,4502-566,"Xiong et al., 2022",36900,6967.76,0.98,25.56,33.67,0.032311914,19.47,4968.36,1.19,0.71,0.03,0.72,Epithermal
Yaojialing,4502-566,"Xiong et al., 2022",32600,6867.35,1.47,26.07,41.24,1.76,22.98,4972.4,1.35,0.96,0.004921652,0.51,Epithermal
Yaojialing,4502-566,"Xiong et al., 2022",38200,7087.77,0.98,25.77,32.7,1.28,21.52,5001.22,1.12,0.82,0.000489428,6.75,Epithermal
Yaojialing,4502-566,"Xiong et al., 2022",40000,6629.87,1.12,28.31,29.04,2.08,35.35,5089.16,1.05,1.3,1.45,1.53,Epithermal
Yaojialing,4502-566,"Xiong et al., 2022",39500,6440.31,1.13,27.12,29.1,1.85,25.27,4970.78,0.87,1,0.013535525,0.9,Epithermal
Yaojialing,4502-566,"Xiong et al., 2022",40800,5867.87,1.73,44.75,26.05,1.59,41.26,5232.48,0.8,1.03,6.63,9.12,Epithermal
Yaojialing,4504-650,"Xiong et al., 2022",5100,393.84,2.1,12.94,8.63,7.88,2.88,9640.22,8.84,2.05,7.08,4.26,Epithermal
Yaojialing,4504-650,"Xiong et al., 2022",5000,368.8,1.82,32.33,21.5,9.36,8.72,10553.04,9.97,1.37,29.51,4.39,Epithermal
Yaojialing,4504-650,"Xiong et al., 2022",6800,523.61,1.84,101.35,37.12,4.76,29.92,13484.89,7.7,0.5,178.23,25.16,Epithermal
Yaojialing,4504-650,"Xiong et al., 2022",4600,364.57,1.91,11.77,3.32,1.56,8.41,10362.75,1.21,2.25,7.13,5.41,Epithermal
Yaojialing,4504-650,"Xiong et al., 2022",6100,442.82,2.86,112.03,83.24,37.59,18.19,10444.59,0.39,0.67,171.52,18.72,Epithermal
Yaojialing,4504-650,"Xiong et al., 2022",5800,464.99,3.73,14.39,34.08,5.54,1.7,9489.24,1.27,0.53,2.4,3.23,Epithermal
Yaojialing,4504-650,"Xiong et al., 2022",4600,370.09,1.62,2.34,1.32,1.28,2.35,11390.64,0.42,0.44,0.11,2.2,Epithermal
Yaojialing,4504-650,"Xiong et al., 2022",5500,446.99,1.86,36.93,31.83,5.79,15.56,11896.15,1.53,0.32,56.45,20.98,Epithermal
Yaojialing,4504-650,"Xiong et al., 2022",5400,413.31,2.9,46.61,71.33,26.59,2.76,9496.48,12.97,0.92,21.38,1.59,Epithermal
Yaojialing,4504-650,"Xiong et al., 2022",5300,388.99,2.67,63.8,81.28,33.32,5.14,9811.1,4.32,0.48,51.03,4.73,Epithermal
Yaojialing,4504-650,"Xiong et al., 2022",5600,424.21,2.83,39.42,84.96,19.11,1.62,9618.83,10.14,0.89,2.56,3.58,Epithermal
Yaojialing,4504-650,"Xiong et al., 2022",8400,628.73,1.07,14.83,19.36,10.62,1.5,8602.95,8.35,1.04,2.92,3.95,Epithermal
Yaojialing,4504-650,"Xiong et al., 2022",10100,980.67,1.49,167.73,80.39,66.55,36.26,8967.08,0.06,0.33,238.77,16.19,Epithermal
Yaojialing,4504-650,"Xiong et al., 2022",9800,886.9,2.4,606.84,71.75,39.83,166.1,11164.44,0.35,0.41,1572.74,94.76,Epithermal
Yaojialing,4504-650,"Xiong et al., 2022",10000,836.46,2.54,263.66,80.24,36.2,47.28,9845.22,0.31,0.33,447.27,37.79,Epithermal
Yaojialing,4504-650,"Xiong et al., 2022",7800,681.1,2.19,420.33,72.66,71.57,86.24,9714.39,0.61,0.34,1028.29,69.59,Epithermal
Yaojialing,4504-650,"Xiong et al., 2022",5600,403,2.56,105.2,87.45,17.87,41.05,10635.59,2.26,3.24,31.12,38.97,Epithermal
Yaojialing,4504-650,"Xiong et al., 2022",5300,418.73,2.82,58.94,65.16,26.22,9.17,10559.04,0.92,0.52,47.26,10.31,Epithermal
Yaojialing,4504-650,"Xiong et al., 2022",5200,367.81,3.4,6.6,0.012035651,1.57,3.79,6791.32,23.16,1.08,0.94,4.95,Epithermal
Yaojialing,4504-650,"Xiong et al., 2022",6700,780.6,0.026449599,24.21,0.31,1.48,1.52,6597.17,106,15.74,0.001558642,0.95,Epithermal
Yaojialing,4504-650,"Xiong et al., 2022",5300,315.95,2.62,7.38,0.66,0.029913806,1.75,7232.23,40.44,0.57,0.008984526,0.62,Epithermal
Yaojialing,4504-650,"Xiong et al., 2022",5000,320.07,3.16,6.36,0.19,1.25,1.52,6770.9,35.94,0.52,0.006077292,0.52,Epithermal
Yaojialing,4504-650,"Xiong et al., 2022",5100,331.18,2.84,12.16,0.63,1.29,1.86,7051.98,64.13,0.56,0.56,1.04,Epithermal
Yaojialing,4504-650,"Xiong et al., 2022",4700,304.85,2.78,27.8,0.68,1.33,14.37,6721.11,53.89,0.63,11.11,17.57,Epithermal
Hilton,S17S1 (Sph1),"Cave et al., 2020b",35834.4216,4.944494128,2.004800258,1614.477952,0.034124691,0.427728315,37.02218137,1266.297165,1.617138368,0.229862433,3.313519109,257.1741965,SEDEX
Hilton,S17S1 (Sph1),"Cave et al., 2020b",32266.02063,5.635939442,1.663767247,71.32460807,0.196151484,0.212365297,47.17509312,1118.876838,1.206570389,0.050845848,16.51914113,4909.65763,SEDEX
Hilton,S17S1 (Sph1),"Cave et al., 2020b",39169.87307,4.822762351,1.334717842,4077.060071,0.139897032,0.212966545,33.74550813,1317.954934,1.591815605,0.456935224,3.424449491,204.8566977,SEDEX
Hilton,S17S1 (Sph1),"Cave et al., 2020b",36589.15697,5.852324577,1.27249662,2813.174238,0.138060033,0.229203816,42.99498176,1249.260877,1.699651627,0.203682012,4.885218325,396.1129134,SEDEX
Hilton,S17S1 (Sph1),"Cave et al., 2020b",34863.34016,5.864846603,0.491733686,2442.260708,0.082103159,0.692786037,51.84538729,1388.815576,1.644584206,0.234543988,9.029993133,2560.965963,SEDEX
Hilton,S17S1 (Sph1),"Cave et al., 2020b",41071.33699,7.433800007,1.735735869,298.3464163,0.032748242,0.207967721,14.63798516,1172.11138,1.817679661,0.1795013,1.700844671,312.6740844,SEDEX
Hilton,S17S1 (Sph1),"Cave et al., 2020b",30433.0945,5.123952048,0.563261923,1898.140436,0.026767709,0.174995138,76.67503549,1375.666517,1.612842546,0.261555046,18.42494291,8534.416572,SEDEX
Hilton,S17S1 (Sph1),"Cave et al., 2020b",36351.31384,5.673511286,1.078556951,379.1740576,0.033397355,0.218749431,37.08063429,1161.754361,1.293426506,0.185999413,8.032834658,3845.796972,SEDEX
Hilton,S17S1 (Sph1),"Cave et al., 2020b",32667.51368,5.856095523,0.694388472,2824.303092,0.601293797,1.194000457,53.94083611,1336.233569,2.165870986,1.211571592,10.16399362,558.970631,SEDEX
Hilton,S17S1 (Sph1),"Cave et al., 2020b",30956.57477,6.81137053,0.028731655,2224.985528,0.051696518,0.32139332,71.07536004,1459.599065,1.839799818,0.242452585,14.16757757,1221.406611,SEDEX
Hilton,S17S2 (Sph1),"Cave et al., 2020b",14780.07515,5.117953085,0.007371786,124.6253208,2.665162532,27.40863918,74.78160746,898.6537817,0.211583504,0.657117707,11.74056577,865.097733,SEDEX
Hilton,S17S2 (Sph1),"Cave et al., 2020b",33780.58922,15.69080953,0.025388414,123.0507639,1.912515997,10.41707024,100.4707313,973.8164947,0.816363096,0.943307647,26.43467187,2754.190804,SEDEX
Hilton,S17S2 (Sph1),"Cave et al., 2020b",50856.67147,89.08901565,0.046423503,149.7009563,3.844046825,15.57221111,108.2336735,770.8973805,1.175776978,1.362880235,27.98245622,1182.520645,SEDEX
Hilton,S17S2 (Sph1),"Cave et al., 2020b",17114.47399,6.824423769,0.008127361,154.7132798,2.167301168,32.18335293,110.1300808,859.451752,0.548655739,1.167571865,17.17599992,1492.824696,SEDEX
Hilton,S17S2 (Sph1),"Cave et al., 2020b",12722.17956,1.936362807,0.018881247,99.55609062,4.522864591,35.49028472,38.55101575,768.1962793,0.076487763,0.459402049,7.543840199,29.76382511,SEDEX
Hilton,S17S2 (Sph1),"Cave et al., 2020b",20728.81169,7.782067801,0.018423448,146.3027307,1.439477241,31.96433963,37.40881851,837.5537079,0.059720575,0.222740275,1.786652039,22.05989846,SEDEX
Hilton,S17S2 (Sph1),"Cave et al., 2020b",31603.51355,15.56909589,0.023320271,131.6570441,2.996284438,23.63622087,89.04246291,878.8744547,0.8253014,0.756944212,24.7569916,81.64397004,SEDEX
Hilton,S17S2 (Sph1),"Cave et al., 2020b",30577.87082,7.182998585,0.018571028,104.183205,0.431763049,8.705523271,104.3271941,990.4901452,0.703968681,0.356056482,32.81307812,600.0444531,SEDEX
Hilton,S18S1 (Sph1),"Cave et al., 2020b",28934.60592,113.9618177,0.008563187,30.72736277,0.329469006,0.312314554,86.84369687,1234.956633,0.819068851,0.241464394,8.289157059,1798.875133,SEDEX
Hilton,S18S1 (Sph1),"Cave et al., 2020b",30122.3068,38.1773315,0.010005234,52.39118836,0.278954882,0.543556722,70.5517251,1347.488963,0.740921507,0.267840358,8.184353573,4030.144075,SEDEX
Hilton,S18S1 (Sph1),"Cave et al., 2020b",26771.14218,58.3462004,0.006022195,25.28488703,0.231572575,0.205734311,85.08607172,1308.086792,0.616089798,0.195902037,10.2645352,6333.011207,SEDEX
Hilton,S18S1 (Sph1),"Cave et al., 2020b",27967.6847,40.99442664,0.005232428,25.1740378,0.571714145,0.332803194,88.16938795,1249.234586,0.909466238,0.532982072,10.13805429,3037.224762,SEDEX
Hilton,S18S1 (Sph1),"Cave et al., 2020b",29521.71515,38.29598892,0.008482341,23.08207764,0.772573738,0.65955141,74.17352836,1176.355744,0.925862382,0.490515587,9.004637038,107.701711,SEDEX
Hilton,S18S1 (Sph1),"Cave et al., 2020b",32181.21487,51.18551996,1.547771115,64.23140087,0.762937882,0.585108141,76.53120421,1388.102066,0.827756139,0.340598635,10.28956242,4142.414519,SEDEX
Hilton,S18S1 (Sph1),"Cave et al., 2020b",39346.97874,299.193349,5.493860815,2008.894133,0.902993881,0.324038335,87.87522696,1327.039307,0.710288212,0.389005222,9.151035495,100.2758906,SEDEX
Hilton,S18S1 (Sph1),"Cave et al., 2020b",40829.52937,57.68347419,7.585834852,330.147453,1.004054696,0.280650788,25.78207856,1413.495103,0.965353353,0.213282818,1.726713116,26.67592395,SEDEX
Hilton,S18S1 (Sph1),"Cave et al., 2020b",40566.42389,63.86555408,7.443660708,711.0659111,1.643253207,3.811993008,16.6102071,1438.984799,0.897828305,0.385808269,1.10330733,65.3900749,SEDEX
Hilton,S18S1 (Sph1),"Cave et al., 2020b",40325.03494,61.07833423,6.759234587,259.7539146,0.748817801,0.490351551,13.28403147,1355.851404,0.825725029,0.140758608,0.732229586,19.32610788,SEDEX
Hilton,S18S1 (Sph1),"Cave et al., 2020b",39946.82014,50.75232249,7.240727279,244.1909162,1.071768499,0.484736994,25.59338062,1417.826704,0.825954952,0.263667825,2.006477353,38.2900093,SEDEX
Hilton,S18S1 (Sph1),"Cave et al., 2020b",40965.5186,59.96257873,6.686198049,45.25907332,1.068298583,0.092345308,15.96635889,1343.701597,0.795795422,0.115878804,0.614876743,190.9996238,SEDEX
Hilton,S18S1 (Sph1),"Cave et al., 2020b",47383.40427,51.18723992,4.78578866,234.0140897,0.895666442,0.959815073,15.74721441,1483.853291,1.061793596,0.199692804,1.085532562,26.39963774,SEDEX
Hilton,S18S1 (Sph1),"Cave et al., 2020b",37171.4158,33.93341264,2.192823593,1168.945195,0.787179616,0.421125028,53.50273706,1440.971871,0.708004824,0.188587034,4.132173785,85.27111518,SEDEX
Hilton,S18S1 (Sph1),"Cave et al., 2020b",38988.59159,36.56897313,3.33000977,342.2431969,0.818375042,0.333824013,22.40812855,1393.400528,1.122040515,0.173278665,0.908011709,23.54764898,SEDEX
Hilton,S18S1 (Sph1),"Cave et al., 2020b",26891.93418,20.26481436,0.550531942,39.67024897,0.601974058,0.248141763,93.00399046,1209.999769,0.706916851,0.503459688,10.14017827,2127.959338,SEDEX
Hilton,S18S1 (Sph1),"Cave et al., 2020b",40289.98093,38.04135159,6.105379335,451.9913415,0.899881935,0.5098906,32.03203974,1466.120289,1.010703705,0.196802414,1.800572789,36.7533964,SEDEX
Hilton,S18S1 (Sph1),"Cave et al., 2020b",36306.59762,34.69150718,3.389631513,331.6984025,0.711074324,0.96902425,33.43030746,1353.77948,0.907419704,0.223953956,2.106486734,39.14395163,SEDEX
Hilton,S19S1 (Sph1),"Cave et al., 2020b",38364.35453,57.42046118,0.382624223,2069.077443,0.170532619,0.904581275,38.002919,1271.917251,0.644526957,0.390329945,6.739554429,1031.377225,SEDEX
Hilton,S19S1 (Sph1),"Cave et al., 2020b",43128.29271,223.7027756,0.472341277,1648.542532,0.075563842,0.26294439,32.00526857,1244.843952,0.626286517,0.34653465,7.951647767,154.3181801,SEDEX
Hilton,S19S1 (Sph1),"Cave et al., 2020b",41370.97462,25.36339482,0.473079059,1163.653828,0.054698994,0.387774049,33.87758567,1304.576038,0.547144751,0.268952703,4.917484046,80.91141179,SEDEX
Hilton,S19S1 (Sph1),"Cave et al., 2020b",36677.69098,610.9649704,0.318481891,1294.360723,0.727517603,2.25692874,35.12598209,1090.378493,0.535846792,0.77747424,9.432371999,216.0639015,SEDEX
Hilton,S19S1 (Sph1),"Cave et al., 2020b",41647.32685,168.0340364,0.387517681,962.4360611,0.21027266,0.185492778,22.43011065,1230.193456,0.720478569,0.259038498,3.376053174,243.3764859,SEDEX
Hilton,S19S1 (Sph1),"Cave et al., 2020b",42839.28503,60.06276454,1.123221385,1315.207385,0.579102793,1.502857442,21.24036634,1271.479476,0.736386714,0.418995184,3.363764526,806.7361788,SEDEX
Hilton,S19S1 (Sph1),"Cave et al., 2020b",38054.52139,393.2148396,0.1144994,1277.098943,0.036358245,0.21615357,40.78132514,1102.984937,0.600081657,0.520525224,9.007784821,710.356102,SEDEX
Hilton,S19S1 (Sph1),"Cave et al., 2020b",42475.06453,152.9542192,0.486192984,1607.710498,0.153398803,0.752778922,33.95573015,1307.89452,0.549989272,0.383067269,4.345140677,196.3845812,SEDEX
Hilton,S19S1 (Sph1),"Cave et al., 2020b",38537.79256,13.98297599,0.027912756,2393.685217,0.096613588,0.255064651,40.39094073,1369.672037,0.625486609,0.216359261,5.426823503,773.7398126,SEDEX
Hilton,S19S1 (Sph1),"Cave et al., 2020b",42610.8467,16.78028317,0.488510286,1402.36514,0.167113391,0.257663794,22.58015667,1348.698774,0.595186349,0.200662398,2.33938168,118.4117608,SEDEX
Hilton,S19S1 (Sph1),"Cave et al., 2020b",37424.43272,13.87419556,0.089619409,1746.717729,0.100059177,0.443165966,37.0250325,1329.828137,0.606429023,0.162591989,4.963592418,1868.97617,SEDEX
Hilton,S19S1 (Sph1),"Cave et al., 2020b",43292.64605,40.21782154,0.428883056,2848.355334,0.163181984,0.295752257,39.76326537,1373.999591,0.774517369,0.226333409,6.301079879,2055.153982,SEDEX
Hilton,S19S1 (Sph1),"Cave et al., 2020b",38534.8377,15.7329731,0.113687935,1741.314495,0.037942732,0.220059693,40.48018878,1340.669894,0.521105975,0.423448622,7.117663711,930.6360573,SEDEX
Hilton,S19S1 (Sph1),"Cave et al., 2020b",37852.53058,14.35904154,0.195027545,1792.705555,0.135473382,0.209272098,39.25178643,1269.862699,0.533731275,0.539663356,5.902504394,630.8571683,SEDEX
Hilton,S1S1 (Sph1),"Cave et al., 2020b",8042.075579,7.666086703,0.307708304,33.22259973,0.250982997,0.426598936,288.0056449,2167.08013,0.775461515,0.370971029,45.61984431,4783.603643,SEDEX
Hilton,S1S1 (Sph1),"Cave et al., 2020b",19604.42412,51.12681255,0.367598977,43.10984962,3.835478636,11.55406705,322.6557069,1490.626144,1.302556934,1.272637714,52.79781694,2153.145644,SEDEX
Hilton,S1S1 (Sph1),"Cave et al., 2020b",9197.185099,9.360963219,2.752694015,36.40398184,1.096475689,6.502732035,185.8992517,2098.375548,0.993410405,0.817251683,30.11949197,6046.006563,SEDEX
Hilton,S1S1 (Sph1),"Cave et al., 2020b",8314.574774,8.058780203,2.898509514,29.78089825,0.634129479,1.212125342,254.5741234,2089.403876,1.019059538,0.466105721,43.33683786,8879.323461,SEDEX
Hilton,S2S1 (Sph1),"Cave et al., 2020b",10195.25104,10.25365829,17.81379314,28.17530257,0.667834981,0.630007823,210.1685311,1935.365945,0.855203406,0.326611578,37.50107619,4387.92692,SEDEX
Hilton,S2S1 (Sph1),"Cave et al., 2020b",9855.970492,11.03953697,2.210769016,23.39063362,1.277587623,1.126423714,171.5460403,1934.957799,1.063761165,0.598505124,29.35282353,4448.119337,SEDEX
Hilton,S2S1 (Sph1),"Cave et al., 2020b",9412.831419,16.39075171,3.509111345,30.46742384,0.433681675,1.251465778,217.3389024,1857.99126,0.867982508,0.410683381,33.34261939,7485.255198,SEDEX
Hilton,S2S1 (Sph1),"Cave et al., 2020b",10147.05831,9.304982405,0.389697796,23.58641143,0.684700964,0.640833156,152.5704066,2007.786994,0.958848565,0.364319975,27.12902489,6532.694494,SEDEX
Hilton,S2S1 (Sph1),"Cave et al., 2020b",12173.26312,16.95205318,0.022746095,27.29654899,1.191938175,1.056025065,177.325842,1705.124258,0.847479746,0.395405639,24.39270234,852.6542934,SEDEX
Hilton,S2S1 (Sph1),"Cave et al., 2020b",11265.82557,9.509954876,4.887634118,19.86212072,0.85477152,0.513072139,137.6592895,1943.118833,0.724951858,0.318904622,24.96286531,5240.158822,SEDEX
Hilton,S2S1 (Sph1),"Cave et al., 2020b",10102.75024,30.47353147,0.595325432,24.86555753,1.471201941,1.422151241,160.5450657,1910.758321,0.965608221,0.537578314,27.13171508,2910.110932,SEDEX
Hilton,S2S1 (Sph1),"Cave et al., 2020b",11372.78072,10.51525829,0.366069168,27.84850945,2.815666973,4.04838648,121.9331325,2109.938175,0.765691773,0.908819256,13.50643555,2670.013181,SEDEX
Hilton,S2S1 (Sph1),"Cave et al., 2020b",22409.22916,45.71659625,2.995562672,33.21107745,3.700923884,6.291891141,116.6271816,2029.357122,0.633600458,1.751426024,11.36556783,1211.901699,SEDEX
Hilton,S2S1 (Sph1),"Cave et al., 2020b",11340.2793,11.33101128,0.005972673,24.34582909,0.934976628,1.299444889,140.8743715,1839.974589,0.871823368,0.331935724,20.27873767,2729.793699,SEDEX
Hilton,S2S1 (Sph1),"Cave et al., 2020b",10620.23404,9.447742066,0.03259199,25.08801458,0.822251547,0.599581655,157.8808385,1788.815797,0.767689876,0.240531009,22.92459839,834.0643399,SEDEX
Hilton,S2S1 (Sph1),"Cave et al., 2020b",10183.23732,12.66596527,0.887170042,20.30133664,0.791101367,0.498047135,144.7407837,1924.61393,0.703746173,0.336104213,25.88638166,9026.520661,SEDEX
Hilton,S2S1 (Sph1),"Cave et al., 2020b",9709.12901,53.20053519,2.471825006,23.32194813,1.072701188,1.528984425,149.4654918,1889.583718,0.866994784,0.48561614,25.86818763,5988.050513,SEDEX
Hilton,S2S1 (Sph1),"Cave et al., 2020b",9603.624027,9.823699818,2.098732201,21.55867437,0.510511543,0.815766786,140.1022956,1917.928775,0.935594931,0.716221943,26.07488636,4361.000005,SEDEX
Hilton,S2S1 (Sph1),"Cave et al., 2020b",10804.13303,25.2613065,11.00571015,26.50931362,0.668721156,0.547404621,189.7976441,1854.324602,0.703830456,0.224415059,35.5853151,2640.417503,SEDEX
Hilton,S2S1 (Sph1),"Cave et al., 2020b",9864.519876,8.862196296,1.529045932,23.45262993,0.498574882,0.503412108,174.6566957,1821.396998,0.804972793,0.299615869,36.58382562,3212.304658,SEDEX
Hilton,S2S1 (Sph1),"Cave et al., 2020b",10677.22456,9.725149507,1.054505325,25.85520575,2.457762158,3.300992123,177.5832811,1799.247977,1.056141272,0.467482601,34.87737283,3614.916947,SEDEX
Hilton,S2S1 (Sph1),"Cave et al., 2020b",9652.773398,10.2129916,1.326966577,25.12710038,0.712823635,0.695096599,183.8438829,1876.735887,0.941873873,0.402134112,38.55592675,7717.4368,SEDEX
Hilton,S2S1 (Sph1),"Cave et al., 2020b",11378.05011,28.97681334,0.287255628,27.37194839,0.833994697,4.220669693,149.4586478,1805.349691,0.771721996,0.333278422,28.07703507,3699.810074,SEDEX
Hilton,S2S1 (Sph1),"Cave et al., 2020b",9534.321681,9.710084158,1.558614973,23.74814848,0.612059474,0.573779972,161.6390097,1910.031186,0.880747416,0.412374928,27.7047979,6272.709669,SEDEX
Hilton,S7P1S1 (Sph1),"Cave et al., 2020b",43213.17256,7.653744482,0.032723312,81.11919309,0.041237074,0.127316534,57.08708013,1142.677957,13.40345751,0.7172271,3.681611747,51.36879431,SEDEX
Hilton,S7P1S1 (Sph1),"Cave et al., 2020b",46660.57174,12.62203259,0.036620648,148.8664117,0.395482519,0.604456973,57.09340282,1093.521728,14.54741998,0.409178794,3.564510889,46.38445262,SEDEX
Hilton,S7P1S1 (Sph1),"Cave et al., 2020b",45468.82982,11.40947777,0.031010533,215.8063479,0.282124006,0.532942432,34.48384096,1188.662996,15.48543411,0.7842641,1.940445632,26.62297908,SEDEX
Hilton,S7P1S1 (Sph1),"Cave et al., 2020b",40158.43706,8.0069322,0.010545448,101.1242793,0.046549131,0.20810402,49.74315258,1239.899851,14.9894618,0.467330313,3.306156248,41.27736849,SEDEX
Hilton,S7P1S1 (Sph1),"Cave et al., 2020b",40585.19906,8.887907602,0.020101716,104.9484793,0.114044702,0.383234212,38.24098189,1224.336799,14.62179187,0.484104376,2.367332158,33.01101986,SEDEX
Hilton,S7P1S1 (Sph1),"Cave et al., 2020b",41106.30462,9.573687568,0.010865564,626.2096012,0.09137686,0.103412284,38.42976641,1247.457325,15.22695728,0.534901777,2.433072333,36.50092612,SEDEX
Hilton,S7P1S1 (Sph1),"Cave et al., 2020b",40243.68481,8.204914071,0.015878936,754.7670688,0.125827158,0.217225807,55.15424682,1233.127174,15.01706181,0.603822368,3.68076655,49.44786408,SEDEX
Hilton,S7P1S1 (Sph1),"Cave et al., 2020b",41860.53562,10.46929104,0.011262767,149.1849261,0.354989686,0.405970245,35.32771145,1121.298093,13.95682872,0.442867872,2.649813575,32.31900216,SEDEX
Hilton,S7P1S1 (Sph1),"Cave et al., 2020b",37843.97328,150.3774874,0.007927561,35.4323182,0.281308289,0.266240219,61.42694714,1036.879625,13.67610342,0.609971411,5.400871831,56.90441583,SEDEX
Hilton,S7P1S1 (Sph1),"Cave et al., 2020b",37870.20472,7.987874226,0.008138723,90.79814263,0.094207189,0.130128982,62.2849787,1233.585454,13.06892914,0.540807109,4.842903472,59.89727328,SEDEX
Hilton,S7P1S1 (Sph1),"Cave et al., 2020b",40434.83162,12.57221231,0.034602571,170.1183224,0.11772468,0.098884199,21.36560726,1140.987684,12.62459728,0.645852734,2.232866672,21.35106215,SEDEX
Hilton,S7P1S1 (Sph1),"Cave et al., 2020b",38174.44536,11.76594047,0.009105287,97.15138524,0.128709021,0.241163307,43.61184769,1203.881736,12.20568729,0.422073986,3.438812294,581.2298613,SEDEX
Hilton,S7P1S1 (Sph1),"Cave et al., 2020b",39636.3725,8.682946739,0.034388737,499.5554934,0.129326739,0.1144746,57.18712292,1229.508442,15.52662679,0.511778062,2.847165197,46.38804331,SEDEX
Hilton,S7P1S1 (Sph1),"Cave et al., 2020b",39310.32445,9.262285347,0.012672592,161.1899422,0.158577433,0.124072795,46.37856668,1212.770639,14.38221687,0.50173465,2.6703556,37.07308811,SEDEX
Hilton,S7P1S1 (Sph1),"Cave et al., 2020b",41460.62938,12.11074534,0.060911197,134.8588516,0.099330703,0.134002572,27.17139392,1181.797399,13.93343945,0.549751293,2.291760812,24.17410098,SEDEX
Hilton,S7P1S1 (Sph1),"Cave et al., 2020b",40975.15219,12.30760458,0.107437239,148.8149776,0.094264152,0.109814057,20.81404113,1156.873844,15.08895689,0.369560085,1.231505457,18.69679281,SEDEX
Hilton,S7P1S1 (Sph1),"Cave et al., 2020b",41981.16472,49.57474778,0.008459068,147.4621975,0.160622656,0.408450998,38.83746201,1139.989358,14.34497853,0.527952597,2.760219993,37.90868682,SEDEX
Hilton,S6S1 (Sph2),"Cave et al., 2020b",51181.1762,268.6789587,53.31485223,269.8109477,2.805694497,4.694919368,35.02932687,1982.152027,1.62869775,2.628394218,19.05147226,4407.746668,SEDEX
Hilton,S6S1 (Sph2),"Cave et al., 2020b",47137.95174,400.5619584,50.78564239,2100.479517,1.120849954,12.71931561,47.12138308,2155.502181,2.152999413,2.74836816,36.43236223,83.67350852,SEDEX
Hilton,S6S1 (Sph2),"Cave et al., 2020b",45526.75566,259.2307236,45.74245638,169.2302409,1.434247093,1.927727036,20.78578202,2142.83876,1.351217821,1.868847182,7.099299719,76.22285479,SEDEX
Hilton,S6S1 (Sph2),"Cave et al., 2020b",45354.41157,203.6295721,44.03605337,1147.894615,0.060461005,0.951285396,48.9682857,2306.186005,1.423026595,1.379189998,17.93975074,37.34186711,SEDEX
Hilton,S6S1 (Sph2),"Cave et al., 2020b",44859.53445,151.7133387,45.43039028,883.4804932,13.97819663,16.01115389,77.07762282,2118.968329,2.14040304,4.575149855,54.52240095,106.5225017,SEDEX
Hilton,S6S1 (Sph2),"Cave et al., 2020b",42007.18335,111.0672286,46.33741149,2984.87686,5.826572611,6.022742151,192.926857,2110.123576,1.598371025,1.459954486,93.64909311,1465.606532,SEDEX
Hilton,S6S1 (Sph2),"Cave et al., 2020b",46549.13211,201.8924305,44.13245158,892.4201751,11.24820572,18.26289226,101.6014053,1984.030422,1.211133721,2.287796482,64.12188342,68.17966713,SEDEX
Hilton,S6S1 (Sph2),"Cave et al., 2020b",44919.67852,189.8097274,44.70732577,618.4107186,2.144065861,5.464162131,67.44671479,2236.690905,1.205290241,1.37428151,33.18844009,106.6919925,SEDEX
Hilton,S6S1 (Sph2),"Cave et al., 2020b",42684.52914,144.9315551,47.55272563,515.5291907,1.749910412,5.214992156,102.0105859,2011.964994,1.306673497,0.766290502,57.07522496,30.13204932,SEDEX
Hilton,S6S1 (Sph2),"Cave et al., 2020b",46089.18386,224.098301,43.59911402,277.0245128,0.289835989,0.3550877,29.03536715,2252.765968,1.297502343,0.105965414,10.31446097,33.88851313,SEDEX
Hilton,S7S2 (Sph2),"Cave et al., 2020b",63875.47193,613.4589571,1.396655962,88.96996825,2.96278778,6.875389466,74.93095358,1061.076739,19.60268416,10.38182738,30.34906782,176.6226197,SEDEX
Hilton,S7S2 (Sph2),"Cave et al., 2020b",45885.39508,15.43375937,0.107089033,127.4644468,7.944112009,37.57927612,24.66889266,1170.668569,8.95443659,5.419637092,3.934305176,33.60886516,SEDEX
Hilton,S7S2 (Sph2),"Cave et al., 2020b",43062.51195,13.28719048,0.122423499,359.5899995,38.57492701,112.1215282,41.89651975,1323.883244,22.50290663,16.77649062,4.54791011,43.82429994,SEDEX
Hilton,S7S2 (Sph2),"Cave et al., 2020b",43035.93327,10.51473028,0.038188013,68.86208694,1.275125283,10.0922802,72.97648142,1065.681918,19.42280047,6.178134995,5.778513854,84.71397558,SEDEX
Hilton,S7S2 (Sph2),"Cave et al., 2020b",46057.25907,32.05848444,0.188776454,158.1937909,0.048307934,0.360975534,10.28101098,1239.538955,8.210637664,4.398757275,1.385408946,22.01668554,SEDEX
Hilton,S7S2 (Sph2),"Cave et al., 2020b",82857.77822,215.5135979,0.034202909,46.86593194,3.407793849,9.597433216,66.97502047,1015.121099,12.06770254,5.818685241,5.883373074,76.36458336,SEDEX
Hilton,S7S2 (Sph2),"Cave et al., 2020b",45344.30491,19.13446311,0.129614179,111.7188012,7.387119955,34.70120513,17.75659024,1405.778913,8.363982859,8.465926238,2.518896835,22.72649668,SEDEX
Hilton,S7S2 (Sph2),"Cave et al., 2020b",48950.66599,29.63594599,0.091779538,423.1281547,39.53344561,124.7687349,56.09248325,1288.41491,18.15520596,16.06718457,6.466225739,57.68491201,SEDEX
Hilton,S7S2 (Sph2),"Cave et al., 2020b",47599.38067,103.2665478,0.075968204,86.32115929,4.66278058,18.70038936,47.00614538,1081.927684,21.76982808,8.17469039,5.524332007,71.64033448,SEDEX
Hilton,S7S2 (Sph2),"Cave et al., 2020b",48610.20865,17.12508219,0.398751239,138.5667029,12.86090954,31.28847185,75.38381462,1154.013377,19.94716734,10.78680096,7.60774357,91.93498938,SEDEX
Hilton,S7S2 (Sph2),"Cave et al., 2020b",76840.94963,122.3542161,0.130847205,151.0836008,15.37726407,50.51584144,28.12021024,970.3508105,10.87576554,9.472800185,5.585527462,38.20863297,SEDEX
Hilton,S8S1 (Sph2),"Cave et al., 2020b",36609.89156,26.2078098,10.44250705,124.5556627,0.052488194,0.347971354,50.14588888,1686.068352,1.047802504,0.867824905,18.17522681,83.66534177,SEDEX
Hilton,S8S1 (Sph2),"Cave et al., 2020b",32836.1753,136.2780319,6.304923887,120.9908944,0.221805158,0.787965071,168.5905063,1770.614237,2.064088932,9.280361014,215.6254782,2413.088945,SEDEX
Hilton,S8S1 (Sph2),"Cave et al., 2020b",30033.87526,17.97767166,5.729075854,230.3440321,0.082636342,0.532807729,247.4281694,1757.91303,3.379493429,15.71963627,322.5295414,3533.598927,SEDEX
Hilton,S8S1 (Sph2),"Cave et al., 2020b",34602.95058,18.11392569,9.708196745,243.5082136,0.208056276,0.516933037,75.23483256,1671.46826,1.402957151,1.815424038,57.59023029,99.47255814,SEDEX
Hilton,S8S1 (Sph2),"Cave et al., 2020b",33680.54137,19.55567562,6.398654446,78.84081309,0.294325362,0.759665348,158.9881678,1612.552792,1.313677128,4.875791482,130.976749,166.4269445,SEDEX
Hilton,S8S1 (Sph2),"Cave et al., 2020b",38952.44129,21.69195691,8.579521414,92.69052481,0.054653736,0.402103522,41.39315259,1806.852123,1.270132134,0.696325455,16.74726282,35.68243797,SEDEX
Hilton,S8S1 (Sph2),"Cave et al., 2020b",32420.44385,14.88969607,6.238177282,153.1417487,0.097003999,0.656054731,145.9761334,1593.597809,1.678837538,4.475581421,145.7711829,226.3158169,SEDEX
Hilton,S8S1 (Sph2),"Cave et al., 2020b",36829.41228,22.58628649,6.909297016,77.49811393,0.841757641,1.753748216,142.9202914,1684.726793,1.514123228,3.609843637,114.1697037,103.6219684,SEDEX
Hilton,S8S1 (Sph2),"Cave et al., 2020b",35214.87632,23.03729767,7.000580758,103.5819094,0.132064294,1.768949909,151.4333939,1725.733178,1.923532108,6.86094656,159.197578,258.268364,SEDEX
Hilton,S8S1 (Sph2),"Cave et al., 2020b",37718.42659,25.59109072,4.372661416,155.7859346,2.97742969,3.291767784,261.316937,1617.755228,3.068134535,12.20032045,300.0314633,269.8781194,SEDEX
Hilton,S8S1 (Sph2),"Cave et al., 2020b",30220.65265,19.72697094,5.885631217,167.2480917,0.186514889,1.242719393,257.1038211,1811.125139,3.119424424,15.47117822,383.0992033,2159.379538,SEDEX
Hilton,S8S1 (Sph2),"Cave et al., 2020b",30928.6049,18.26998966,8.529962967,87.50888883,0.141021802,0.441732828,138.4881646,1764.175633,1.884700202,6.149820119,170.8208602,4535.628897,SEDEX
Hilton,S8S1 (Sph2),"Cave et al., 2020b",38742.15308,31.22097155,9.116019736,141.1513486,1.712764139,1.858809544,120.7392404,1516.483096,1.67840739,3.849674022,108.4947559,82.6413938,SEDEX
Hilton,S8S1 (Sph2),"Cave et al., 2020b",37118.13767,24.10043047,10.50235733,96.28383774,0.154388659,0.570407216,35.59375255,1804.192401,1.531375287,0.814845132,20.63156307,62.19182473,SEDEX
Nayongzhi,16L-9-1-Sp (Brown),"Wei et al., 2021b",14026.34896,12.85768486,0.473384571,64.61683044,1.247950181,427.6930548,1.813661438,400.9898348,0.001955,0.217787711,1.486783152,516.9046215,MVT
Nayongzhi,16L-9-1-Sp (Brown),"Wei et al., 2021b",8878.020949,12.85938992,0.477513983,99.26673601,3.746448339,456.2184423,1.469375586,261.2534681,0.003545,0.267647043,5.934728258,443.5769368,MVT
Nayongzhi,16L-9-1-Sp (Brown),"Wei et al., 2021b",14371.39372,15.03656898,0.705993096,89.83675189,1.605627815,551.6740948,2.403686948,343.218526,0.006796549,0.125912049,3.980886308,651.0818855,MVT
Nayongzhi,16L-9-1-Sp (Brown),"Wei et al., 2021b",13473.06552,12.52258833,0.674093464,86.53489914,1.192902437,509.0450977,2.443338141,328.1441336,0.001935,0.062105915,3.611405095,582.9134167,MVT
Nayongzhi,16L-9-1-Sp (Brown),"Wei et al., 2021b",11539.4525,13.32403131,0.556497708,121.5830216,2.13416938,608.7561703,1.474815982,290.4670684,0.062071113,0.86233084,2.702302992,781.4145742,MVT
Nayongzhi,16L-9-1-Sp (Brown),"Wei et al., 2021b",9336.695,13.27263117,0.561881254,248.4546963,3.109617966,662.8346479,2.552660551,189.3548364,0.00281,0.152556831,9.050591235,639.4650191,MVT
Nayongzhi,16L-9-1-Sp (Brown),"Wei et al., 2021b",17711.95789,13.5724063,0.72832565,237.5587936,0.245021892,868.3070983,2.959830787,358.9947827,0.00203,0.116224433,3.607542716,1166.554234,MVT
Nayongzhi,16L-9-1-Sp (Brown),"Wei et al., 2021b",14558.82211,14.25895939,0.637695295,187.7938549,0.356787643,565.7579781,1.910791462,329.1417427,0.003495,0.096463347,2.13216883,478.7706628,MVT
Nayongzhi,16L-10-Sp (Brown),"Wei et al., 2021b",13121.98624,11.08598186,0.44676178,37.19018589,1.714896474,358.7813553,1.205000783,385.6101184,0.016466593,0.381561473,1.765458928,437.2511526,MVT
Nayongzhi,16L-10-Sp (Brown),"Wei et al., 2021b",11580.68911,12.46317939,0.497780259,39.83810473,1.800971486,414.142297,1.560263976,393.8051468,0.003245,0.360519671,3.395168464,530.1465609,MVT
Nayongzhi,16L-10-Sp (Brown),"Wei et al., 2021b",11011.79983,12.91244338,0.524057506,64.69386089,0.449130727,569.6718296,2.006307157,241.5058994,0.004085,0.0372,3.468617574,663.1613864,MVT
Nayongzhi,16L-10-Sp (Brown),"Wei et al., 2021b",9101.774255,11.05377036,0.508395728,47.08522711,5.398291671,400.0106053,1.560410929,247.8687425,0.00319,0.197820292,7.846626919,410.1576194,MVT
Nayongzhi,16L-10-Sp (Brown),"Wei et al., 2021b",9419.196411,12.23172599,0.432715119,55.82515678,0.501139732,637.6972712,2.212068101,279.2895661,0.00486,0.143954188,3.522628716,788.5936037,MVT
Nayongzhi,16L-10-Sp (Brown),"Wei et al., 2021b",6737.71702,13.11019439,0.345829029,55.12473339,7.327746714,486.4650312,2.056601913,281.1390677,0.014789241,0.40079452,6.835715506,535.6469625,MVT
Nayongzhi,16L-10-Sp (Brown),"Wei et al., 2021b",8263.285185,12.51181529,0.631784453,73.41000732,0.479922363,528.1451439,1.808200545,240.8765509,0.036435257,0.09558722,2.649343968,728.9147228,MVT
Nayongzhi,16L-10-Sp (Brown),"Wei et al., 2021b",4042.833381,11.73849816,0.268534299,71.48649957,2.58930716,381.4325712,1.786510058,436.6704763,0.029785792,1.451983528,3.59005775,490.6935731,MVT
Nayongzhi,16L-10-Sp (Brown),"Wei et al., 2021b",3820.895861,8.466154194,0.263559374,33.5207478,0.811399254,343.1544971,0.747782617,430.0305508,0.007930522,0.275267294,3.400684408,388.7009005,MVT
Nayongzhi,16L-10-Sp (Brown),"Wei et al., 2021b",11196.58332,11.08074293,0.457312198,48.68616426,1.407780288,422.0767249,1.676027274,369.7704113,0.003495,0.196549669,1.734940918,677.1548573,MVT
Nayongzhi,16L-10-Sp (Brown),"Wei et al., 2021b",6627.459959,15.93272542,0.391755419,128.4579422,0.839522132,471.7845084,1.999738798,399.1713425,0.017334365,0.305149999,1.844846459,496.2468414,MVT
Nayongzhi,16L-10-Sp (Brown),"Wei et al., 2021b",8422.88433,8.205825208,0.2888086,31.33342878,1.709761728,306.1016314,0.992244624,498.6453654,0.00319,0.197324794,1.475352311,353.9689427,MVT
Nayongzhi,16S-36-Sp (Brown),"Wei et al., 2021b",8713.012356,12.30170945,0.457357088,98.37667445,1.957961137,458.4623398,1.629917001,254.0898395,0.003565,0.295589438,6.216127621,529.377652,MVT
Nayongzhi,16S-36-Sp (Brown),"Wei et al., 2021b",9166.863434,13.16007035,0.444747682,67.62361039,1.30551125,562.9219977,1.778559946,235.6086409,0.007995938,0.265253388,3.736226175,1003.021454,MVT
Nayongzhi,16S-36-Sp (Brown),"Wei et al., 2021b",9950.38991,14.35934732,0.582375573,126.6340576,1.458946433,724.4759468,2.75513827,302.535946,0.022685167,0.818853898,3.580062588,865.014553,MVT
Nayongzhi,16S-36-Sp (Brown),"Wei et al., 2021b",10562.01128,11.04266863,0.372985937,43.6453236,1.494610442,368.3303004,1.312118804,506.6276256,0.017711662,0.74929043,1.378706615,416.8942214,MVT
Nayongzhi,16S-36-Sp (Brown),"Wei et al., 2021b",16713.79689,15.04101466,0.515212393,68.60370438,0.422713726,467.8436543,1.252612463,315.7535193,0.008118731,0.0351,2.696935996,430.7748548,MVT
Nayongzhi,16S-36-Sp (Brown),"Wei et al., 2021b",18107.92108,15.63645449,0.425059893,74.55257259,0.57446697,492.2651727,1.832096443,322.6277592,0.0052,0.0432,2.273464922,602.4804922,MVT
Nayongzhi,16S-36-Sp (Brown),"Wei et al., 2021b",16177.76052,15.18781379,0.261793747,57.89507614,3.365129105,667.6550146,1.614661593,393.765186,0.0052,0.130058583,3.732415467,725.2037544,MVT
Nayongzhi,16S-36-Sp (Brown),"Wei et al., 2021b",9583.307061,10.64341528,0.365801922,32.74535924,0.917670251,448.8461421,0.801288794,410.0158725,0.00505,0.0416,1.77523161,1221.796425,MVT
Nayongzhi,16S-35-Sp (Brown),"Wei et al., 2021b",13285.59433,14.60026595,0.5312693,66.49372625,2.579815779,596.8804716,1.857484755,275.6048703,0.010002963,0.196678973,3.860236292,823.6006162,MVT
Nayongzhi,16S-35-Sp (Brown),"Wei et al., 2021b",15406.78605,16.19482575,0.493705036,73.02549452,25.68505166,575.0586368,2.068391937,400.509453,0.021048743,0.390651053,16.82638512,657.5814869,MVT
Nayongzhi,16S-35-Sp (Brown),"Wei et al., 2021b",15682.79878,13.95102067,0.681586913,108.3220999,0.932099667,540.7405643,2.431132877,343.0085043,0.00368,0.110506382,1.8874168,472.4091833,MVT
Nayongzhi,16S-35-Sp (Brown),"Wei et al., 2021b",13709.25262,16.93532421,0.671404059,80.28606462,1.250383821,590.2739256,2.262180852,307.2847805,0.009636104,0.0408,2.636650545,717.7807371,MVT
Nayongzhi,16S-35-Sp (Brown),"Wei et al., 2021b",7131.235455,13.03454677,0.529891586,60.18333547,0.823667877,579.8606314,2.112633022,264.5758246,0.003755,0.03965,3.498396546,621.6442351,MVT
Nayongzhi,16S-35-Sp (Brown),"Wei et al., 2021b",7287.535556,14.70497772,0.61925201,124.6034395,2.537216481,718.9075212,2.292383896,254.3096453,0.00392,0.119563284,11.45943391,800.0746036,MVT
Nayongzhi,16S-35-Sp (Brown),"Wei et al., 2021b",16721.25327,15.32775675,0.639326203,102.9188057,0.585435352,663.1745211,2.641824621,205.0721952,0.0051,0.0525,1.460058365,862.0579827,MVT
Nayongzhi,16S-35-Sp (Brown),"Wei et al., 2021b",20111.56983,17.39087344,0.783295221,190.321628,0.601190889,650.4079428,2.63652299,222.1617986,0.003805,0.03465,1.700864017,599.967047,MVT
Nayongzhi,16S-35-Sp (Brown),"Wei et al., 2021b",22686.80997,16.37491797,0.348678556,83.720026,5.367513418,678.3552806,2.108450357,399.8339283,0.001995,0.095181892,2.001981784,649.4536986,MVT
Nayongzhi,16S-35-Sp (Brown),"Wei et al., 2021b",23412.09254,14.88853997,0.347449129,78.72539145,8.212497793,577.4315366,2.009547679,461.5356232,0.006235556,0.201561749,2.666450379,584.6877542,MVT
Nayongzhi,16S-35-Sp (Brown),"Wei et al., 2021b",13461.71216,13.07327865,0.355697753,78.07633469,4.807408214,648.0439533,1.897126313,317.5386434,0.0019,0.123722194,3.431200186,674.8866553,MVT
Nayongzhi,16S-35-Sp (Brown),"Wei et al., 2021b",10925.30913,10.72779268,0.314599884,76.9630208,1.263312276,635.5160731,1.889571879,313.7253916,0.00229,0.042884991,3.293592623,588.8563984,MVT
Nayongzhi,16S-35-Sp (Brown),"Wei et al., 2021b",7199.553974,11.64824782,0.2506409,38.59233244,2.063701265,505.999949,1.65847518,313.6514799,0.00218,0.064429558,4.32165528,1732.67716,MVT
Nayongzhi,16S-35-Sp (Brown),"Wei et al., 2021b",11822.79822,16.79002932,0.31116248,57.29294683,2.475060793,864.2676617,1.756129892,312.523907,0.001935,0.076648349,3.094075874,1702.577575,MVT
Nayongzhi,16L-9-1-Sp (Pale-yellow),"Wei et al., 2021b",2551.086894,2.12472442,0.142727082,243.7719832,212.1949327,41.11145323,1.831745632,1298.244559,0.098590634,11.96177849,124.5174317,107.1446718,MVT
Nayongzhi,16L-9-1-Sp (Pale-yellow),"Wei et al., 2021b",2722.551144,5.604338948,0.128118117,219.7906233,285.21187,58.30185865,1.871195443,1402.084019,0.065587805,17.84892162,59.46789399,60.51641767,MVT
Nayongzhi,16L-9-1-Sp (Pale-yellow),"Wei et al., 2021b",2942.337704,2.495338184,0.165290518,135.0659629,144.3114873,68.00909077,1.574300339,1298.313692,0.040898357,11.73141046,82.21871658,101.2555564,MVT
Nayongzhi,16L-9-1-Sp (Pale-yellow),"Wei et al., 2021b",1919.978177,4.303928245,0.257280467,308.7728546,259.7314151,95.35220209,2.08815293,1757.496102,0.291625787,26.76308762,65.74225206,55.85640859,MVT
Nayongzhi,16L-9-1-Sp (Pale-yellow),"Wei et al., 2021b",1377.575566,0.289988338,0.313159259,32.78421817,63.77336462,34.41719537,1.475501063,625.3081777,0.311804495,42.86209651,0.257154922,9.446821002,MVT
Nayongzhi,16L-9-1-Sp (Pale-yellow),"Wei et al., 2021b",3184.779233,4.087922074,0.103837432,175.0590705,171.3602117,63.01681389,1.215428835,1355.425293,1.195983842,13.37619732,121.4342051,126.1869453,MVT
Nayongzhi,16L-9-1-Sp (Pale-yellow),"Wei et al., 2021b",3474.526355,5.485795988,0.118233487,102.7265961,83.85522686,70.5530117,1.465222458,1209.124956,0.397780727,3.738890825,85.05524609,111.5595959,MVT
Nayongzhi,16L-9-1-Sp (Pale-yellow),"Wei et al., 2021b",3273.932646,2.907919372,0.119997612,130.0098489,117.9548998,80.06102417,1.286211538,1363.033149,0.144209799,18.3177159,62.07989242,82.40278995,MVT
Nayongzhi,16L-9-1-Sp (Pale-yellow),"Wei et al., 2021b",1530.380411,2.830617002,0.143839312,91.30011199,103.9661999,110.7191016,1.577451135,1662.41531,0.585208806,8.613670417,5.359402984,81.92768049,MVT
Nayongzhi,16L-9-1-Sp (Pale-yellow),"Wei et al., 2021b",1939.211522,2.123902193,0.217769031,112.0463364,141.1241935,73.60383195,1.705024812,1697.938898,0.56304117,10.28134878,5.234753511,52.14768842,MVT
Nayongzhi,16L-9-1-Sp (Pale-yellow),"Wei et al., 2021b",3688.321794,3.64190836,0.155984453,139.7609384,165.096934,209.5017865,1.786618132,1056.1153,0.6120619,41.00358205,131.1362889,271.0723001,MVT
Nayongzhi,16L-9-1-Sp (Pale-yellow),"Wei et al., 2021b",2108.832744,1.898675536,0.142700299,122.1145041,134.8794874,100.0326509,1.408019378,1292.057028,0.052630635,11.3647829,43.230015,71.84433039,MVT
Nayongzhi,16L-9-1-Sp (Pale-yellow),"Wei et al., 2021b",2664.790038,1.772917294,0.124902841,178.8243375,37.73886086,83.08205176,2.00309471,963.9807065,0.06843298,15.55848355,32.76921643,54.61889436,MVT
Nayongzhi,16L-9-1-Sp (Pale-yellow),"Wei et al., 2021b",3917.087387,8.010394069,0.118962188,65.57425242,58.18714807,144.9680881,1.333124793,741.2111312,0.042971908,6.874155738,55.68405268,89.16911068,MVT
Nayongzhi,16L-9-1-Sp (Pale-yellow),"Wei et al., 2021b",2469.462234,4.2146209,0.267962591,131.6550479,131.8844325,165.651241,1.98990706,878.4694592,0.349790633,15.8259022,26.69117778,85.79275178,MVT
Nayongzhi,16L-9-1-Sp (Pale-yellow),"Wei et al., 2021b",2218.10745,2.715169318,0.126051679,67.56812245,65.67536023,71.98314103,1.430275142,966.3361474,0.079743667,7.868036528,45.08476885,67.45786614,MVT
Nayongzhi,16L-9-1-Sp (Pale-yellow),"Wei et al., 2021b",8230.580782,11.53556815,0.411978226,193.8586098,91.51905349,550.6491716,2.694708584,739.3149281,0.043197995,8.905384219,40.12912659,636.1461879,MVT
Nayongzhi,16L-9-1-Sp (Pale-yellow),"Wei et al., 2021b",5343.38963,10.53356412,0.296821582,69.50323316,14.3956795,419.0552426,1.665461784,455.4417494,0.150599533,8.170150585,7.694811459,455.4259809,MVT
Nayongzhi,16L-9-1-Sp (Pale-yellow),"Wei et al., 2021b",6443.935641,9.628152404,0.202933565,75.51023793,27.66852244,330.3947422,1.848144768,611.4010237,0.25182254,10.80624919,21.55732105,295.7254708,MVT
Nayongzhi,16L-10-Sp (Pale-yellow),"Wei et al., 2021b",6080.439738,11.56857451,0.319050397,81.91247507,135.3271721,117.1754649,4.761632899,861.7287824,0.017963901,2.01779123,69.71776115,125.1150859,MVT
Nayongzhi,16L-10-Sp (Pale-yellow),"Wei et al., 2021b",3707.508309,5.323895015,0.092280721,46.40552968,38.23535237,87.13653893,1.346256995,783.0400001,0.038326725,2.479169066,36.89123881,62.1142351,MVT
Nayongzhi,16L-10-Sp (Pale-yellow),"Wei et al., 2021b",4609.513884,8.153458843,0.25155698,166.7329999,182.2307669,217.352463,3.005637837,771.9137924,0.280482781,18.77838639,73.18132432,158.7478203,MVT
Nayongzhi,16L-10-Sp (Pale-yellow),"Wei et al., 2021b",6480.858004,12.21741821,0.270831382,133.6462601,106.4619973,208.6203688,4.140437032,727.0370764,0.113619306,6.912452423,169.1467785,264.4384262,MVT
Nayongzhi,16L-10-Sp (Pale-yellow),"Wei et al., 2021b",3590.892192,6.194452741,0.078732988,48.65525067,53.82138433,110.5988775,1.71009468,726.7014392,0.034831346,4.93284675,40.75851224,75.18106359,MVT
Nayongzhi,16L-10-Sp (Pale-yellow),"Wei et al., 2021b",2428.667033,4.340608166,0.105903005,114.36761,77.2957714,137.5766711,1.468959958,1144.059773,0.054421781,10.65727135,74.60543652,90.02515929,MVT
Nayongzhi,16L-10-Sp (Pale-yellow),"Wei et al., 2021b",2827.170711,9.35411551,0.118771214,184.4445505,34.09877785,540.0306718,1.780215624,403.9861728,0.039222592,6.206928332,20.72765868,445.997557,MVT
Nayongzhi,16L-9-1-Sp (Light),"Wei et al., 2021b",2793.347188,2.054367069,0.076595347,84.99014509,154.5803268,16.62979941,1.87707036,1494.315758,0.048008639,4.161331661,43.71499302,31.6591874,MVT
Nayongzhi,16L-9-1-Sp (Light),"Wei et al., 2021b",2685.853184,1.275890474,0.133297068,152.8515382,277.4530782,43.11968413,1.762182722,1528.960992,0.045877669,10.16742267,54.94805708,64.31093117,MVT
Nayongzhi,16L-9-1-Sp (Light),"Wei et al., 2021b",2615.080302,2.176798076,0.154378093,191.7864236,236.8957197,27.23107747,1.579747369,1312.790927,0.062011766,9.675621719,164.642541,116.3794708,MVT
Nayongzhi,16L-9-1-Sp (Light),"Wei et al., 2021b",2864.49388,2.752562139,0.154278957,193.5954711,224.94122,44.36681612,1.60948708,1495.0124,0.038576814,8.767821199,106.4253345,93.68660611,MVT
Nayongzhi,16L-9-1-Sp (Light),"Wei et al., 2021b",2034.02397,1.124946499,0.13433579,166.4398325,257.321549,8.843988448,1.397987105,1582.301437,0.314939582,8.903090979,73.59030368,45.70907295,MVT
Nayongzhi,16L-9-1-Sp (Light),"Wei et al., 2021b",2904.276183,1.882932145,0.149225366,141.6861383,200.8796494,39.89211524,1.55016279,1399.353388,0.046686622,7.767180442,66.90471694,61.61244138,MVT
Nayongzhi,16L-9-1-Sp (Light),"Wei et al., 2021b",1411.29079,1.44402741,0.085899311,190.7466965,271.1402096,15.66425594,1.224799393,1635.252501,0.117179448,12.03482618,151.46168,106.3123546,MVT
Nayongzhi,16L-9-1-Sp (Light),"Wei et al., 2021b",1941.215434,2.119488569,0.116807087,109.6797222,203.2806105,32.469191,2.003443181,1327.68696,0.061608964,15.84151888,73.78141124,66.02690268,MVT
Nayongzhi,16L-9-1-Sp (Light),"Wei et al., 2021b",1973.161877,2.859486303,0.084867707,113.1307018,197.0302428,31.3108076,1.429795868,1428.949894,0.08296585,18.84138849,138.0618735,135.097617,MVT
Nayongzhi,16L-9-1-Sp (Light),"Wei et al., 2021b",2215.383347,3.939212289,0.119953618,65.11616685,99.77816146,12.07206882,1.693546853,1178.390505,0.016184859,3.250214936,115.4339444,83.58828123,MVT
Nayongzhi,16L-9-1-Sp (Light),"Wei et al., 2021b",2130.637879,2.701605001,0.111806527,147.9867145,180.0113177,41.68757631,1.389533019,1239.625624,0.086252882,24.39013709,98.47889387,97.50933953,MVT
Nayongzhi,16L-9-1-Sp (Light),"Wei et al., 2021b",2029.734577,2.481326551,0.168118854,144.6557066,170.9004072,79.05233472,1.447777384,1225.336029,0.076394612,15.45490882,138.1874782,136.5377128,MVT
Nayongzhi,16L-9-1-Sp (Light),"Wei et al., 2021b",2789.064348,2.147683236,0.129198028,157.0325931,191.4732441,47.96683113,1.815496047,1324.368336,0.045668977,4.519146001,74.95838714,60.73694749,MVT
Nayongzhi,16L-9-1-Sp (Light),"Wei et al., 2021b",2124.50352,2.056692511,0.148591958,136.9446623,184.9873319,57.3407505,1.202638992,1254.860783,0.068078886,16.32698688,65.16564406,69.82246577,MVT
Nayongzhi,16L-9-1-Sp (Light),"Wei et al., 2021b",2213.030481,1.421265511,0.159506636,105.2845507,132.3391406,86.69431859,1.291085626,1141.569157,0.030189833,7.691703617,39.59098678,45.43565615,MVT
Nayongzhi,16L-10-Sp (Light),"Wei et al., 2021b",1637.484141,1.092224629,0.162877308,217.9757727,316.1571468,15.44284357,1.554899695,1475.546594,0.13704964,18.4099063,152.6488116,123.7582189,MVT
Nayongzhi,16L-10-Sp (Light),"Wei et al., 2021b",1289.054239,0.885404644,0.134872015,158.0895873,313.7440932,9.119299844,0.3615,1621.220972,0.061061106,10.26652046,109.0687326,74.16280125,MVT
Nayongzhi,16L-10-Sp (Light),"Wei et al., 2021b",1757.34756,0.935380379,0.075800407,122.13616,185.3294452,21.9765117,1.838162123,1400.350715,0.075202219,9.525622358,48.12370539,50.67607045,MVT
Nayongzhi,16L-10-Sp (Light),"Wei et al., 2021b",1939.633468,1.504023013,0.107590899,221.1864743,320.7141182,16.82052036,1.468693479,1536.805144,0.072254963,14.96557637,161.1018085,128.4046804,MVT
Nayongzhi,16L-10-Sp (Light),"Wei et al., 2021b",1288.344933,1.268968639,0.125885937,157.4092919,277.8856595,10.44234902,1.523367674,1667.088126,0.241828905,7.148080989,121.224418,82.05366889,MVT
Nayongzhi,16L-10-Sp (Light),"Wei et al., 2021b",1738.191446,0.915457403,0.10728593,48.39334446,164.8087936,16.9727182,1.430079623,1332.918392,0.052871753,4.292002616,33.09357989,25.32400423,MVT
Nayongzhi,16L-10-Sp (Light),"Wei et al., 2021b",1686.842935,1.825413894,0.114670284,134.2081148,292.2806202,7.771934819,1.492996625,1585.993661,0.155621754,12.29574636,117.6187216,101.8981302,MVT
Nayongzhi,16L-10-Sp (Light),"Wei et al., 2021b",1614.731225,1.352295815,0.087297535,190.7533271,258.968929,27.30920997,1.811886664,1197.240362,0.458557278,9.904310536,153.6409441,103.0075515,MVT
Nayongzhi,16L-10-Sp (Light),"Wei et al., 2021b",2166.064232,3.653621122,0.09730469,98.13304469,93.6751265,34.20551801,1.906096355,1117.595249,0.04667601,8.003284545,171.2715958,175.6043342,MVT
Nayongzhi,16L-10-Sp (Light),"Wei et al., 2021b",2075.237827,2.124635306,0.123575973,99.59060425,154.0766149,50.97792134,1.548285802,1282.219727,0.091718723,8.564620065,65.31919133,58.55084249,MVT
Nayongzhi,16L-10-Sp (Light),"Wei et al., 2021b",2219.530767,1.640828415,0.063554481,89.53856552,134.0183298,33.05867804,1.303194074,1516.875077,0.075680951,16.85807239,44.86794315,58.62574711,MVT
Nayongzhi,16S-35-Sp (Light),"Wei et al., 2021b",2023.169582,2.14085144,0.097558837,101.1136214,163.0425068,8.961958296,1.178203422,1305.286876,0.04111789,6.111280389,77.40398003,52.76830024,MVT
Nayongzhi,16S-35-Sp (Light),"Wei et al., 2021b",1755.00772,2.021042134,0.122102452,138.048006,170.9396471,15.01652281,1.213785977,1320.961316,0.052350942,6.382065911,176.914985,109.233064,MVT
Nayongzhi,16S-35-Sp (Light),"Wei et al., 2021b",2122.94728,1.561515579,0.082477198,75.01695762,157.8482991,26.2416842,0.888917558,1518.378453,0.066442857,12.624261,38.17537211,50.87601824,MVT
Nayongzhi,16S-35-Sp (Light),"Wei et al., 2021b",1976.819223,1.676526772,0.094431089,96.24004818,170.5059977,30.81854299,1.509137381,1398.413642,0.040719883,9.860282727,72.42438372,59.03250814,MVT
Nayongzhi,16S-35-Sp (Light),"Wei et al., 2021b",1895.995232,1.637719032,0.124676779,111.7162534,214.7792602,19.44255951,1.345615447,1350.107955,0.073280935,10.262174,106.069191,88.61790808,MVT
Nayongzhi,16S-35-Sp (Light),"Wei et al., 2021b",2056.565607,1.645631688,0.084517925,72.82822402,138.126992,22.76878729,1.285958707,1257.482486,0.030047342,7.490222429,54.39070888,49.51603452,MVT
Nayongzhi,16S-35-Sp (Light),"Wei et al., 2021b",2057.841931,1.50763956,0.08677057,92.60670438,177.289525,26.91308343,1.31739444,1386.807289,0.068171388,12.79489673,40.34561007,41.25562355,MVT
Nayongzhi,16S-35-Sp (Light),"Wei et al., 2021b",1712.964849,2.175854383,0.153258461,211.2360127,319.6334369,23.7875065,1.886979424,1277.200321,0.147472146,17.28271017,205.5632058,148.4029697,MVT
Nayongzhi,16S-35-Sp (Light),"Wei et al., 2021b",1786.975991,1.107013699,0.135501823,145.9615432,230.1201473,19.36776225,1.408981787,1506.296254,0.121254103,21.17472856,87.21472453,72.58881981,MVT
Nayongzhi,16S-35-Sp (Light),"Wei et al., 2021b",1679.662212,1.096090447,0.078455243,50.29456389,171.0355134,12.29164035,1.216011878,1437.26164,0.099783158,6.376330467,30.49810514,27.46792177,MVT
Nayongzhi,16S-35-Sp (Light),"Wei et al., 2021b",1084.574173,0.536167148,0.159894601,165.1758445,341.703831,4.253904931,1.07101585,2149.876842,0.134354039,12.68272284,36.46964881,27.91204252,MVT
Nayongzhi,16S-35-Sp (Light),"Wei et al., 2021b",1814.448897,1.101644709,0.101339203,105.1585188,195.3665525,24.27061373,1.447126252,1403.792819,0.126985117,14.93230344,60.1105546,55.20871565,MVT
Nayongzhi,16S-35-Sp (Light),"Wei et al., 2021b",1905.524313,1.604387043,0.123962818,126.2168474,186.1356886,42.74231787,1.630821865,1352.211212,0.045392933,14.32780496,84.41965085,88.31988148,MVT
Nayongzhi,16S-35-Sp (Light),"Wei et al., 2021b",2193.614537,2.670637087,0.083537507,80.55251831,29.71802456,95.34389066,1.339885512,1109.825871,0.018609294,6.523914644,63.13616646,85.60424019,MVT
Nayongzhi,16S-35-Sp (Light),"Wei et al., 2021b",4420.397364,9.760882413,0.040033604,26.77007296,7.852990284,192.1319594,1.86053162,593.557587,0.008954289,0.1351975,68.91918023,111.144628,MVT
Nayongzhi,16S-35-Sp (Light),"Wei et al., 2021b",2753.176619,8.734897298,0.052154254,48.39952414,19.02559289,147.8910366,1.724727692,675.1663162,0.004255,1.222484113,67.17857142,116.6968696,MVT
Nayongzhi,16S-35-Sp (Light),"Wei et al., 2021b",2330.788778,4.747976703,0.103108194,33.10492356,14.33250763,88.21705355,2.294587887,927.6358368,0.0037,0.233476768,42.08560722,55.79652143,MVT
Nayongzhi,16S-36-Sp (Light),"Wei et al., 2021b",2187.278786,1.946603547,0.101460825,101.9615463,121.5226834,49.23364898,1.19840658,1314.297598,0.096144991,12.86222735,48.19908274,55.36041962,MVT
Nayongzhi,16S-36-Sp (Light),"Wei et al., 2021b",2098.699162,3.018272412,0.103372192,53.82880878,41.2127895,65.87311581,1.975638702,1143.498246,0.004465,0.992499539,42.34831982,43.81627721,MVT
Dingjiashan,19DJS-10-1 (Sp Ia),"Xing et al., 2021",69147,4457,117,300,0.33,1.97,12.23,3579,436,1.9,0.11,62.48,Skarn
Dingjiashan,19DJS-10-1 (Sp Ia),"Xing et al., 2021",70259,4315,118,306,0.72,2,23.78,3430,417,3.01,0.14,484.56,Skarn
Dingjiashan,19DJS-10-1 (Sp Ia),"Xing et al., 2021",74162,3380,118,278,0.25,1.83,45.57,3338,308,3.96,0.16,452.26,Skarn
Dingjiashan,19DJS-10-1 (Sp Ia),"Xing et al., 2021",63771,3792,101,198,0.45,1.65,4.97,3625,298,2.03,0.14,1.93,Skarn
Dingjiashan,19DJS-10-5 (Sp Ia),"Xing et al., 2021",86023,996,127,503,0.17,1.5,26.75,3548,350,2.15,0.155,37,Skarn
Dingjiashan,19DJS-10-5 (Sp Ia),"Xing et al., 2021",66343,851,127,494,0.07,1.71,16.35,3683,383,2.28,0.145,27.43,Skarn
Dingjiashan,19DJS-10-5 (Sp Ia),"Xing et al., 2021",66738,2705,118,225,0.46,1.57,4.06,3639,329,1.6,0.125,1.61,Skarn
Dingjiashan,19DJS-p10-2 (Sp Ia),"Xing et al., 2021",84610,3064,181,268,1.53,0.65,2.08,3314,387,1.34,0.27,1.53,Skarn
Dingjiashan,19DJS-p10-2 (Sp Ia),"Xing et al., 2021",80837,3040,177,307,0.76,0.705,3.62,3222,418,1.31,0.31,3.07,Skarn
Dingjiashan,19DJS-p10-2 (Sp Ia),"Xing et al., 2021",88095,3492,182,320,1.34,2.02,3.26,3287,379,2.64,0.415,9.19,Skarn
Dingjiashan,19DJS-p10-2 (Sp Ia),"Xing et al., 2021",76389,2659,175,240,0.57,1.57,3.94,3080,371,1.72,0.275,9.69,Skarn
Dingjiashan,19DJS-p10-2 (Sp Ia),"Xing et al., 2021",78762,2580,181,656,0.29,2,7.11,3653,421,1.15,0.305,18.29,Skarn
Dingjiashan,19DJS-p10-2 (Sp Ia),"Xing et al., 2021",75818,2600,178,242,0.39,1.85,2.22,3410,373,1.18,0.285,1.33,Skarn
Dingjiashan,19DJS-180-19 (Sp Ib),"Xing et al., 2021",70123,6774,21,2771,3.14,2.59,10.63,3396,388,6.19,0.2,81.52,Skarn
Dingjiashan,19DJS-180-19 (Sp Ib),"Xing et al., 2021",71942,3803,52,1493,0.075,2.29,4.96,3386,401,1.58,0.275,22.43,Skarn
Dingjiashan,19DJS-180-19 (Sp Ib),"Xing et al., 2021",76624,4436,47,310,0.74,2.41,4.8,2742,342,10.97,0.185,8.1,Skarn
Dingjiashan,19DJS-180-19 (Sp Ib),"Xing et al., 2021",81324,6258,54,3620,0.47,2.12,6.32,3448,327,1.36,0.18,1.56,Skarn
Dingjiashan,19DJS-180-19 (Sp Ib),"Xing et al., 2021",54317,5025,42,529,0.38,1.17,3.75,3236,358,3.37,0.195,1.44,Skarn
Dingjiashan,19DJS-p30-1 (Sp Ib),"Xing et al., 2021",67318,3673,258,332,0.51,1.63,1.74,3282,224,1.07,0.29,1.75,Skarn
Dingjiashan,19DJS-p30-1 (Sp Ib),"Xing et al., 2021",62152,1779,258,146,0.77,1.58,10.94,2853,222,9.28,0.325,467.44,Skarn
Dingjiashan,19DJS-p30-1 (Sp Ib),"Xing et al., 2021",62803,4351,258,152,0.68,1.42,2.45,3358,223,1.73,0.33,2.77,Skarn
Dingjiashan,19DJS-p30-1 (Sp Ib),"Xing et al., 2021",63863,4097,263,148,0.31,1.74,2.05,3442,227,1.61,0.49,7.28,Skarn
Dingjiashan,19DJS-90-9 (Sp IIa),"Xing et al., 2021",28191,3983,2,40,0.28,0.77,6.97,2476,49,0.95,0.82,15.35,Skarn
Dingjiashan,19DJS-90-9 (Sp IIa),"Xing et al., 2021",32192,4351,1,74,0.24,0.97,1.4,2659,53,1.06,0.145,3.47,Skarn
Dingjiashan,19DJS-90-9 (Sp IIa),"Xing et al., 2021",32940,4186,8,36,0.12,0.87,1.26,2524,51,1.4,0.13,0.75,Skarn
Dingjiashan,19DJS-90-9 (Sp IIa),"Xing et al., 2021",26264,3958,1,857,0.17,0.98,2.75,2416,44,0.8,0.115,14.79,Skarn
Dingjiashan,19DJS-90-9 (Sp IIa),"Xing et al., 2021",30564,4055,2,31,0.37,0.39,0.99,2547,43,1.17,0.13,0.63,Skarn
Dingjiashan,19DJS-50-8 (Sp IIa),"Xing et al., 2021",21257,3967,6,360,0.15,1.59,10.88,3004,78,1.24,0.16,239.02,Skarn
Dingjiashan,19DJS-50-8 (Sp IIa),"Xing et al., 2021",33360,5636,7,35,0.13,1.04,2.39,3078,53,1.06,0.115,4.25,Skarn
Dingjiashan,19DJS-50-8 (Sp IIa),"Xing et al., 2021",32421,5990,4,49,0.26,1.46,2.37,3176,69,0.99,0.115,4.05,Skarn
Dingjiashan,19DJS-110-11 (Sp IIa),"Xing et al., 2021",55559,8446,67,3100,0.24,1.61,3.85,3244,56,1.27,0.13,1142.62,Skarn
Dingjiashan,19DJS-110-11 (Sp IIa),"Xing et al., 2021",57572,8116,71,648,0.31,1.53,1.59,3186,56,1.11,0.13,2.95,Skarn
Dingjiashan,19DJS-110-11 (Sp IIa),"Xing et al., 2021",57917,8387,75,73,0.2,2.13,0.63,3275,55,1.23,0.135,9.79,Skarn
Dingjiashan,19DJS-110-11 (Sp IIa),"Xing et al., 2021",46328,7494,63,7284,0.14,2.05,9.44,3166,57,1.78,0.16,1113.29,Skarn
Dingjiashan,19DJS-150-4 (Sp IIb),"Xing et al., 2021",12606,1584,140,3366,0.04,0.87,3.99,3072,78,0.86,0.145,11.4,Skarn
Dingjiashan,19DJS-150-4 (Sp IIb),"Xing et al., 2021",19139,2685,136,3461,0.12,1.3,1.79,3054,75,1.12,0.155,3.48,Skarn
Dingjiashan,19DJS-150-4 (Sp IIb),"Xing et al., 2021",13565,2165,127,3722,0.12,0.415,3.49,3058,76,0.82,0.145,9.3,Skarn
Dingjiashan,19DJS-150-4 (Sp IIb),"Xing et al., 2021",11745,1335,112,4275,0.04,0.9,5.2,3568,98,0.81,0.14,43.41,Skarn
Dingjiashan,19DJS-150-4 (Sp IIb),"Xing et al., 2021",10499,1735,97,3127,0.09,0.345,5.07,3445,78,1.01,0.12,25.86,Skarn
Dingjiashan,19DJS-110-9 (Sp IIb),"Xing et al., 2021",28978,3948,191,124,0.26,1.24,1.01,3058,75,1.17,0.125,0.97,Skarn
Dingjiashan,19DJS-110-9 (Sp IIb),"Xing et al., 2021",28354,3996,191,55,0.31,1.08,0.93,3109,75,1.11,0.125,0.97,Skarn
Dingjiashan,19DJS-110-9 (Sp IIb),"Xing et al., 2021",20042,1962,240,121,0.23,0.365,1.34,2732,96,0.93,0.135,4.99,Skarn
Dingjiashan,19DJS-110-9 (Sp IIb),"Xing et al., 2021",20533,1953,245,2654,0.21,0.365,3.37,2733,95,0.86,0.135,21.63,Skarn
Dingjiashan,19DJS-110-9 (Sp IIb),"Xing et al., 2021",18688,1934,248,296,0.2,0.73,1.32,2760,97,1.39,0.135,7.19,Skarn
Dingjiashan,19DJS-90-3 (Sp IIb),"Xing et al., 2021",5453,357,140,246,0.26,0.38,5.51,2661,68,9.09,0.145,28.05,Skarn
Dingjiashan,19DJS-90-3 (Sp IIb),"Xing et al., 2021",7572,332,111,47,1.32,0.515,3.82,2402,69,23.64,0.2,18.78,Skarn
Dingjiashan,19DJS-90-3 (Sp IIb),"Xing et al., 2021",5432,626,142,128,0.1,0.99,4.12,2495,72,2.79,0.16,23.62,Skarn
Dingjiashan,19DJS-90-3 (Sp IIb),"Xing et al., 2021",5294,283,113,232,0.07,0.75,5.53,2550,66,1,0.13,20.64,Skarn
Dingjiashan,19DJS-90-3 (Sp IIb),"Xing et al., 2021",10384,1291,171,6125,0.4,1.15,3.7,2595,73,1.58,0.17,7.43,Skarn
Dingjiashan,19DJS-90-3 (Sp IIb),"Xing et al., 2021",6082,349,138,513,0.3,0.43,2.49,2535,69,0.94,0.155,12.5,Skarn
Dingjiashan,19DJS-30-5 (Sp IIb),"Xing et al., 2021",14208,581,106,154,0.49,0.6,3.6,2703,126,1.2,0.195,43.18,Skarn
Dingjiashan,19DJS-30-5 (Sp IIb),"Xing et al., 2021",16440,848,134,636,0.18,0.475,5.33,3044,128,1.16,0.15,6.56,Skarn
Toromocho,2019- TO-05-KK-50 (slC),"Benites et al., 2021",204.5308904,1984.550171,0.022886646,2893.128514,1414.657603,1.098925714,3.990801711,4073.296617,1190.66168,0.470762947,0.128314623,0.543503672,Epithermal
Toromocho,2019- TO-05-KK-50 (slC),"Benites et al., 2021",66.30845477,4694.245197,0.037374834,3124.549164,1123.427538,1.244769238,6.705286591,3951.021529,1456.326782,2.814767846,0.43025547,3.397256043,Epithermal
Toromocho,2019- TO-05-KK-50 (slC),"Benites et al., 2021",97.65855471,4663.114062,0.057989612,2258.951861,726.3791433,0.878631586,6.297486691,3897.10868,1080.864938,3.412090958,0.136393135,1.939438657,Epithermal
Toromocho,2019- TO-05-KK-50 (slC),"Benites et al., 2021",173.5543237,2255.696742,0.105950626,1001.450676,686.1375584,2.300429149,3.932592595,3634.605971,144.6362693,8.141729174,0.361355685,2.563071503,Epithermal
Toromocho,2019- TO-05-KK-50 (slC),"Benites et al., 2021",72.0540153,5447.682177,0.021376147,2271.032092,838.5799436,1.609509235,4.317078782,3707.59038,1349.245303,1.785236771,0.081808794,2.650481277,Epithermal
Toromocho,2019- TO-05-KK-50 (slC),"Benites et al., 2021",230.5820335,3019.835661,0.022922478,1282.756952,645.9034358,1.744204602,4.405858528,3713.087381,370.9728312,3.353523883,2.130315905,1.305282056,Epithermal
Toromocho,2019- TO-05-KK-50 (slC),"Benites et al., 2021",120.8655523,520.6206667,0.025474082,3270.276137,1738.930262,4.162476666,4.741406247,4366.725719,1233.037514,0.444317069,0.262765388,0.879194367,Epithermal
Lower Ombla,2019-MOR-44 (slC1),"Benites et al., 2021",18151.48634,1585.93568,0.030916376,110.076754,0.330719672,0.23129401,2.010594523,1954.124936,75.15241686,0.19963266,0.019419032,0.599276244,Epithermal
Lower Ombla,2019-MOR-44 (slC1),"Benites et al., 2021",16971.48587,1500.920281,0.033268703,77.43257716,0.408551621,0.218667839,1.707933271,1915.303763,72.71152443,0.199314792,0.021439335,0.206407981,Epithermal
Lower Ombla,2019-MOR-41 (slC1),"Benites et al., 2021",13361.17891,532.1534265,12.69659074,68.92683576,1.125409928,0.22844513,2.490935218,1990.035494,49.39984179,0.226956064,0.034295628,0.67543212,Epithermal
Lower Ombla,2019-MOR-41 (slC1),"Benites et al., 2021",13502.75211,543.0341686,7.079514102,59.52350972,1.131147365,0.151019094,2.47227848,1985.667124,48.34652329,0.454286308,0.032094279,0.185704738,Epithermal
Lower Ombla,2019-MOR-42 (slC1),"Benites et al., 2021",27002.85634,1809.03636,3.902845438,82.37756337,3.962441381,0.193719833,3.204250371,1997.29066,45.34902,3.205370813,0.018119267,0.237351607,Epithermal
Lower Ombla,2019-MOR-42 (slC1),"Benites et al., 2021",25985.06563,1771.757513,2.651609294,167.8676341,7.319299616,0.100058561,3.55756286,2033.515215,49.50679309,1.110210919,0.025440769,0.848459549,Epithermal
Lower Ombla,2019-MOR-42 (slC1),"Benites et al., 2021",23340.20885,1677.214485,1.66960168,89.10855421,5.491417508,0.071177109,4.043581931,1965.790266,47.98539351,0.59338128,0.018647852,2.992559044,Epithermal
Lower Ombla,2019-MOR-42 (slC1),"Benites et al., 2021",22168.75314,1572.966324,0.318457116,49.85584665,6.322995935,0.150965473,2.314475066,1892.624046,49.42567661,0.306922068,0.01859195,0.434617129,Epithermal
Lower Ombla,2019-MOR-44 (slC2),"Benites et al., 2021",20465.61093,1622.094627,0.024446592,96.48346672,1.010697543,0.07587878,1.965002922,1954.622741,70.12704659,0.928621741,0.014704282,0.517366152,Epithermal
Lower Ombla,2019-MOR-44 (slC2),"Benites et al., 2021",17617.25668,1564.079424,0.024870235,103.9435209,0.783292279,0.147785679,2.183177036,1904.931653,72.45510289,0.416608723,0.013489217,0.759669061,Epithermal
Lower Ombla,2019-MOR-44 (slC2),"Benites et al., 2021",18419.83752,1599.295342,0.025895759,152.0088472,1.524203102,0.305624639,2.401347554,1943.324246,74.87872354,0.638116665,0.015620224,1.127569358,Epithermal
Lower Ombla,2019-MOR-44 (slC2),"Benites et al., 2021",19503.83,1652.923719,0.030140675,217.2598365,0.916047904,0.086254939,2.293217479,1982.901609,76.80597222,0.434122238,0.016875112,0.190194704,Epithermal
Lower Ombla,2019-MOR-41 (slC2),"Benites et al., 2021",14543.60045,535.5515862,8.074568614,93.91575953,1.175251188,0.106805587,2.391053684,2033.928803,48.47836276,0.451072784,0.13034884,0.200115247,Epithermal
Lower Ombla,2019-MOR-41 (slC2),"Benites et al., 2021",12983.71415,520.0437071,4.99876417,60.67785515,1.227075245,0.250455763,2.182899343,2039.543447,46.94910663,0.463164641,0.065787049,0.096458414,Epithermal
Lower Ombla,2019-MOR-41 (slC2),"Benites et al., 2021",12445.8796,530.2898863,6.518616962,120.4701681,0.928395258,0.47233066,3.152096779,1968.185143,46.08587382,3.118116807,0.046616365,0.631275112,Epithermal
Lower Ombla,2019-MOR-41 (slC2),"Benites et al., 2021",13540.56168,563.7344908,6.33205532,90.17780239,1.206630204,0.368392934,3.162483141,2085.036725,48.6527073,2.483782168,0.041691912,0.572148818,Epithermal
Lower Ombla,2019-MOR-41 (slC2),"Benites et al., 2021",14214.6368,561.188811,12.78682653,71.21624347,1.204528105,0.363130848,3.149900364,2059.697822,50.33654023,0.409172625,0.058683464,0.674780348,Epithermal
Lower Ombla,2019-MOR-41 (slC2),"Benites et al., 2021",12971.81089,549.8086582,6.412678962,119.7523902,0.995518153,0.266155272,2.485625624,2075.318181,46.56743373,0.203783858,0.034567698,0.692830293,Epithermal
Lower Ombla,2019-MOR-41 (slC2),"Benites et al., 2021",12083.45349,527.6947638,4.181307031,76.30040864,1.001838823,0.098060621,2.266281609,2070.487409,44.75937385,0.494864656,0.039491496,0.315257412,Epithermal
Lower Ombla,2019-MOR-41 (slC2),"Benites et al., 2021",10800.1353,499.2019181,3.614075467,81.59403912,0.950017604,0.408610973,2.259972329,1943.814221,47.76956155,2.115671066,0.04607313,0.513841256,Epithermal
Lower Ombla,2019-MOR-42 (slC2),"Benites et al., 2021",19585.62156,1609.991178,0.100110875,50.93664823,6.284435148,0.344006584,2.407562498,1908.594419,49.43153645,0.954168053,0.02149845,1.128023568,Epithermal
Lower Ombla,2019-MOR-42 (slC2),"Benites et al., 2021",20237.50954,1628.698241,0.160556536,56.41560256,5.963443955,0.153639742,2.721595364,1907.703533,49.51402757,0.643501278,0.019788389,0.819982437,Epithermal
Lower Ombla,2019-MOR-42 (slC2),"Benites et al., 2021",29091.96712,1948.792079,5.546338437,79.1719762,3.16124205,0.15214069,4.12192404,2047.993598,46.46454126,1.329025605,0.039865158,0.308350562,Epithermal
Lower Ombla,2019-MOR-42 (slC2),"Benites et al., 2021",21513.72895,1610.317205,0.23863355,77.2253986,6.453096885,0.075159159,2.881896515,1871.579405,47.49085448,0.713746307,0.018781973,1.073955543,Epithermal
Lower Ombla,2019-MOR-42 (slC2),"Benites et al., 2021",20813.43258,1714.09991,1.102956098,74.33086525,3.955420957,0.093488748,12.92100753,2094.283254,54.85304177,0.409830378,0.024889224,15.35918583,Epithermal
Lower Ombla,2019-MOR-42 (slC2),"Benites et al., 2021",22487.26169,1579.532539,0.757942956,67.26239081,6.427347285,0.072245066,2.18777877,1888.015733,45.39747232,3.465630719,0.018575983,0.108309028,Epithermal
Lower Ombla,2019-MOR-42 (slC2),"Benites et al., 2021",27667.7707,1878.427483,2.411963882,88.20320287,4.350099382,0.246560672,4.160434507,1925.881301,48.08399821,4.432337491,0.020326383,1.529947895,Epithermal
Isabel,2019-MOR-031-SPB (slC1),"Benites et al., 2021",15188.03462,4954.458933,1.609551462,248.6354337,14.29674965,0.106098946,3.222327063,4910.931218,111.5897487,13.6042586,0.026574697,0.493706182,Epithermal
Isabel,2019-MOR-031-SPB (slC1),"Benites et al., 2021",25352.48378,894.1023058,0.284767046,18886.26294,9.540921468,0.098641136,16.91456674,5317.691059,66.63116906,9.08809826,1.977149382,7.322804169,Epithermal
Isabel,2019-MOR-031-SPB (slC1),"Benites et al., 2021",24535.28138,539.8736045,0.435478283,19330.87911,34.90756699,0.100173983,25.42473661,5094.164081,78.85218888,26.27581653,0.980803442,6.449178355,Epithermal
Isabel,2019-MOR-031-SPB (slC1),"Benites et al., 2021",16192.51685,491.6263959,0.195035976,6945.127843,15.225604,0.079105838,14.86380255,4545.460552,72.54661401,35.5741828,5.360153222,29.83572027,Epithermal
Isabel,2019-MOR-031-SPB (slC2),"Benites et al., 2021",13718.6671,3654.461994,2.104298182,329.6139347,44.938084,0.07994931,2.344428873,4846.207281,276.8900689,108.5731656,0.018760267,0.096879416,Epithermal
Isabel,2019-MOR-032-SP (slC2),"Benites et al., 2021",3101.966643,547.0798171,13.02297727,149.5243178,1.113217233,0.089909605,4.693315302,3578.254615,5.033310847,23.26294478,4.669132973,15.9160288,Epithermal
Isabel,2019-MOR-032-SP (slC2),"Benites et al., 2021",1519.477083,814.3294399,0.897468038,113.6054465,1.727519164,0.071414072,3.157532718,4067.879009,9.02083351,97.8477274,0.529521813,22.84573046,Epithermal
Isabel,2019-MOR-032-SP (slC2),"Benites et al., 2021",1871.268116,1593.948491,6.586792813,610.4218633,0.82858449,0.074161868,3.723372816,3315.548043,13.43412939,13.64145427,5.649318975,107.6328366,Epithermal
Isabel,2019-MOR-032-SP (slC2),"Benites et al., 2021",1816.98961,10339.39396,0.092852847,1114.766141,173.9742241,2.589896426,11.02020164,4677.282796,35.91709131,144.0557922,0.627114521,8.581276249,Epithermal
Isabel,2019-MOR-032-SP (slC2),"Benites et al., 2021",2153.588692,1973.719016,2.734268517,126.1084359,3.01280404,0.075591243,2.49425004,3731.011896,16.43018511,85.87159664,0.590269015,1.25631854,Epithermal
Isabel,2019-MOR-032-SP (slC2),"Benites et al., 2021",2923.821195,1051.562699,2.753718278,955.1642694,10.95663651,0.074407839,3.612569243,2838.70007,5.477334984,6.844560158,0.064170525,1.084626605,Epithermal
Isabel,2019-MOR-032-SP (slC2),"Benites et al., 2021",1987.553224,1350.388042,6.086743905,114.4267306,1.382458437,0.095188351,2.085195254,3805.76322,11.75430705,55.12940127,0.089194729,0.082105224,Epithermal
Isabel,2019-MOR-032-SP (slC2),"Benites et al., 2021",4918.02158,226.7414661,2.173060294,30.54746939,23.02697392,0.084810065,1.949768907,2958.27104,1.607245815,6.377583494,0.019284389,0.034214254,Epithermal
Isabel,2019-MOR-032-SP (slC2),"Benites et al., 2021",5068.15251,112.4516516,2.287496048,34.49027348,26.68340177,0.070817382,1.953133351,2881.117438,1.192058248,1.793820847,0.08160816,0.787371745,Epithermal
Ivette,2019-MOR-023-SPB (slC1),"Benites et al., 2021",8063.883625,2260.590947,0.069640746,1071.628528,470.7263695,3.324004161,8.541906227,4209.938265,378.0674649,66.04746467,0.090657334,0.887135423,Epithermal
Ivette,2019-MOR-023-SPB (slC1),"Benites et al., 2021",10282.5571,2545.294759,0.059218194,1117.900656,370.8474604,2.805279495,7.947388606,4313.649478,94.523223,7.911535193,0.01778381,1.006367543,Epithermal
Ivette,2019-MOR-023-SPB (slC1),"Benites et al., 2021",10039.38147,2492.876428,0.055746481,3427.114779,2137.440035,113.6448925,23.85049359,4302.680566,65.48233289,81.53573789,0.186720896,6.091153443,Epithermal
Ivette,2019-MOR-023-SPB (slC1),"Benites et al., 2021",10049.72822,2655.696753,0.171583517,2428.84525,1901.001184,91.65700536,19.68624612,4208.38678,65.04936527,45.49031092,0.016064043,1.325816297,Epithermal
Ivette,2019-MOR-023-SPB (slC1),"Benites et al., 2021",9704.61994,2578.995905,0.236166324,340.0993097,74.10494328,0.08216359,4.300618105,4215.730996,247.390244,5.656811051,0.016993559,0.553728397,Epithermal
Ivette,2019-MOR-023-SPB (slC1),"Benites et al., 2021",10377.5865,2404.646576,0.284930067,232.5514975,26.33745462,0.088197009,18.80528244,4727.480251,55.25028668,33.40909627,2.716949607,6.670724913,Epithermal
Ivette,2019-MOR-023-SPB (slC1),"Benites et al., 2021",9775.88615,2643.703274,0.254981511,365.1153094,60.08328887,0.404585585,16.31338822,4106.226228,91.61061153,4.935067293,4.614746591,12.9332763,Epithermal
Ivette,2019-MOR-025-SPA (slC1),"Benites et al., 2021",18935.82729,981.1317655,4.945712145,154.145627,38.43044716,0.107674581,3.537553416,4335.470286,113.7192173,60.90677664,0.020936228,0.272816175,Epithermal
Ivette,2019-MOR-025-SPA (slC1),"Benites et al., 2021",21803.44475,2748.734707,1.812119947,144.3057484,49.39156139,0.207110486,4.371757954,4443.944933,18.09549606,20.88992368,0.268159277,0.168347986,Epithermal
Ivette,2019-MOR-025-SPA (slC1),"Benites et al., 2021",22735.6651,666.4719639,5.343951839,785.8193264,43.34233856,0.207983455,10.20879448,4503.939515,92.30087318,2.957363271,0.015554428,0.036080459,Epithermal
Ivette,2019-MOR-025-SPA (slC1),"Benites et al., 2021",21546.67644,433.7884384,4.70916514,92.65499107,33.19293227,0.074026116,3.396400277,4303.767204,51.14264102,27.40494898,0.01422872,0.138253371,Epithermal
Ivette,2019-MOR-025-SPA (slC1),"Benites et al., 2021",24386.79123,1047.048267,3.080561893,347.9259973,64.97435335,0.339821257,5.194621827,4632.668464,68.97419306,178.2420315,0.044630032,0.421882409,Epithermal
Ivette,2019-MOR-025-SPA (slC1),"Benites et al., 2021",22338.28084,686.487898,5.56566629,110.863485,27.94893434,0.072813807,3.262489971,4441.890371,55.17023319,148.3027619,0.036244003,0.211778506,Epithermal
Ivette,2019-MOR-025-SPA (slC1),"Benites et al., 2021",21705.67685,615.9525142,5.991029932,123.7877964,44.6407519,0.070649626,3.058358188,4342.378317,64.52337909,47.26565238,0.036621744,0.292573061,Epithermal
Ivette,2019-MOR-025-SPA (slC1),"Benites et al., 2021",24006.31647,846.9934662,2.663487641,316.8024642,65.58241181,0.342796449,5.66473633,4576.973905,89.98494378,174.5720053,0.013600005,0.115983046,Epithermal
Ivette,2019-MOR-012-SPB (slC1),"Benites et al., 2021",342.6398451,25763.10325,0.075001725,767.3100509,62.05728907,0.153608809,5.29765,3110.731591,12.3424115,3.219376648,0.016254836,0.29934022,Epithermal
Ivette,2019-MOR-012-SPB (slC1),"Benites et al., 2021",340.4342179,22354.64701,0.087922882,467.2811134,55.01760914,0.313525848,4.708865714,3085.719336,5.105998155,306.6265898,0.163168654,0.199510518,Epithermal
Ivette,2019-MOR-017-SP (slC1),"Benites et al., 2021",5299.749353,1073.002223,0.079765464,146.7232125,52.08796291,0.072734755,2.326131495,4233.021715,107.3918515,5.143866294,0.015619518,0.282046211,Epithermal
Ivette,2019-MOR-017-SP (slC1),"Benites et al., 2021",5717.14583,675.7090339,0.077225593,80.11887482,1.289742978,0.070222793,1.905254599,4184.276588,100.9131292,2.177621258,0.015810721,0.054020472,Epithermal
Ivette,2019-MOR-017-SP (slC1),"Benites et al., 2021",6445.403729,781.5605883,0.169365923,1324.333432,0.171993808,0.346499394,3.417846281,4014.386081,115.261994,0.723597412,0.090687008,1.178977384,Epithermal
Ivette,2019-MOR-017-SP (slC1),"Benites et al., 2021",4424.976092,499.4465778,0.192678606,355.9099458,1.967614988,0.182864931,3.216519493,4168.767645,73.0296403,2.234407368,0.361641894,5.751102596,Epithermal
Ivette,2019-MOR-25--SPB (slC1),"Benites et al., 2021",19986.5754,4098.570282,0.572057433,797.856919,9.349104059,0.083171512,6.339966912,3580.382052,11.34108873,2.260912822,1.236723086,1.374492404,Epithermal
Ivette,2019-MOR-25--SPB (slC1),"Benites et al., 2021",20154.14752,5471.022638,0.252820634,522.2965163,4.047376588,0.159386363,9.464321787,3904.949765,3.644011458,3.852911403,1.096656696,0.40739545,Epithermal
Ivette,2019-MOR-25--SPB (slC1),"Benites et al., 2021",36952.20741,312.7572004,2.082373111,146.1584775,19.87005104,0.062148849,4.045791304,3954.498994,135.3447266,31.78938317,0.0155473,0.112238175,Epithermal
Ivette,2019-MOR-25--SPB (slC1),"Benites et al., 2021",33959.1968,1008.045554,2.049532758,59.92200168,22.6656003,0.061126046,3.283352119,3810.58027,29.70365024,9.252614744,0.016431847,0.133482415,Epithermal
Ivette,2019-MOR-25--SPB (slC1),"Benites et al., 2021",34074.79516,1315.35989,2.083557026,471.5857707,33.47862214,0.245184687,6.700413415,4351.204375,410.9821848,108.1339817,0.058396232,0.526440921,Epithermal
Ivette,2019-MOR-25--SPB (slC1),"Benites et al., 2021",28114.86543,1142.315101,3.287081853,343.8633643,58.07108497,0.230612508,6.583784962,3911.091995,9.990682838,269.9923847,0.015275091,0.019308185,Epithermal
Ivette,2019-MOR-25--SPB (slC1),"Benites et al., 2021",7799.758121,986.7972525,4.371482889,735.4515793,72.28402598,0.078765767,8.963824276,3370.241836,239.9614629,2.120834792,0.056272276,0.477492413,Epithermal
Ivette,2019-MOR-25--SPB (slC1),"Benites et al., 2021",31321.65314,683.8887085,3.892027761,73.30359155,40.30677958,0.067159319,3.714620714,4146.979607,37.40821812,3.853006454,0.014560144,0.048184679,Epithermal
Ivette,2019-MOR-25--SPB (slC1),"Benites et al., 2021",17231.89975,1013.254483,0.70651937,84.1737075,16.74363003,0.070883474,5.937803865,3996.93356,31.43730786,45.33057033,0.221110931,4.365649197,Epithermal
Ivette,2019-MOR-25--SPB (slC1),"Benites et al., 2021",10421.02345,5039.645745,0.196901054,158.0644563,2.769500995,0.073368233,10.94125992,2944.532258,3.207894421,93.60727563,2.551129609,14.40024377,Epithermal
Ivette,2019-MOR-023-SPA  (slC2),"Benites et al., 2021",8280.322904,839.4868287,0.07397158,3765.183795,17.30609705,0.448606068,20.12418425,4481.785748,109.5312477,34.13193271,1.589962382,8.23050919,Epithermal
Ivette,2019-MOR-023-SPA  (slC2),"Benites et al., 2021",7120.667758,848.7206077,0.064417743,3014.700413,16.49027831,0.096698762,18.93327063,4200.967587,102.6774537,26.22680611,4.401536319,12.87742522,Epithermal
Ivette,2019-MOR-013-SPB (slC2),"Benites et al., 2021",3158.204664,23554.17945,0.057183579,667.385054,53.37923085,0.086004585,2.615614631,4628.964566,737.6310654,8.301788738,0.069718042,0.644120932,Epithermal
Ivette,2019-MOR-013-SPB (slC2),"Benites et al., 2021",3101.097833,23188.79075,0.053948019,718.7422521,65.09703984,0.546035687,2.584486478,4478.514561,714.7361159,69.71363721,0.558556169,0.360775387,Epithermal
Ivette,2019-MOR-013-SPB (slC2),"Benites et al., 2021",3131.074199,23115.2776,0.062997859,656.3226504,51.85145599,0.233535492,13.88930203,4424.386469,710.3924596,18.67078047,0.900490891,26.99362184,Epithermal
Ivette,2019-MOR-013-SPB (slC2),"Benites et al., 2021",2866.997811,19771.23875,0.084035774,528.493916,54.4726814,1.422032336,4.350671657,4281.266537,201.1791944,282.8461148,0.781045244,4.041321416,Epithermal
Ivette,2019-MOR-013-SPB (slC2),"Benites et al., 2021",2688.461052,18959.70532,0.082838549,342.1785536,62.03659839,0.504141822,2.238220186,4272.722992,200.4716585,7.842129435,0.022799077,1.072313614,Epithermal
Ivette,2019-MOR-013-SPB (slC2),"Benites et al., 2021",2546.104197,18602.79821,0.064760064,826.0778922,78.75248143,2.895531665,9.763519812,4258.992237,194.5535647,321.5303081,0.200698367,1.056052676,Epithermal
Ivette,2019-MOR-013-SPB (slC2),"Benites et al., 2021",2501.968969,18633.66276,0.068329359,929.1288345,31.16664761,0.400223008,5.340367456,4328.241028,171.1444196,81.76743169,10.88739742,2.64795282,Epithermal
Ivette,2019-MOR-013-SPB (slC2),"Benites et al., 2021",2975.852731,23434.59092,0.059403141,628.0649656,47.8486041,0.271854955,2.965190935,4489.365313,693.8590548,18.55559832,0.106142918,0.577998544,Epithermal
Ivette,2019-MOR-013-SPB (slC2),"Benites et al., 2021",3029.758631,23404.84466,0.131490085,625.2702513,69.82830106,0.086091211,3.873892915,4463.206268,669.6248047,4.565166683,0.128992816,3.769297537,Epithermal
Ivette,2019-MOR-013-SPB (slC2),"Benites et al., 2021",2956.403601,22804.72587,0.061101859,621.4924955,52.94082423,0.180043698,2.70276856,4394.232446,668.3597458,23.69352518,0.077434748,1.516472843,Epithermal
Ivette,2019-MOR-013-SPB (slC2),"Benites et al., 2021",4965.966706,23668.92446,0.075294433,3015.949318,73.24483257,0.103685692,7.01590138,4358.935266,725.5817416,9.469113687,0.174576471,8.981859409,Epithermal
Ivette,2019-MOR-013-SPB (slC2),"Benites et al., 2021",4577.812782,23866.43487,0.057454455,2414.982227,60.40131422,0.210637359,11.14856081,4551.818853,713.8810891,14.26649801,0.993612269,16.40867823,Epithermal
Ivette,2019-MOR-013-SPB (slC2),"Benites et al., 2021",3054.898551,24157.3269,0.056177349,638.0139222,52.04471209,0.081946133,2.535576513,4568.424509,713.9000721,5.139287283,0.016970825,0.461577446,Epithermal
Ivette,2019-MOR-013-SPB (slC2),"Benites et al., 2021",3124.910742,24095.72754,0.055748979,673.8126338,74.69769409,0.080740545,2.463778667,4549.02528,741.7259693,5.174479865,0.037258228,0.611335871,Epithermal
Ivette,2019-MOR-013-SPB (slC2),"Benites et al., 2021",2888.144078,23373.63876,0.05519029,672.1463215,36.00559409,0.080746862,5.350218387,4434.778782,775.4159323,8.574214888,0.898719262,8.069040787,Epithermal
Ivette,2019-MOR-013-SPB (slC2),"Benites et al., 2021",2948.9373,23503.09852,0.066492021,748.7024462,71.28668089,0.101377154,3.614203936,4602.854034,829.5512693,26.06834746,0.483542513,25.94646416,Epithermal
Ivette,2019-MOR-023-SPB (slC2),"Benites et al., 2021",8919.486971,984.2669994,0.079728856,6045.315768,38.0202687,0.27198805,19.95673874,3593.712108,1257.008611,12.40747387,0.28447036,4.488429211,Epithermal
Ivette,2019-MOR-023-SPB (slC2),"Benites et al., 2021",2941.444483,2668.25152,0.294756488,662.7308057,471.2140403,38.88241821,6.509072558,4707.885869,15.22911806,4.573839481,0.11510215,2.346458191,Epithermal
Ivette,2019-MOR-023-SPB (slC2),"Benites et al., 2021",4145.504175,2848.245147,0.386108045,1252.45261,889.2803514,90.72000754,12.19639398,4626.29155,12.16500724,45.2411383,0.288693255,20.30509553,Epithermal
Ivette,2019-MOR-023-SPB (slC2),"Benites et al., 2021",2000.246913,2011.529594,0.058169885,1305.820124,978.5207094,27.05896972,9.033399448,4738.815211,17.12143156,82.60917971,0.016021262,0.535912669,Epithermal
Ivette,2019-MOR-025-SPA (slC2),"Benites et al., 2021",2213.833209,4033.098419,0.158971341,90.51957289,1.589914841,0.073967579,3.428988263,4460.255596,16.17601091,104.3828738,0.489628038,0.972412954,Epithermal
Ivette,2019-MOR-025-SPA (slC2),"Benites et al., 2021",3287.888358,8691.720584,0.285265804,121.1510402,5.921474835,0.378131123,4.499930885,5199.332663,18.7848679,127.3038153,0.621192307,1.446481882,Epithermal
Ivette,2019-MOR-010-SPA (slC2),"Benites et al., 2021",103.2191605,115.048714,0.096203011,713.1235448,823.9932306,11.19258236,3.842667117,1901.700592,94.18224226,53.66430122,0.106205192,13.03205597,Epithermal
Ivette,2019-MOR-010-SPA (slC2),"Benites et al., 2021",1494.31933,400.2578276,0.181729602,7109.825327,210.3109429,5.53150409,5.837615278,1945.888807,4608.332813,3442.766204,29.9828037,21.43662926,Epithermal
Ivette,2019-MOR-010-SPA (slC2),"Benites et al., 2021",1565.989751,1315.565717,0.095281813,3103.892297,147.0335768,2.401390521,6.693602866,1920.45637,2942.544888,441.9773004,0.669683144,0.669934158,Epithermal
Ivette,2019-MOR-010-SPA (slC2),"Benites et al., 2021",237.2073517,140.2839533,0.098006245,655.745357,703.9228454,13.32357796,3.645224482,2347.149804,7.417306387,6.069669431,0.034082587,0.3136465,Epithermal
Ivette,2019-MOR-010-SPA (slC2),"Benites et al., 2021",266.0764168,145.7912553,0.098687705,638.9031797,690.5223077,36.36415699,3.311834164,2579.444036,11.54582675,13.13210124,0.033297683,0.261049367,Epithermal
Ivette,2019-MOR-012-SPB (slC2),"Benites et al., 2021",250.3239896,29258.86177,0.083284821,810.0695555,51.56522019,0.421160132,5.706420547,2789.054159,11.11598099,3.32545852,0.830874989,1.390261936,Epithermal
Ivette,2019-MOR-012-SPB (slC2),"Benites et al., 2021",253.1653471,25000.94615,0.072967528,813.3324743,62.50733902,0.266164012,4.546484254,2566.546856,11.62550705,2.638707605,1.185586584,1.54796541,Epithermal
Ivette,2019-MOR-012-SPB (slC2),"Benites et al., 2021",285.7519039,23341.6287,0.077824172,990.0240093,26.24393232,0.069092899,7.107560101,2655.204236,9.763763168,3.745924879,1.031907166,3.322426584,Epithermal
Ivette,2019-MOR-012-SPB (slC2),"Benites et al., 2021",29.20112249,29.20112249,0.083491179,292.1272311,51.42267267,0.251117321,12.58836431,3564.489054,8.04345368,167.5810565,1.997656583,9.845462759,Epithermal
Ivette,2019-MOR-012-SPB (slC2),"Benites et al., 2021",97.60602964,97.60602964,0.073100321,191.9511418,72.15112123,0.500483487,2.519853631,3353.953914,4.26841726,71.36454013,0.095554822,0.274534797,Epithermal
Ivette,2019-MOR-012-SPB (slC2),"Benites et al., 2021",109.3982189,109.3982189,0.085225109,960.1630189,68.13796475,0.546646955,6.187239092,3892.949354,11.07781752,2.202600348,2.495008085,2.76976571,Epithermal
Ivette,2019-MOR-012-SPB (slC2),"Benites et al., 2021",38.56252676,38.56252676,0.081863203,730.0319411,57.98886075,0.49889596,18.68296167,3851.971379,14.64072793,3.843448765,4.311984057,15.37712734,Epithermal
Ivette,2019-MOR-012-SPB (slC2),"Benites et al., 2021",27.90386111,27.90386111,0.082632454,514.7518124,32.49569963,0.187689464,15.03154785,3901.784226,15.0610159,373.7621089,2.992979949,10.60902111,Epithermal
Ivette,2019-MOR-019-SPA (slC2),"Benites et al., 2021",1531.346506,900.5939708,0.270469474,8.453121426,1.219429797,0.145387913,1.95244468,2368.178124,0.549431496,0.562911605,0.014427105,0.047089428,Epithermal
Ivette,2019-MOR-019-SPA (slC2),"Benites et al., 2021",885.4236516,890.9301535,0.21405033,571.4103129,24.46785655,0.912162348,3.651953501,2404.793918,302.7592802,286.5730876,7.489005175,11.66719285,Epithermal
Ivette,2019-MOR-019-SPA (slC2),"Benites et al., 2021",39.50878742,0.65567129,0.069153711,106.8477308,12.1960286,0.310538074,8.769502644,2114.538358,31.26162348,29.59841442,19.4301186,11.17708685,Epithermal
Ivette,2019-MOR-019-SPA (slC2),"Benites et al., 2021",217.0966026,0.664077055,0.075312962,41.6390219,4.089578636,0.17169402,2.372365567,3093.277522,10.55199025,16.52620873,1.91226571,2.202420825,Epithermal
Ivette,2019-MOR-019-SPA (slC2),"Benites et al., 2021",312.5292342,900.2862733,0.481168223,19.05231449,2.593886772,0.333162641,8.746718098,3625.096369,1.455046859,1.609589856,2.380118419,2.759150429,Epithermal
Ivette,2019-MOR-019-SPA (slC2),"Benites et al., 2021",139.3006205,891.943951,0.102522223,21.62102478,1.930781501,0.095101462,6.515349895,1457.039625,0.007054851,0.325900832,10.8229714,11.71378678,Epithermal
Ivette,2019-MOR-019-SPA (slC2),"Benites et al., 2021",304.1356506,901.8249464,0.070914823,493.3728518,192.9905783,22.23043557,17.42888301,1117.874805,14.60874262,34.9665009,82.79310835,22.16950769,Epithermal
Ivette,2019-MOR-019-SPA (slC2),"Benites et al., 2021",308.4405445,902.0176887,0.38750892,21.23542106,0.671756895,0.076619189,7.224234739,4504.17974,0.030023868,10.32027523,3.43238826,8.910627162,Epithermal
Ivette,2019-MOR-019-SPA (slC2),"Benites et al., 2021",298.3549488,890.171601,0.306153152,140.3510135,2.810301844,9.476656171,14.68743554,1825.438237,0.432445767,3.788835184,36.77981707,26.97890231,Epithermal
Ivette,2019-MOR-019-SPA (slC2),"Benites et al., 2021",102.6946155,900.7069074,0.280943516,50.97262276,29.37284218,0.891309734,2.436839167,1309.48832,3.019870645,16.96994618,0.811428224,5.84788179,Epithermal
Ivette,2019-MOR-019-SPA (slC2),"Benites et al., 2021",562.4563175,903.9046742,0.156474708,4.921800413,0.086006832,0.141715882,2.356205973,4334.482192,0.140445085,0.420861228,0.943538368,0.870606482,Epithermal
Ivette,2019-MOR-019-SPA (slC2),"Benites et al., 2021",29.6003066,0.658915291,0.072802137,52.54511314,2.751804072,13.86797762,4.553359783,1287.902945,1.488918006,4.586772368,8.508530628,3.073822763,Epithermal
Ivette,2019-MOR-019-SPA (slC2),"Benites et al., 2021",80.55528423,1.10511915,0.126007104,329.6709839,177.7155552,1.567199236,5.083063133,1989.217982,2.375500937,111.5720363,9.797102005,8.095113514,Epithermal
Ivette,2019-MOR-019-SPA (slC2),"Benites et al., 2021",42.01364662,0.812631517,0.093548897,156.8871281,117.5596593,2.236253867,5.310480876,1871.33148,0.955248016,2.879004378,11.57451065,14.13316454,Epithermal
Ivette,2019-MOR-21-SP (slC2),"Benites et al., 2021",83.91172557,897.5712076,0.146493937,845.6294023,17.57433488,1.19367664,258.3765391,3577.628646,0.00426113,0.295745125,4.271972317,11.12354842,Epithermal
Ivette,2019-MOR-21-SP (slC2),"Benites et al., 2021",48.19017972,0.585724332,0.080233957,1611.893703,19.41244492,0.594571234,404.6430844,2951.690873,0.004485808,0.637514066,3.347117072,10.18511941,Epithermal
Ivette,2019-MOR-21-SP (slC2),"Benites et al., 2021",35.62637092,0.612423558,0.082212484,266.2907698,56.18927722,1.806088996,48.69709478,2784.515173,0.43849977,16.68030851,57.02390289,67.80961858,Epithermal
Ivette,2019-MOR-21-SP (slC2),"Benites et al., 2021",113.5079694,0.606992466,0.080133869,1692.982892,55.85549504,2.429293755,362.3339176,2598.436415,0.045843286,2.957363271,2.429457115,10.26086461,Epithermal
Ivette,2019-MOR-21-SP (slC2),"Benites et al., 2021",91.75788612,0.873480691,0.118867807,160.9035768,17.74777954,0.09890355,21.577237,2336.117035,1.643554478,70.11225382,92.58574568,60.10438803,Epithermal
Ivette,2019-MOR-21-SP (slC2),"Benites et al., 2021",99.33329934,0.647903674,0.083547054,12.03169326,1.453069156,0.070613538,2.026044183,2479.316626,0.005587402,2.191070161,3.646275494,5.307322588,Epithermal
Ivette,2019-MOR-21-SP (slC2),"Benites et al., 2021",68.83897052,0.633133121,0.174152968,165.5513724,8.543804637,0.176360305,33.07913474,4864.729847,0.588849635,46.67548445,74.99771938,56.35282292,Epithermal
Ivette,2019-MOR-21-SP (slC2),"Benites et al., 2021",93.42513913,0.609852606,0.081510939,337.7033158,76.76772153,0.410667921,71.60887654,2774.16283,0.480358533,25.82286287,177.0059166,71.31732672,Epithermal
Ivette,2019-MOR-21-SP (slC2),"Benites et al., 2021",346.2467716,50.03928404,0.098935749,1040.767864,35.48195579,7.729435145,239.2875196,1561.090797,0.665302297,45.69652419,1.139403036,10.58796087,Epithermal
Ivette,2019-MOR-21-SP (slC2),"Benites et al., 2021",173.6514327,905.5627307,0.091424955,718.9641735,39.47941787,1.144677897,203.9776012,2342.889336,0.084354447,45.92371783,3.142252067,10.04115055,Epithermal
Ivette,2019-MOR-21-SP (slC2),"Benites et al., 2021",45.233824,0.578340079,0.075224072,2799.159202,27.37332762,1.648550047,758.8855874,2655.729017,0.144784385,7.037591886,5.437081243,10.993732,Epithermal
Ivette,2019-MOR-21-SP (slC2),"Benites et al., 2021",48.80960904,0.617499851,0.082806631,1028.597975,24.79232999,1.503137815,266.0648888,3704.699514,0.005650127,0.996457864,4.90175148,10.21034938,Epithermal
Ivette,2019-MOR-020-SPA (slC2),"Benites et al., 2021",39.45693796,0.659573272,0.20839441,18.43711461,9.756965337,0.800596794,6.802486112,1220.732884,0.006488081,0.350419568,13.59749129,8.923941546,Epithermal
Ivette,2019-MOR-020-SPA (slC2),"Benites et al., 2021",90.50147142,900.6061789,0.195456219,3.083708329,0.10321672,0.078164061,2.409300639,2883.932298,0.058574831,4.456012867,2.781719646,2.14707717,Epithermal
Ivette,2019-MOR-020-SPA (slC2),"Benites et al., 2021",103.1089678,0.657112258,0.095047528,44.91926415,7.177174514,0.224711794,2.401873346,1712.048984,0.585461182,26.56717437,1.048425094,0.494958893,Epithermal
Ivette,2019-MOR-020-SPA (slC2),"Benites et al., 2021",236.7482445,892.2967657,0.086388321,256.848005,125.5187432,2.005886116,52.96989708,1933.221228,0.005884146,0.131153026,119.7455049,84.66854806,Epithermal
Ivette,2019-MOR-020-SPA (slC2),"Benites et al., 2021",91.86195442,0.579434158,0.083136416,66.65592,21.66383858,0.751787553,9.164890965,1843.787922,1.040912459,8.092038689,12.01404421,18.29043478,Epithermal
Ivette,2019-MOR-020-SPA (slC2),"Benites et al., 2021",119.6566612,1.414742551,0.084715705,170.3144748,117.3764194,0.417425907,8.889832354,5593.762604,0.006178332,0.204955442,20.16236737,14.67987513,Epithermal
Ivette,2019-MOR-020-SPA (slC2),"Benites et al., 2021",60.86692965,0.574639164,0.083571645,2.607606071,0.485591392,0.071359445,2.174104388,1866.044689,0.05294977,0.266730456,0.286465831,0.632978099,Epithermal
Ivette,2019-MOR-020-SPA (slC2),"Benites et al., 2021",68.94992624,0.569467952,0.080801298,376.2698004,48.91572731,6.638311994,58.0999,951.5581744,0.784660861,70.742765,195.8350291,59.47064213,Epithermal
Ivette,2019-MOR-020-SPA (slC2),"Benites et al., 2021",48.89146682,0.661782973,0.096664401,56.8663069,20.55266677,0.539574088,4.064584225,1447.419913,0.364906243,7.549812503,6.191088927,5.275297028,Epithermal
Ivette,2019-MOR-020-SPA (slC2),"Benites et al., 2021",18.90324077,0.588152641,0.081446591,2.656019764,5.516231219,0.072877803,1.853080339,1870.365229,0.005731542,0.149565474,0.072150796,0.133066217,Epithermal
Ivette,2019-MOR-020-SPA (slC2),"Benites et al., 2021",118.675736,0.587160752,0.08451946,2.637199477,0.16423497,0.07091344,2.068361994,2396.221493,0.028016277,0.165508952,0.016394378,0.168539717,Epithermal
Ivette,2019-MOR-020-SPA (slC2),"Benites et al., 2021",41.5576126,0.58285345,0.081732195,65.81135318,40.28417474,0.828296826,3.823584704,1537.78951,2.467393357,17.08836947,0.032789,5.407890768,Epithermal
Ivette,2019-MOR-020-SPA (slC2),"Benites et al., 2021",70.57923773,0.59266918,0.081148213,343.2649819,259.3568348,0.498089343,10.78866027,2489.466276,0.005824852,0.130538897,17.52356206,19.85279161,Epithermal
Ivette,2019-MOR-011-SP (slC3),"Benites et al., 2021",526.1507598,74.66824348,0.097552828,10.87593731,3.506061708,124.2800917,4.714176986,32.47409567,0.012404364,1.76421402,1.650479284,10.38058818,Epithermal
Ivette,2019-MOR-011-SP (slC3),"Benites et al., 2021",105.5296963,33.27220863,0.103709239,27.93032951,2.244633286,37.68914403,7.739351957,141.9859247,0.012405573,0.747114966,2.913635412,10.24033624,Epithermal
Ivette,2019-MOR-011-SP (slC3),"Benites et al., 2021",155.1107706,40.63028637,0.104260407,28.55993414,3.819725247,103.6516647,7.555739391,104.4715941,0.011948002,0.705230071,3.158030436,10.40485264,Epithermal
Ivette,2019-MOR-011-SP (slC3),"Benites et al., 2021",468.2989445,65.89578431,0.219950879,74.77373006,6.641664063,214.895924,10.66105245,72.34756774,0.01306713,0.60667027,4.542439115,10.67677483,Epithermal
Ivette,2019-MOR-011-SP (slC3),"Benites et al., 2021",37889.58586,92461.40358,0.699378552,1735.817839,8.616453506,130.6942518,106.3220601,895.5837007,0.55960996,58.22491046,5.915300235,10.29580449,Epithermal
Ivette,2019-MOR-011-SP (slC3),"Benites et al., 2021",457.7559455,10.22610652,0.080266688,896.4196165,48.9494933,63.52076499,69.40768353,527.668404,0.329127426,16.40819929,5.088155729,12.98700003,Epithermal
Manto Italia,KMO-6-246-A (slA),"Benites et al., 2021",75884.60302,2560.605196,0.615084675,245.4280489,13.68451121,0.165172481,4.719585762,2156.501724,261.1912765,1.811744938,0.146598566,1.108198303,Epithermal
Manto Italia,KMO-6-246-A (slA),"Benites et al., 2021",79411.24182,2555.424185,0.701550808,505.6728174,20.61975271,0.200543979,10.53326175,2073.953471,458.8413119,4.200174558,0.682652323,3.654430345,Epithermal
Manto Italia,KMO-6-246-A (slA),"Benites et al., 2021",78561.76165,2432.644159,0.654869137,405.2636747,3.295017034,0.15782955,3.95724261,2080.034719,404.6922155,13.11696474,0.039931413,0.255384481,Epithermal
Manto Italia,KMO-6-246-A (slA),"Benites et al., 2021",76823.152,2569.935522,0.661304708,293.3007612,4.116090873,0.148880326,3.435109613,2100.569484,322.5820359,8.569751562,0.013962537,0.096008734,Epithermal
Manto Italia,KMO-6-246-A (slA),"Benites et al., 2021",76403.43403,2500.457576,0.431432384,371.6421004,12.1606729,0.067535523,5.242629546,2040.541587,353.7187181,15.85551269,1.403243995,0.703727377,Epithermal
Manto Italia,KMO-6-246-A (slA),"Benites et al., 2021",79759.65313,5710.852518,0.127139495,554.4514858,169.1269341,0.11539661,12.17793551,2257.614804,71.3313909,308.983185,0.520533241,1.868651239,Epithermal
Manto Italia,KMO-6-246-A (slA),"Benites et al., 2021",76090.14152,5630.817555,0.078141251,323.4666327,156.6191315,0.187903639,9.097628897,2232.220201,67.26057801,463.6506445,0.876572401,0.647331432,Epithermal
Manto Italia,KMO-06-293 (slA),"Benites et al., 2021",56280.75705,2655.726917,1.674474089,49.59978138,10.83012936,0.180344645,2.828761945,1936.679987,38.83496949,0.424792686,0.06315778,0.721178991,Epithermal
Manto Italia,KMO-06-293 (slA),"Benites et al., 2021",58740.21006,2861.954229,0.385147775,27.85092887,6.234792746,0.06756898,3.696900131,1863.611348,24.26605039,0.17958789,0.108745547,1.519523041,Epithermal
Manto Italia,KMO-06-293 (slA),"Benites et al., 2021",58411.38646,3068.209088,0.092679647,46.6347347,25.96445008,0.069938385,3.044118551,1871.557039,19.16888719,0.264424596,0.020746281,0.930248613,Epithermal
Manto Italia,KMO-06-293 (slA),"Benites et al., 2021",59654.16206,2885.059489,0.276862321,27.92513883,5.736509563,0.082151904,3.453429212,1730.220828,24.73124901,0.614254929,0.233493824,1.383733865,Epithermal
Manto Italia,KMO-06-293 (slA),"Benites et al., 2021",60401.27454,2752.653089,0.250902904,45.99314206,3.978047393,0.496412144,14.62496109,1765.238823,27.49048156,4.068424363,2.20277056,12.73323983,Epithermal
Manto Italia,MO-05-KK-07 (slA),"Benites et al., 2021",72835.16836,3312.258637,0.250467436,271.2437077,9.686515733,0.229552427,6.171607932,1809.090205,312.7555243,7.06184343,0.589606871,2.110702984,Epithermal
Manto Italia,MO-05-KK-07 (slA),"Benites et al., 2021",71126.79367,3156.115981,0.333711552,249.3860828,10.59956616,0.169010936,5.220540634,1921.542864,302.4695992,11.87467219,0.147761303,0.619244705,Epithermal
Manto Italia,MO-05-KK-07 (slA),"Benites et al., 2021",67948.86955,3116.499963,0.185413157,251.8334076,7.657855943,0.228038882,8.689354943,1877.365209,316.3863951,19.32903789,0.911123521,5.872163402,Epithermal
Manto Italia,MO-05-KK-07 (slA),"Benites et al., 2021",75297.62768,3290.823082,0.391477093,255.2001833,4.930454668,0.162431284,6.180229408,1978.358437,307.0774497,14.85844336,0.019479495,0.257673126,Epithermal
Manto Italia,MO-05-KK-07 (slA),"Benites et al., 2021",67245.02789,3146.431785,0.247796678,277.2215125,7.103802493,0.890806161,11.60367591,1751.342804,323.8497676,38.15523283,2.449769218,29.08353036,Epithermal
Porvenir,2019-MOR-54 (slA),"Benites et al., 2021",71421.61767,11097.97773,160.5685292,153.3564106,0.256266354,0.269738314,3.56911995,2003.408886,166.4827665,0.988105093,0.012735585,0.054678427,Epithermal
Porvenir,2019-MOR-54 (slA),"Benites et al., 2021",69767.38121,12323.57627,162.1450021,347.2961747,0.238982242,0.40165875,5.637877374,1992.353055,167.5287771,1.017482473,0.014727002,3.600898419,Epithermal
Porvenir,2019-MOR-54 (slA),"Benites et al., 2021",73533.31449,8759.145186,162.5886648,170.2779526,0.265928634,0.382080199,3.33114009,2062.810359,166.1560884,2.765739592,0.013841058,0.398153596,Epithermal
Porvenir,2019-MOR-54 (slA),"Benites et al., 2021",71295.83201,10629.44129,128.9092847,164.7762005,0.231812023,0.313890755,4.384044286,2057.211021,171.3790625,1.549930259,0.01268378,0.05724687,Epithermal
Porvenir,2019-MOR-54 (slA),"Benites et al., 2021",72327.76967,9668.726102,118.3692992,161.2895056,0.261639533,0.30055448,5.10564293,2081.314771,169.6604727,0.654410412,0.028789618,1.8624123,Epithermal
Porvenir,2019-MOR-54 (slA),"Benites et al., 2021",77244.33527,8378.676542,168.6796252,166.8540459,0.271110568,0.344687997,4.153509693,2072.61705,164.4306212,1.47096954,0.013612469,0.418741321,Epithermal
Porvenir,2019-MOR-54 (slA),"Benites et al., 2021",79054.73981,8172.466963,170.0602318,139.2000769,0.268125939,0.440962606,3.527334865,2075.098777,162.9316816,3.156914597,0.014108754,0.069397721,Epithermal
Porvenir,2019-MOR-54 (slA),"Benites et al., 2021",73376.88767,10552.47101,159.3827358,153.2853088,0.254831628,0.429322709,5.095592359,2082.339131,172.7616829,1.714619867,0.038408667,1.799617998,Epithermal
Porvenir,2019-MOR-54 (slA),"Benites et al., 2021",63576.86551,15568.7802,167.4634966,161.6620701,0.250724417,0.439346829,6.341212088,2084.838747,167.9749677,0.199575784,0.024962554,3.607854209,Epithermal
Porvenir,2019-MOR-54 (slA),"Benites et al., 2021",77229.64633,8920.87804,177.6287335,162.0785556,0.2537138,0.487160361,5.167094425,2096.946403,168.5555162,2.219090909,0.012986273,0.091211158,Epithermal
Porvenir,2019-MOR-54 (slA),"Benites et al., 2021",74790.83019,9428.865917,172.1488639,173.1382613,0.250138821,0.395508739,6.913179158,2111.858011,170.7042763,2.000048218,0.013178835,0.489531978,Epithermal
Porvenir,2019-MOR-052-SP (slA),"Benites et al., 2021",74806.49089,3295.629816,272.6638741,150.3368385,0.113831797,0.367416758,3.0647388,1686.202237,212.2660747,0.17462799,0.016298,0.944159501,Epithermal
Porvenir,2019-MOR-052-SP (slA),"Benites et al., 2021",73863.25883,3534.196575,261.7246632,148.1279256,0.115502123,0.452145357,3.160159677,1699.385593,208.9919439,0.262170523,0.012939,0.176675836,Epithermal
Porvenir,2019-MOR-052-SP (slA),"Benites et al., 2021",72789.53958,3765.410504,266.031107,159.1265564,0.115531468,0.202769201,3.656360194,1668.831393,215.3220916,0.189783251,0.0138465,2.238267746,Epithermal
Porvenir,2019-MOR-052-SP (slA),"Benites et al., 2021",72939.17884,3711.481807,262.2460592,156.1189081,0.110052,0.179750677,2.994625186,1723.098927,216.2665224,0.234950622,0.0142395,0.354316505,Epithermal
Porvenir,2019-MOR-052-SP (slA),"Benites et al., 2021",73676.88009,3654.924234,269.3352746,150.2030693,0.089017348,0.340899986,2.878058904,1732.608444,209.7074633,0.223110187,0.015175,0.189249067,Epithermal
Porvenir,2019-MOR-052-SP (slA),"Benites et al., 2021",72704.10719,4593.352026,263.1675301,191.539632,0.140238204,0.372056464,2.917043423,1703.069696,210.5211415,0.14671041,0.0135075,0.363436682,Epithermal
Porvenir,2019-MOR-052-SP (slA),"Benites et al., 2021",75380.56249,3140.672157,267.8888473,155.0407822,0.129388318,0.512680237,2.857733413,1764.791704,202.4577456,0.260178658,0.0130655,0.260988026,Epithermal
Porvenir,2019-MOR-052-SP (slA),"Benites et al., 2021",72704.51636,4572.036311,286.5409465,156.0333658,0.171597518,0.477158829,3.3111549,1738.262819,203.5461639,0.204592515,0.014654,0.121242797,Epithermal
Porvenir,2019-MOR-052-SP (slA),"Benites et al., 2021",73336.5253,3488.550237,273.4132057,416.1367141,0.151015847,0.265293103,5.167599066,1758.161713,203.9868634,0.152911697,0.0154175,4.444558867,Epithermal
Porvenir,2019-MOR-052-SP (slA),"Benites et al., 2021",73500.48008,3753.477586,283.5746461,145.703921,0.180484094,0.330914401,2.944316081,1759.539752,205.3649571,0.206734254,0.0139085,0.392239693,Epithermal
Porvenir,2019-MOR-052-SP (slA),"Benites et al., 2021",73955.59819,4209.368281,279.3428672,277.2459572,0.142756669,0.431617648,4.772895078,1774.285393,206.5087376,0.194118582,0.0157885,4.915683389,Epithermal
Porvenir,2019-MOR-052-SP (slA),"Benites et al., 2021",75292.74521,3817.851307,274.0890648,158.6251146,0.142455679,0.391096572,3.107163452,1766.724633,205.0353566,0.264186033,0.0126185,0.96388941,Epithermal
Porvenir,2019-MOR-052-SP (slA),"Benites et al., 2021",74889.65424,3700.396891,275.4184842,155.151633,0.153199135,0.472510253,3.091105063,1774.291162,203.6320174,0.157559956,0.0136375,0.544671454,Epithermal
Porvenir,2019-MOR-052-SP (slA),"Benites et al., 2021",75812.28615,4609.312521,279.9809287,157.1853897,0.191252172,0.176852151,2.983183622,1810.451297,210.1685161,0.21309223,0.0145165,0.139009991,Epithermal
Porvenir,2019-MOR-052-SP (slA),"Benites et al., 2021",74564.13914,4602.53223,273.277051,156.1568342,0.17851907,0.565498652,2.544578765,1782.498421,203.9110596,0.17631688,0.014658,0.349253283,Epithermal
Porvenir,2019-MOR-052-SP (slA),"Benites et al., 2021",73589.15897,4286.197192,279.0900286,150.9132678,0.222730612,0.388978234,2.929896358,1744.884171,206.9636118,0.962540022,0.289353888,1.018408155,Epithermal
Porvenir,2019-MOR-052-SP (slA),"Benites et al., 2021",75961.89242,4766.702855,286.3075661,163.2556892,0.208708803,0.208365615,2.728144318,1782.988195,207.1680767,0.218720038,0.0148215,0.152479822,Epithermal
Porvenir,2019-MOR-052-SP (slA),"Benites et al., 2021",72111.45752,6319.784326,277.0956977,215.4285951,0.133769776,0.521515025,4.242597329,1845.98219,210.2087727,0.162183306,0.0145045,4.581803073,Epithermal
Porvenir,2019-MOR-052-SP (slA),"Benites et al., 2021",74420.33715,4357.33839,282.7824169,159.8350535,0.210401059,0.242108827,2.830703196,1765.576141,207.2021082,0.250983756,0.0136225,0.128242808,Epithermal
Porvenir,2019-MOR-052-SP (slA),"Benites et al., 2021",75706.49242,4105.784575,281.0793629,163.4115833,0.169884089,0.341654496,2.954318936,1806.177867,208.4175176,0.228229925,0.0128195,0.153044818,Epithermal
Porvenir,2019-MOR-052-SP (slA),"Benites et al., 2021",75592.19063,4697.235956,292.2353314,224.1021956,0.173254519,0.33524134,2.470039264,1799.865274,208.1727364,0.176346657,0.01475,0.683121906,Epithermal
Porvenir,2019-MOR-052-SP (slA),"Benites et al., 2021",77336.45366,4497.174313,292.2722336,162.0933102,0.188935322,0.328601874,2.664499749,1827.957734,213.2571111,0.26251049,0.014557,0.194302849,Epithermal
Porvenir,2019-MOR-052-SP (slA),"Benites et al., 2021",76612.89806,4713.309216,289.2283087,166.9873709,0.154715962,0.297399752,2.744072551,1806.379603,208.8206552,0.189711916,0.028853368,0.411468248,Epithermal
Porvenir,2019-MOR-052-SP (slA),"Benites et al., 2021",74382.49682,4103.880132,279.9211609,196.9435695,0.103882715,0.417120858,8.824371938,1780.017197,217.1642853,0.193316425,0.014142,11.91579587,Epithermal
Rosita/Rubí,2019-MOR-034-SP (slC1),"Benites et al., 2021",24370.97746,2507.304074,0.400885149,190.8865441,37.20740047,0.40664073,11.49766431,4510.22557,0.548564834,158.4856097,0.446341887,3.2990129,Epithermal
Rosita/Rubí,2019-MOR-034-SP (slC1),"Benites et al., 2021",20602.43782,2766.664862,1.70375201,78.48203879,21.97879955,0.242737647,9.455264424,4934.214159,0.347672523,58.50217165,0.014770134,0.041621142,Epithermal
Rosita/Rubí,2019-MOR-034-SP (slC1),"Benites et al., 2021",20813.88783,1145.443346,1.908652056,59.46110188,35.0247605,0.162649592,9.908731644,4923.546372,0.181584192,27.44931804,0.243973519,0.600461126,Epithermal
Rosita/Rubí,2019-MOR-034-SP (slC1),"Benites et al., 2021",21408.62884,1428.807176,0.908593462,114.653049,52.5707793,0.32206758,10.46993249,4956.662792,0.356208786,68.85934868,0.014554329,0.023922213,Epithermal
Rosita/Rubí,2019-MOR-034-SP (slC1),"Benites et al., 2021",20173.34377,1014.72692,1.942093206,64.26794996,26.51710665,0.181864445,7.011804428,5223.552355,0.278414585,41.98143427,0.014606878,0.049442057,Epithermal
Rosita/Rubí,2019-MOR-034-SP (slC1),"Benites et al., 2021",22917.19485,1775.337405,0.611382463,79.07925924,26.0218575,0.354639467,5.45033069,4937.122997,0.956417793,60.30918289,0.039746894,0.24295363,Epithermal
Rosita/Rubí,2019-MOR-034-SP (slC1),"Benites et al., 2021",30928.12857,1580.440032,0.929903006,229.3879573,27.82580336,0.319104898,7.643399404,5525.192496,0.377046541,216.5713126,0.014265702,0.007530356,Epithermal
Rosita/Rubí,2019-MOR-034-SP (slC1),"Benites et al., 2021",9837.887107,10225.43221,0.369205137,2285.284328,13.78040491,0.092472368,41.76671879,4866.548147,25.19052152,85.36614604,1.302415792,1.006627679,Epithermal
Rosita/Rubí,2019-MOR-026-SP (slC1),"Benites et al., 2021",16385.63139,3366.230945,0.086606466,1021.202964,81.56564974,1.606917416,12.53024938,4388.907605,1.084978862,840.0484544,0.460280765,0.16581379,Epithermal
Rosita/Rubí,2019-MOR-026-SP (slC1),"Benites et al., 2021",11270.98895,1650.327322,0.583590839,458.2872549,76.44639456,0.453319695,7.305386201,4154.822689,6.052908233,397.4140002,0.996989956,1.276902561,Epithermal
Rosita/Rubí,2019-MOR-026-SP (slC1),"Benites et al., 2021",3182.180628,11704.03191,0.085848065,328.0481132,40.68352878,0.34582459,12.45291515,4698.64922,5.367637978,235.4846867,7.598649668,1.691556739,Epithermal
Rosita/Rubí,2019-MOR-026-SP (slC1),"Benites et al., 2021",7924.294184,777.3948207,0.096883714,425.3533431,60.70116868,0.852527987,8.266613994,4237.614934,2.233783965,362.3296471,0.570812163,1.399702511,Epithermal
Rosita/Rubí,2019-MOR-026-SP (slC1),"Benites et al., 2021",8486.970159,705.7836806,0.089876789,705.1083227,61.22615294,1.105810984,9.993235253,4334.962474,17.57603274,235.4846867,0.725636351,2.981302014,Epithermal
Rosita/Rubí,2019-MOR-029-SPB (slC1),"Benites et al., 2021",5697.594927,2605.269596,0.302087059,37.15736291,3.032787228,0.111523847,2.483407186,3350.119664,0.205283803,0.413140918,0.10763286,1.010329836,Epithermal
Rosita/Rubí,2019-MOR-029-SPB (slC1),"Benites et al., 2021",4775.926191,343.6155628,0.126363732,486.9034955,0.35007668,0.073466548,7.952311075,2611.657986,0.04397323,1.788143598,3.731631266,0.929406978,Epithermal
Rosita/Rubí,2019-MOR-029-SPB (slC1),"Benites et al., 2021",5106.013148,2357.420363,0.157551128,24.60775802,11.12168138,0.227417964,4.012728076,2954.235409,0.226667758,0.627261954,1.234257463,46.8649286,Epithermal
Rosita/Rubí,2019-MOR-029-SPB (slC1),"Benites et al., 2021",11951.60347,1360.065558,1.238849529,8978.058759,0.631123978,0.08411464,43.55323565,2506.138263,0.054281767,1.760847561,7.669978461,0.695328592,Epithermal
Rosita/Rubí,2019-MOR-029-SPB (slC1),"Benites et al., 2021",11562.69792,1554.318777,0.427268158,9528.715775,0.694431479,0.080026327,46.30898365,2803.222672,0.030838915,0.553593151,2.856521715,0.217121101,Epithermal
Rosita/Rubí,2019-MOR-029-SPB (slC1),"Benites et al., 2021",2683.629598,2955.133272,0.060254039,13.47715379,10.4346128,0.208489647,3.919512013,3714.807352,0.030301057,0.327481975,0.213461267,40.6101018,Epithermal
Rosita/Rubí,2019-MOR-029-SPB (slC1),"Benites et al., 2021",6527.947352,1369.92909,1.867433691,3341.788785,1.337448975,0.083840184,33.53022387,2500.230632,0.039141059,0.823726004,6.39360405,16.18075083,Epithermal
Rosita/Rubí,2019-MOR-029-SPB (slC1),"Benites et al., 2021",12515.31607,580.8566831,0.670886039,5955.621835,0.761637974,0.088319088,17.71071371,2082.686239,0.048362406,0.383228469,0.783458566,10.90023252,Epithermal
Rosita/Rubí,2019-MOR-028-SPB (slC1),"Benites et al., 2021",1965.972206,3404.334355,0.137048742,626.6284612,75.10386144,6.411117808,27.25318987,4298.435421,0.437441988,215.9477468,8.338702812,7.424476312,Epithermal
Rosita/Rubí,2019-MOR-028-SPB (slC1),"Benites et al., 2021",3079.712119,3658.838974,0.080734299,1506.849846,428.708318,0.142541128,2.831462562,3704.938609,0.188304103,338.5095625,0.00525622,42.72276767,Epithermal
Rosita/Rubí,2019-MOR-028-SPB (slC1),"Benites et al., 2021",15978.54985,1382.279413,0.10573956,2620.970482,93.37962991,12.09866798,55.97568339,4357.338784,2.548541662,1.689384585,43.71578996,23.10311496,Epithermal
Rosita/Rubí,2019-MOR-028-SPB (slC1),"Benites et al., 2021",7155.971854,2377.953348,0.142330107,4900.334784,45.43934123,2.282068495,18.62663191,3577.72409,0.039615385,271.5246197,5.593347721,2.874945817,Epithermal
Rosita/Rubí,2019-MOR-028-SPA  (slC2),"Benites et al., 2021",1734.414333,2038.567051,0.066545685,333.4976573,110.887466,13.19820533,19.38024853,4289.91746,0.210486424,63.02559952,18.49616262,0.444719895,Epithermal
Rosita/Rubí,2019-MOR-028-SPA  (slC2),"Benites et al., 2021",1784.699393,2551.52679,0.08675748,283.0466791,73.32380673,6.020978921,15.98672736,4175.790583,0.099688684,70.96494267,19.04996625,26.5098643,Epithermal
Rosita/Rubí,2019-MOR-028-SPA  (slC2),"Benites et al., 2021",1681.987301,1818.200782,0.1629443,110.7813455,23.14058288,0.209120739,12.4086346,4809.077889,0.964145104,71.48666142,6.116156519,6.577683122,Epithermal
Rosita/Rubí,2019-MOR-036-SP  (slC2),"Benites et al., 2021",4008.124692,415.5459854,0.075129137,8.543147257,0.44552849,0.177010287,3.579303526,3121.327662,6.729624892,4.021327913,0.087804006,0.455561,Epithermal
Rosita/Rubí,2019-MOR-036-SP  (slC2),"Benites et al., 2021",1157.72414,4181.975346,0.078130577,67.66062202,36.10529044,0.069231064,3.427264018,3265.887765,1.428951226,26.40892667,0.017345956,0.051234577,Epithermal
Rosita/Rubí,2019-MOR-036-SP  (slC2),"Benites et al., 2021",4918.118262,215.4392512,6.023605832,14.31246083,0.576016449,0.069659175,2.631267092,4034.989219,1.493977528,10.97965923,0.019249328,0.178271325,Epithermal
Rosita/Rubí,2019-MOR-036-SP  (slC2),"Benites et al., 2021",5730.064771,260.2840619,5.830190526,8.840599747,0.711500988,0.068244099,7.17579609,4073.932324,0.729653684,6.282857149,0.018016963,0.523943333,Epithermal
Rosita/Rubí,2019-MOR-036-SP  (slC2),"Benites et al., 2021",4877.884994,213.1492491,5.276866872,133.7307383,0.929726302,0.068814445,3.62484177,3563.02276,1.698846808,123.7043661,0.016899779,0.029490752,Epithermal
Rosita/Rubí,2019-MOR-036-SP  (slC2),"Benites et al., 2021",26069.40626,713.2258165,0.907638939,2.410311563,0.411457302,0.063195504,3.248322022,2237.97021,0.017314105,0.552396031,0.015523153,0.756902506,Epithermal
Rosita/Rubí,2019-MOR-036-SP  (slC2),"Benites et al., 2021",23081.9749,527.434356,1.457578222,10.14662424,0.459207586,0.445013952,4.438940393,2433.820252,0.018509407,0.544895675,0.054906557,1.756811479,Epithermal
Rosita/Rubí,2019-MOR-036-SP  (slC2),"Benites et al., 2021",6657.150338,187.4605451,0.717271512,2.644759886,1.410661537,0.070876936,2.168951702,2652.366886,0.231206077,0.267484938,0.112470653,6.490715592,Epithermal
Rosita/Rubí,2019-MOR-036-SP  (slC2),"Benites et al., 2021",9767.162029,433.433357,0.078182133,65.35097397,1.763293399,0.268694903,4.681374354,3255.09611,0.141366639,58.02230692,0.038971435,0.218416267,Epithermal
Rosita/Rubí,2019-MOR-036-SP  (slC2),"Benites et al., 2021",12862.62915,743.1985086,0.07522603,76.0282352,1.988212545,0.065274816,7.602754821,3222.521601,0.184409251,74.88205336,0.189082799,11.71444637,Epithermal
Rosita/Rubí,2019-MOR-036-SP  (slC2),"Benites et al., 2021",13191.14349,822.6682054,0.302404959,8.697851882,0.596652173,0.158256466,7.057022949,2952.06221,0.382599662,0.421620372,0.064423878,1.406832112,Epithermal
Rosita/Rubí,2019-MOR-036-SP  (slC2),"Benites et al., 2021",12792.95513,369.1202823,0.0734842,11.06131921,2.123635466,0.424755362,4.476353463,2236.905579,0.033909269,6.306422379,4.280863358,2.486160923,Epithermal
Rosita/Rubí,2019-MOR-036-SP  (slC2),"Benites et al., 2021",10912.0475,667.1388271,0.087239671,34.43525122,12.25771864,0.210211689,3.062942671,2204.421373,0.477458784,6.34511024,0.130888832,36.75347705,Epithermal
Rosita/Rubí,2019-MOR-037-SP  (slC2),"Benites et al., 2021",30831.67311,564.8678248,0.069150744,20.55520403,7.220753581,3.109274626,1.85428639,2418.7216,0.004638705,7.897254666,0.407118674,0.150850546,Epithermal
Rosita/Rubí,2019-MOR-037-SP  (slC2),"Benites et al., 2021",18381.61359,387.5055692,0.074814404,2.524335654,1.491187501,0.162810431,1.761853221,2567.032167,0.00557169,0.598797772,0.084211979,0.088067859,Epithermal
Rosita/Rubí,2019-MOR-037-SP  (slC2),"Benites et al., 2021",15215.83199,379.8745386,2.313587408,6.356799342,1.019932087,0.0675465,1.770025426,3258.897672,0.028434638,8.926310799,0.016065372,0.064751236,Epithermal
Rosita/Rubí,2019-MOR-037-SP  (slC2),"Benites et al., 2021",13584.70712,408.5937198,1.991179637,402.222204,7.541614843,1.741865404,4.375306406,3298.199358,0.005669242,16.9409507,1.476299571,1.261341692,Epithermal
Rosita/Rubí,2019-MOR-037-SP  (slC2),"Benites et al., 2021",17964.25902,457.2133968,1.034349213,2.373424065,1.209590283,0.063205051,1.73613188,3039.394247,0.004938145,1.289721681,0.014195668,0.03063787,Epithermal
Rosita/Rubí,2019-MOR-037-SP  (slC2),"Benites et al., 2021",13563.08007,426.0489387,1.698809502,74.27909739,11.85408787,8.820030228,8.164300387,3515.674707,0.037967238,29.26748643,15.35666341,4.992865577,Epithermal
Rosita/Rubí,2019-MOR-037-SP  (slC2),"Benites et al., 2021",18685.71098,487.8544352,1.003252744,115.2255492,15.84025992,8.048006029,4.15933138,3151.970753,0.005063075,78.48692249,6.286461633,1.710971675,Epithermal
Rosita/Rubí,2019-MOR-037-SP  (slC2),"Benites et al., 2021",12057.20477,394.4874182,1.745721323,26.0696742,2.996820334,1.049264499,11.06490525,2842.321926,0.005229907,13.7693166,4.853997124,12.82880289,Epithermal
Rosita/Rubí,2019-MOR-037-SP  (slC2),"Benites et al., 2021",12983.88234,390.0143369,2.023909132,6.591582099,0.621975791,0.225395813,7.385763469,3258.602288,0.005464482,1.895295128,1.510505466,6.25340382,Epithermal
Rosita/Rubí,2019-MOR-037-SP  (slC2),"Benites et al., 2021",13475.91233,387.9051457,2.028904832,9.339460655,1.629704499,0.31991524,2.602999628,3244.259189,0.005261135,6.657798273,0.685794769,2.343038076,Epithermal
Rosita/Rubí,2019-MOR-037-SP  (slC2),"Benites et al., 2021",12689.47837,399.0553478,1.880467943,10.75574517,1.036453665,0.255162262,10.28372453,2789.039478,0.005294764,6.153193249,4.204375402,14.57631962,Epithermal
Rosita/Rubí,2019-MOR-037-SP  (slC2),"Benites et al., 2021",12567.6205,403.9226354,1.892478481,16.18188473,2.180657155,0.775374833,4.438888411,3345.310406,0.016970639,5.541120442,4.049750085,4.802838286,Epithermal
Rosita/Rubí,2019-MOR-037-SP  (slC2),"Benites et al., 2021",13338.70479,405.5345331,1.794212688,11.01712494,1.229215615,0.876463545,2.443352665,3358.649639,0.015540832,5.09419384,2.412731184,0.835874348,Epithermal
Rosita/Rubí,2019-MOR-037-SP  (slC2),"Benites et al., 2021",11022.25966,340.8949382,1.896654494,2.540243558,0.552038409,0.066266286,1.789093367,2917.207243,0.005362555,0.477777239,0.014491332,0.112279128,Epithermal
Rosita/Rubí,2019-MOR-037-SP  (slC2),"Benites et al., 2021",3248.063695,2019.072687,0.07625304,38.41308483,7.86048829,0.355412509,1.891935858,2093.303831,0.548431837,33.87646196,0.113067939,0.048795487,Epithermal
Rosita/Rubí,2019-MOR-029-SPA  (slC2),"Benites et al., 2021",21768.0278,636.1123644,0.942471481,24.36447341,11.85517597,0.064551991,2.327529044,4996.006271,0.005588362,0.498848675,0.354808245,0.626692525,Epithermal
Rosita/Rubí,2019-MOR-029-SPA  (slC2),"Benites et al., 2021",19753.99973,557.2877854,0.826965938,1676.257622,18.47940853,0.357090707,19.56468913,3607.604923,0.005066884,0.404582905,0.067872807,0.15506578,Epithermal
Rosita/Rubí,2019-MOR-029-SPA  (slC2),"Benites et al., 2021",18102.15396,498.6050167,1.053043683,140.9415649,136.0283003,1.891400361,2.744018537,3965.164587,0.005560508,0.572037341,0.806261438,0.491218029,Epithermal
Rosita/Rubí,2019-MOR-029-SPA  (slC2),"Benites et al., 2021",18782.26055,568.6919152,0.618702935,17.22230643,7.01945696,0.174743037,1.812587323,4209.62758,0.005429711,0.216437702,0.014485859,0.037824708,Epithermal
Rosita/Rubí,2019-MOR-029-SPA  (slC2),"Benites et al., 2021",22240.71976,680.8514093,0.98289476,15.79178227,8.113134378,0.068270777,2.037840105,5387.985468,0.005748205,0.257739571,0.77310459,1.355402143,Epithermal
Rosita/Rubí,2019-MOR-029-SPA  (slC2),"Benites et al., 2021",11828.62055,446.2689448,0.771631544,844.7220485,7.53907473,0.319852203,10.5539282,2889.422337,0.006724723,0.16779526,0.080041708,3.871861784,Epithermal
Rosita/Rubí,2019-MOR-029-SPA  (slC2),"Benites et al., 2021",21427.11897,623.5934187,0.913265679,555.3947576,45.32976508,0.706845376,5.859901735,4798.058369,0.00600404,0.602010449,1.025197681,1.309020923,Epithermal
Rosita/Rubí,2019-MOR-029-SPA  (slC2),"Benites et al., 2021",12884.62546,372.3332991,1.080223079,5.171430789,3.754057317,0.187858834,1.905550045,2249.609937,0.005898442,2.662464931,0.225760369,0.729609272,Epithermal
Rosita/Rubí,2019-MOR-029-SPA  (slC2),"Benites et al., 2021",16338.90696,470.3328446,0.574930396,52.93085733,50.30085415,0.670283889,1.999325771,4061.34271,0.006747989,1.702234723,0.0160235,0.077960576,Epithermal
Rosita/Rubí,2019-MOR-029-SPA  (slC2),"Benites et al., 2021",4421.230837,145.288941,0.193041702,56.25168882,38.53278885,0.822306978,2.712591799,2639.17374,0.085494387,18.54810607,0.0159005,0.073241762,Epithermal
Morro Solar,2019-MOR-005-SPB (slC2),"Benites et al., 2021",122.2523239,3.38933922,0.070816841,235.3895629,19.60019358,0.71397264,4.148142879,1065.101864,186.00783,27.29369299,6.034187357,8.479986414,Epithermal
Morro Solar,2019-MOR-005-SPB (slC2),"Benites et al., 2021",87.67407932,0.694962765,0.023551117,125.6942475,4.458446307,0.287162449,2.330975818,1428.641134,141.9212676,8.684558472,0.730773424,2.272565439,Epithermal
Morro Solar,2019-MOR-005-SPB (slC2),"Benites et al., 2021",33.83848263,0.781065764,0.031475215,88.09609074,4.967417243,0.365364419,14.08474916,1310.968521,3.157239925,10.32879496,22.27324607,43.02358372,Epithermal
Morro Solar,2019-MOR-005-SPB (slC2),"Benites et al., 2021",89.73979315,2.535234099,0.052058,360.0530029,63.04053991,4.198041881,38.94166747,1425.987245,7.510770985,2.824490303,67.06725417,109.5653424,Epithermal
Morro Solar,2019-MOR-005-SPB (slC2),"Benites et al., 2021",4895.15116,21.93539693,0.092701429,1356.583947,1039.935702,10.41958783,81.50062296,1586.956026,39.89227948,3.876315463,178.8043877,56.23265644,Epithermal
Morro Solar,2019-MOR-005-SPA (slC2),"Benites et al., 2021",64.79851572,1.553521822,0.069589924,84.46342791,13.79109997,0.186110563,5.207005566,2556.907292,78.45466177,31.48409584,0.241445421,0.880852573,Epithermal
Morro Solar,2019-MOR-005-SPA (slC2),"Benites et al., 2021",75.86420093,0.961548813,0.040384522,1128.042676,215.1810151,1.621966667,8.200796262,1821.113864,1011.687697,79.40992042,3.842378725,7.552289026,Epithermal
Morro Solar,2019-MOR-001-SPA (slC2),"Benites et al., 2021",4783.815521,910.4569601,0.070496388,5307.616166,14.52561637,0.103637149,8.911191048,1542.473639,750.2298432,20.91410754,0.029181971,0.049142178,Epithermal
Morro Solar,2019-MOR-001-SPA (slC2),"Benites et al., 2021",126.187308,0.74873604,0.059381138,283.3110652,3.091500406,0.3301649,1.512509561,1854.433628,352.9530705,66.07042104,3.628760304,8.892481867,Epithermal
Morro Solar,2019-MOR-001-SPA (slC2),"Benites et al., 2021",211.3103172,0.862280209,0.203328152,23.74104549,6.759926109,0.579421916,3.992426746,1103.965023,3.937200989,1.065872595,5.706409851,33.06229806,Epithermal
Morro Solar,2019-MOR-001-SPA (slC2),"Benites et al., 2021",1830.398758,128.7687353,0.075338674,844.0700503,11.83357165,0.104405589,1.590379288,1573.193455,987.6466709,259.7991221,0.029479172,0.005220243,Epithermal
Morro Solar,2019-MOR-001-SPA (slC2),"Benites et al., 2021",2229.418539,164.4165063,0.061106219,694.1615263,12.61076959,0.083006762,1.554202726,1463.797132,939.332533,19.95462662,0.022638101,5.985924057,Epithermal
Morro Solar,2019-MOR-001-SPA (slC2),"Benites et al., 2021",2301.754005,118.6311391,0.065726872,1526.560238,30.17627224,0.095272271,2.454498231,1643.555287,1804.389374,282.9273401,0.026697453,0.116810226,Epithermal
Morro Solar,2019-MOR-001-SPA (slC2),"Benites et al., 2021",1067.94235,551.9647341,0.055802738,1139.971053,227.040723,0.07662314,2.158844307,1585.145024,991.3932886,200.844954,0.022249976,0.02962937,Epithermal
Morro Solar,2019-MOR-001-SPA (slC2),"Benites et al., 2021",675.7038153,1062.62023,0.055721884,411.7196003,232.1869352,1.566483361,1.558340087,1538.642514,269.8047507,17.32834668,0.158680622,0.742046799,Epithermal
Morro Solar,2019-MOR-001-SPA (slC2),"Benites et al., 2021",258.6753137,20.47391524,0.055116193,701.3598247,14.05709003,701.3598247,2.45327244,1119.358631,189.2226281,57.42503815,6.777243534,24.87154086,Epithermal
Morro Solar,2019-MOR-001-SPA (slC2),"Benites et al., 2021",17.24656189,0.66658131,0.055115521,14.24626627,1.49222458,0.154241566,1.32039186,1366.351329,20.96295565,1.368427694,0.020878417,0.999041275,Epithermal
Morro Solar,2019-MOR-001-SPA (slC2),"Benites et al., 2021",2540.285124,505.6923498,0.071489394,2779.516427,15.53247747,0.099731806,5.950225056,1491.165947,1314.886313,58.42570172,0.177022951,3.696657141,Epithermal
Morro Solar,2019-MOR-003-SPC (slC2),"Benites et al., 2021",262.1952487,147.4829496,0.066477776,385.8248294,7.893278915,0.091716745,1.947464982,1503.452732,291.0784984,125.8344588,0.148420359,0.533375783,Epithermal
Morro Solar,2019-MOR-003-SPC (slC2),"Benites et al., 2021",347.2871954,214.2932322,0.053884881,891.2728427,31.18230269,0.079147934,2.177192781,1375.022103,419.9539807,426.4276819,0.798649821,0.694390646,Epithermal
Morro Solar,2019-MOR-003-SPC (slC2),"Benites et al., 2021",3251.943092,178.1850126,0.064576682,1688.927481,41.75009955,0.089325502,2.207500959,1702.20001,1680.182696,263.9655241,0.026231583,0.062297367,Epithermal
Morro Solar,2019-MOR-003-SPC (slC2),"Benites et al., 2021",1087.744822,359.2031569,0.079271326,1687.134835,100.0186533,0.798949907,4.487320173,1604.897504,894.8299755,97.0805704,0.932089374,2.834233032,Epithermal
Morro Solar,2019-MOR-003-SPC (slC2),"Benites et al., 2021",3.804069043,0.685518421,0.051333037,501.0916017,0.809308682,0.179786259,1.515396971,925.6133885,450.5058557,229.1167469,3.032396345,2.430288797,Epithermal
Morro Solar,2019-MOR-003-SPC (slC2),"Benites et al., 2021",89.54366167,2.927227622,0.105308545,251.0474876,7.972667675,0.983414013,10.00236532,1015.504274,118.7879925,89.78383257,128.9219491,32.67293349,Epithermal
Morro Solar,2019-MOR-004-SPC (slC2),"Benites et al., 2021",834.9949085,7.017666783,0.062999768,47.06274154,2.557077779,0.093381462,6.39613601,1920.767443,54.5621324,4.015665325,0.905751253,1.230667967,Epithermal
Morro Solar,2019-MOR-004-SPC (slC2),"Benites et al., 2021",1237.227695,11.12559378,0.185367419,243.659628,170.32587,1.055389449,6.603970553,2032.277963,172.9309785,54.55436402,16.18392401,13.08711533,Epithermal
Morro Solar,2019-MOR-004-SPC (slC2),"Benites et al., 2021",1266.450065,29.85511819,0.054205283,224.2829336,150.8987424,20.93938855,9.327385099,1380.761656,0.52224525,1.87087307,5.631734305,19.47815921,Epithermal
Morro Solar,2019-MOR-004-SPC (slC2),"Benites et al., 2021",863.7136329,15.67772721,0.054923905,273.3038624,177.4667628,32.12549769,4.890706896,1086.355107,0.288513013,0.564070472,8.48704324,12.90732582,Epithermal
Morro Solar,2019-MOR-004-SPC (slC2),"Benites et al., 2021",987.5124331,9.344210458,0.066986466,586.1610443,84.81380465,5.597561508,8.856608607,1725.400321,290.9221505,278.3527838,36.11854216,30.10272126,Epithermal
Morro Solar,2019-MOR-004-SPC (slC2),"Benites et al., 2021",311.0497432,3.806902907,0.054612292,432.930688,2.780686927,0.246805542,1.732626825,1358.822755,453.3112583,155.6146035,0.022023144,0.024573187,Epithermal
Morro Solar,2019-MOR-004-SPC (slC2),"Benites et al., 2021",78.67245315,0.800178886,0.059838228,228.9668196,59.11150543,26.58316002,3.425749575,930.8435452,21.9454725,76.79509646,30.02066006,6.278681491,Epithermal
Morro Solar,2019-MOR-004-SPC (slC2),"Benites et al., 2021",921.9324871,7.926102489,0.089052427,334.0919737,289.6863922,7.295882265,6.035379405,1699.929515,0.071474344,0.626309768,17.88650697,13.63907914,Epithermal
Morro Solar,2019-MOR-004-SPC (slC2),"Benites et al., 2021",559.0382313,7.533155083,0.120055941,157.9425436,2.856604006,0.087496692,1.373690726,1034.505682,16.40985967,83.37102048,6.71219121,1.598363483,Epithermal
Morro Solar,2019-MOR-004-SPC (slC2),"Benites et al., 2021",219.6713356,0.724701457,0.054471199,301.0322331,82.921361,37.06356812,6.674689901,1108.705768,36.05402089,72.16152808,66.66287561,12.43997134,Epithermal
Morro Solar,2019-MOR-001-SPB (slC2),"Benites et al., 2021",592.1080203,217.0949952,0.066021022,1075.70466,270.335183,0.313597765,6.198338118,1548.69701,895.1752582,60.9351777,0.385167256,1.322936163,Epithermal
Morro Solar,2019-MOR-001-SPB (slC2),"Benites et al., 2021",159.8323399,1830.429278,0.071868737,717.5259767,245.5929627,6.798533446,3.336151366,1514.086456,471.7774725,43.02697798,0.190871489,0.818344288,Epithermal
Morro Solar,2019-MOR-001-SPB (slC2),"Benites et al., 2021",313.8316618,27.90145378,0.093920433,501.6689415,43.21097854,0.956690573,1.719266377,1405.175662,524.9564248,139.7001827,0.662674442,0.435538904,Epithermal
Morro Solar,2019-MOR-001-SPB (slC2),"Benites et al., 2021",674.5978566,302.583382,0.058792707,910.0950325,193.7599348,0.299175849,3.228740771,1730.231882,450.6274743,51.12060988,0.021051201,0.275289622,Epithermal
Morro Solar,2019-MOR-001-SPB (slC2),"Benites et al., 2021",558.270772,161.7096853,0.076382819,1095.66916,172.4884265,0.119362256,5.187364637,1363.261733,897.2303579,150.9291366,1.268802467,16.52632669,Epithermal
Morro Solar,2019-MOR-001-SPB (slC2),"Benites et al., 2021",171.3751784,1537.330702,0.075122912,339.892938,83.1425212,0.266983012,2.352657902,1483.246234,245.7986708,17.70602791,0.028562162,0.047693136,Epithermal
Morro Solar,2019-MOR-001-SPB (slC2),"Benites et al., 2021",489.1096639,1437.751248,0.061875203,820.2457052,189.1038065,0.707007231,3.532180056,1498.894875,325.2481993,26.06102834,0.02366162,0.048682707,Epithermal
Morro Solar,2019-MOR-001-SPB (slC2),"Benites et al., 2021",573.9034342,1539.111406,0.063797129,1126.330013,341.9529098,1.430610698,6.890226271,1548.874863,238.6565036,74.8938828,0.023854302,0.045283777,Epithermal
Morro Solar,2019-MOR-001-SPB (slC2),"Benites et al., 2021",237.9256738,303.5236679,0.06869799,822.6474194,83.74478826,0.110426851,7.735213616,1569.183006,645.3459164,105.0576127,0.028132952,23.48057882,Epithermal
Morro Solar,2019-MOR-001-SPB (slC2),"Benites et al., 2021",553.7689749,1351.631151,0.051918256,1373.469074,417.6230973,3.405873265,2.993491191,1588.332095,690.9501394,36.82637959,0.042304462,2.094223609,Epithermal
Morro Solar,2019-MOR-001-SPB (slC2),"Benites et al., 2021",66.83460748,0.773156916,0.055155342,129.1138969,23.70636796,4.47515493,2.27541283,1145.463684,96.78763938,22.62589555,3.339739641,3.061835361,Epithermal
Morro Solar,2019-MOR-001-SPB (slC2),"Benites et al., 2021",11.60595691,0.71507332,0.05110509,27.20155085,6.59595045,0.391178059,1.640742268,957.2504938,0.050193553,0.639373085,1.100933598,1.207681389,Epithermal
Morro Solar,2019-MOR-001-SPB (slC2),"Benites et al., 2021",4.738143089,0.775504427,0.057243165,18.77121272,0.181068374,0.20870586,32.1419297,1662.98523,0.443816204,1.046314583,0.2192836,17.90003108,Epithermal
Morro Solar,2019-MOR-004-SPA (slC2),"Benites et al., 2021",1604.711126,302.1877327,0.090895273,1650.551854,14.63859331,1.244601625,13.19317193,1555.947282,323.2568169,60.11243845,8.103336482,57.01250963,Epithermal
Morro Solar,2019-MOR-004-SPA (slC2),"Benites et al., 2021",3070.916152,17.10392668,0.055183682,403.2651204,190.6880961,28.48641296,11.46969037,1125.64744,0.017656018,1.704121174,132.8341216,9.355966263,Epithermal
Morro Solar,2019-MOR-004-SPA (slC2),"Benites et al., 2021",1206.468506,7.788516674,0.061804615,38.87121406,15.66904427,0.521747577,1.615198037,2137.582705,16.19886566,8.536310428,1.432227834,0.610200888,Epithermal
Morro Solar,2019-MOR-004-SPA (slC2),"Benites et al., 2021",1402.043385,11.48809637,0.048457863,1615.503472,136.331186,11.9595391,62.79294652,1376.493433,22.05849323,43.16171746,98.23339507,49.74869706,Epithermal
Morro Solar,2019-MOR-004-SPA (slC2),"Benites et al., 2021",163.8765135,44.97016303,0.053403874,208.2365847,73.78039972,44.64193973,3.819339535,1056.380979,0.093078122,0.339932099,4.419998768,2.95155483,Epithermal
Morro Solar,2019-MOR-004-SPA (slC2),"Benites et al., 2021",19.12237967,0.720246134,0.054674306,102.3727628,0.208973779,0.082959777,3.806297222,1610.735478,33.4147114,48.47731677,1.959965046,1.371358918,Epithermal
Morro Solar,2019-MOR-006-SPB (slC2),"Benites et al., 2021",145.0972329,0.677670383,0.051527036,860.1769411,3.494255598,0.263012975,3.644236995,2160.412685,784.3304556,244.1611027,3.90597398,2.174944781,Epithermal
Morro Solar,2019-MOR-006-SPB (slC2),"Benites et al., 2021",237.4880699,3.779107722,0.050841985,72.94357612,4.688842638,0.080053415,3.545459209,2016.369085,67.04899262,15.20170147,0.885888728,1.091081431,Epithermal
Morro Solar,2019-MOR-006-SPB (slC2),"Benites et al., 2021",203.4107066,24.55973668,0.610707443,873.7522119,61.97336284,1.146814529,70.48967544,1959.094675,157.6566367,310.3348282,204.6256992,126.2974302,Epithermal
Morro Solar,2019-MOR-006-SPB (slC2),"Benites et al., 2021",208.4986405,1.864365962,0.055122517,1274.965519,35.40829421,0.209170272,2.877596144,2042.092894,1448.865514,126.1726274,0.182275748,0.32687463,Epithermal
Morro Solar,2019-MOR-003--SPA (slC2),"Benites et al., 2021",424.7268403,141.8629598,0.096453296,1108.925688,386.7902389,0.466236327,6.317410238,1420.737419,521.870614,26.78835839,0.486544371,15.4612354,Epithermal
Morro Solar,2019-MOR-003--SPA (slC2),"Benites et al., 2021",1144.150138,376.3231943,0.07581433,1995.542623,599.1111657,0.34744331,6.073649566,1543.343084,393.6646073,29.01669814,0.092788647,1.176009292,Epithermal
Morro Solar,2019-MOR-003--SPA (slC2),"Benites et al., 2021",1201.822698,855.1538104,0.082303444,1655.965742,431.0488531,1.102346286,5.435228217,1585.409268,208.8795126,11.31764863,0.26229881,2.872515521,Epithermal
Morro Solar,2019-MOR-003--SPA (slC2),"Benites et al., 2021",1127.336221,449.8377091,0.104762662,2221.282011,1655.965742,0.544329199,6.247036162,1508.497802,627.6372678,29.35798429,0.759708073,5.169003787,Epithermal
Morro Solar,2019-MOR-003--SPA (slC2),"Benites et al., 2021",1706.529339,354.5675704,0.098550949,1714.65071,237.9500226,1.056626275,5.100321139,1571.661039,319.5298346,11.17253467,0.040127829,0.331670585,Epithermal
Morro Solar,2019-MOR-003--SPA (slC2),"Benites et al., 2021",516.0244908,33.19282643,0.086154334,870.5678797,309.3588104,1.46133624,15.44404702,1310.990366,470.2984871,14.58374525,0.410184036,46.76563931,Epithermal
Morro Solar,2019-MOR-003--SPA (slC2),"Benites et al., 2021",711.2741545,342.4950298,0.111498902,1235.658262,559.1949135,1.372772177,3.607095445,1549.046203,277.9022031,2.935346495,0.042136561,1.382709997,Epithermal
Morro Solar,2019-MOR-003--SPA (slC2),"Benites et al., 2021",309.415355,129.4622764,0.207991805,1370.35975,1370.35975,1.274597404,11.09725964,1466.12439,571.3053854,22.05557533,2.343660456,23.85852962,Epithermal
Morro Solar,2019-MOR-003--SPA (slC2),"Benites et al., 2021",455.0934339,1974.441546,0.093669312,2118.243258,2118.243258,2.22856628,8.857936687,1524.307236,589.790721,3.749547169,0.09499503,0.156926964,Epithermal
Morro Solar,2019-MOR-003--SPA (slC2),"Benites et al., 2021",773.988131,1615.857871,0.114532947,1063.948481,343.4496721,0.188910696,3.43655925,1556.883681,418.446976,12.40890371,0.044850853,0.27093358,Epithermal
Morro Solar,2019-MOR-006--SPA (slC2),"Benites et al., 2021",951.758898,10.52872148,0.09950954,70.25010637,5.460429725,0.433813207,4.700093793,2515.042146,114.6681191,20.79246028,3.124832194,4.491246201,Epithermal
Morro Solar,2019-MOR-006--SPA (slC2),"Benites et al., 2021",5604.381671,44.27819989,0.073892784,122.9817345,55.24662562,5.746655888,5.429209339,1713.74033,0.007646138,0.420646163,65.78067613,10.80398759,Epithermal
Morro Solar,2019-MOR-006--SPA (slC2),"Benites et al., 2021",2940.843018,17.20765296,0.108935857,585.5013098,319.1187236,19.81202371,16.37178081,1221.090389,3.231536394,37.77745685,58.11943706,16.07054352,Epithermal
Morro Solar,2019-MOR-006--SPA (slC2),"Benites et al., 2021",3131.115346,20.23833491,0.083241536,376.673923,130.7653111,23.4161851,10.13861067,888.4863456,2.855970924,0.3711911,246.6729071,20.93061947,Epithermal
Morro Solar,2019-MOR-006--SPA (slC2),"Benites et al., 2021",4152.184946,29.29284676,0.115004916,421.5460263,85.57513114,8.214315022,8.386707945,1212.272281,2.3057269,22.0668281,111.7442062,12.76954935,Epithermal
Morro Solar,2019-MOR-006--SPA (slC2),"Benites et al., 2021",3996.471273,27.37634278,0.074075119,191.1813289,48.27240644,2.812193096,3.467160907,1745.875849,12.50245851,116.1516162,30.32880902,10.41536827,Epithermal
Morro Solar,2019-MOR-006--SPA (slC2),"Benites et al., 2021",5665.814166,53.81972798,0.093379916,62.6884009,4.418766008,0.564035526,2.006290027,2613.661689,0.044738441,0.307507154,13.7916266,8.233204159,Epithermal
Morro Solar,2019-MOR-006--SPA (slC2),"Benites et al., 2021",1731.779402,20.07207734,0.071647736,408.3726983,7.418212578,0.355327798,11.02218808,3083.621275,89.77265088,72.80804196,54.16960702,64.29805489,Epithermal
Morro Solar,2019-MOR-007-SP (slC2),"Benites et al., 2021",92.00895651,0.713135746,0.073367668,15.82387974,5.009290173,0.979793834,20.69293266,2255.634353,0.082797477,0.265340659,15.62359318,22.58374788,Epithermal
Morro Solar,2019-MOR-007-SP (slC2),"Benites et al., 2021",69.90899884,0.85248794,0.096870355,48.37362262,13.06453145,1.943084961,14.51593544,1408.793268,0.879272595,11.33207657,20.78409528,22.37830394,Epithermal
Morro Solar,2019-MOR-007-SP (slC2),"Benites et al., 2021",78.38502079,0.68193699,0.066869976,40.34941954,10.90300799,3.411829071,17.19220726,1526.667783,0.018908915,0.245110267,37.95243112,19.04227211,Epithermal
Morro Solar,2019-MOR-007-SP (slC2),"Benites et al., 2021",94.37184733,0.793481652,0.076449364,115.6559349,102.0075082,3.454887189,18.43177575,1445.450624,0.078436338,0.201227969,52.28697311,15.05421837,Epithermal
Morro Solar,2019-MOR-007-SP (slC2),"Benites et al., 2021",61.8641208,0.729510533,0.073020359,73.67865625,25.19478649,7.056070106,21.5322951,1885.646443,1.017254503,1.598846213,58.58002879,16.55807098,Epithermal
Morro Solar,2019-MOR-007-SP (slC2),"Benites et al., 2021",86.82092783,0.790990564,0.083436708,1.713782498,1.388315795,0.132009928,2.274260483,3993.949407,0.008847657,0.24534425,2.140778382,0.681093124,Epithermal
Morro Solar,2019-MOR-007-SP (slC2),"Benites et al., 2021",88.36095678,0.737410467,0.077058746,20.70525845,20.28849703,0.125956965,3.66889903,2776.842266,0.099146598,0.784242511,1.494485953,2.774480562,Epithermal
Morro Solar,2019-MOR-007-SP (slC2),"Benites et al., 2021",91.67560309,0.829596098,0.083624375,19.68509243,19.7381492,0.34258397,2.200499764,1926.912558,0.392736762,1.421482262,0.687346863,0.322698556,Epithermal
Morro Solar,2019-MOR-007-SP (slC2),"Benites et al., 2021",72.45488373,0.781617236,0.078275647,39.86382368,10.46175823,0.720906216,20.18301735,3034.949493,8.253642087,16.77523088,3.624782864,6.329350006,Epithermal
Morro Solar,2019-MOR-007-SP (slC2),"Benites et al., 2021",71.4065508,0.792473197,0.079763315,1.717213905,0.817449114,0.132851441,1.786743043,2472.027369,0.00886975,0.324389199,0.030362958,0.091580881,Epithermal
Sangdong,SD,"Lee et al., 2019",76784.4214,2485.579142,55.67463779,269.5989372,2.480544664,2.322743461,2.639146308,26400.92041,312.8356371,17.64942844,0.121161136,0.060757784,Skarn
Sangdong,SD,"Lee et al., 2019",81608.54418,3243.058085,59.41326287,273.7058837,2.670896039,2.140636046,3.292387814,26842.70517,325.9468741,24.03311621,0.123636638,0.061999155,Skarn
Sangdong,SD,"Lee et al., 2019",82976.48369,3302.655089,58.95796896,312.0787692,3.585754673,1.8141283,4.015606205,25907.85628,328.798913,19.89974804,0.13436312,0.684394524,Skarn
BENTAILLOU,Type 1,"Cugerone et al., 2021",39403.93,171.08,100.36,11.97,28.76,0.545,4.64,1904.19,0.98,1.22,7.05,503.17,SEDEX
BENTAILLOU,Type 1,"Cugerone et al., 2021",34549.93,138.41,72.79,7.55,3.5,0.345,2.87,1930.7,0.91,0.91,3.93,169.05,SEDEX
BENTAILLOU,Type 1,"Cugerone et al., 2021",39555.65,163.07,87.7,69.77,10.48,0.3355,10.19,1833.17,0.88,3.71,23.84,106.19,SEDEX
BENTAILLOU,Type 1,"Cugerone et al., 2021",44963.63,162.14,95.94,23.87,6.42,0.349,7.6,1837.15,0.94,2.49,13.22,331.58,SEDEX
BENTAILLOU,Type 1,"Cugerone et al., 2021",35202.21,138.41,79.96,39.82,19.4,0.55,10.59,1866.42,0.84,3.18,16.34,150.29,SEDEX
BENTAILLOU,Type 1,"Cugerone et al., 2021",33096.32,159.19,81.47,14.84,1.68,0.347,2.47,1925.19,0.96,0.35,3.24,172.73,SEDEX
BENTAILLOU,Type 1,"Cugerone et al., 2021",41610.94,140.93,89.07,37.46,13.74,0.605,12.02,1893.86,0.91,3.02,18.35,436.46,SEDEX
Sinkholmen,Znh-1,"Cook et al., 2009",3116,0.5,0.22,113,143.9,4.51,2.01,3745,0.51,1.45,1.33,0.035,MVT
Sinkholmen,Znh-1,"Cook et al., 2009",3330,0.7,0.09,82,55.2,2.81,3.4,3623,0.03,0.43,4.69,3.25,MVT
Sinkholmen,Znh-1,"Cook et al., 2009",3042,0.8,0.115,1449,95,7.97,49.8,3658,0.45,25.8,92.9,23.2,MVT
Sinkholmen,Znh-1,"Cook et al., 2009",2987,0.7,0.21,181,110,2.79,2.61,3903,0.23,0.04,2.98,1.16,MVT
Sinkholmen,Znh-1,"Cook et al., 2009",3122,0.8,0.24,516,95.1,1.58,12.9,4083,0.21,0.03,2.75,3.04,MVT
Sinkholmen,Znh-1,"Cook et al., 2009",3186,0.9,0.12,4386,90.3,1.86,121,3863,0.18,0.49,25.9,12.4,MVT
Sinkholmen,Znh-1,"Cook et al., 2009",3617,13.2,0.1,4862,36.1,13.9,105,3996,2.41,2.19,61.5,75.4,MVT
Sinkholmen,Znh-1,"Cook et al., 2009",3048,0.8,0.19,27,28.9,1.78,2.03,4456,0.06,0.07,0.22,0.38,MVT
Laochangping,WB17-2-3,"Wang et al., 2021a",27022,19.1,0.018644724,591,234,95.8,4.85,3225,1.14,7.06,21.3,3.77,MVT
Laochangping,WB17-2-3,"Wang et al., 2021a",57493,29,0.000160749,670,60.1,145,12.83,4616,109,1.46,30.6,24.4,MVT
Laochangping,WB17-2-3,"Wang et al., 2021a",18781,6.75,0.009778792,76.5,55.6,12.4,0.442,3317,3.49,0.131,1.25,0.464,MVT
Laochangping,WB17-2-3,"Wang et al., 2021a",14275,3.71,0.01179971,98.3,73.8,5.63,0.247,2906,2.95,0.836,0.000713859,0.274,MVT
Laochangping,WB17-2-3,"Wang et al., 2021a",14483,4.33,0.027599749,147,69.1,6.85,8.65,2793,5.53,6.28,17.7,7.86,MVT
Laochangping,WB17-2-3,"Wang et al., 2021a",25056,23.1,0.010219386,1011,84.7,36,9.36,4095,0.245,1.67,48.5,8.93,MVT
Laochangping,WB17-2-3,"Wang et al., 2021a",25875,7.51,0.032110894,255,122,23.4,5.66,3563,2.32,0.981,15.5,3.13,MVT
Laochangping,WB17-2-3,"Wang et al., 2021a",63586,20.1,0.006576027,905,101,186,18.4,5382,0.559,0.89,27.8,16.8,MVT
Laochangping,WB17-2-1,"Wang et al., 2021a",71441,43.8,0.017267449,185,17,43.2,4.7,5273,0.083,0.283,10.2,9.91,MVT
Laochangping,WB17-2-1,"Wang et al., 2021a",86045,30.4,0.001614117,252,17.4,105,6.58,6378,10,0.526,19.5,1.27,MVT
Laochangping,WB17-2-1,"Wang et al., 2021a",64383,16.1,0.004867194,52.6,11.9,15.5,1.24,5897,0.03,0.095,1.49,0.677,MVT
Laochangping,WB17-2-1,"Wang et al., 2021a",35366,8.51,0.025710719,80.5,24.8,25,4.59,4546,0.481,1.53,16.3,7.72,MVT
Laochangping,WB17-2-1,"Wang et al., 2021a",25905,27.9,0.03144688,69.2,24.2,21.3,1.93,4790,0.883,0.779,4.13,1.14,MVT
Laochangping,WB17-2-1,"Wang et al., 2021a",47679,13.9,0.004764742,156,43.9,40.2,0.914,4681,0.019,0.659,1.65,0.591,MVT
Laochangping,WB17-2-1,"Wang et al., 2021a",31724,30.2,0.008234676,119,40.2,25.2,4.9,3332,0.048,0.498,13.61,6.94,MVT
Laochangping,WB17-2-1,"Wang et al., 2021a",54019,37.9,0.011509987,213,32.5,60.9,6.01,4637,3.16,3.61,12.68,8.3,MVT
Laochangping,WB17-3-2,"Wang et al., 2021a",1138,0.284,0.08,300,136,132,1.81,1888,0.239,1.09,0.003259674,8.55,MVT
Laochangping,WB17-3-2,"Wang et al., 2021a",1696,2.09,0.033811312,82.4,10.1,14.8,2.01,6296,0.001507296,0.644,0.179,118,MVT
Laochangping,WB17-3-2,"Wang et al., 2021a",1058,0.428,0.008659365,31.9,0.325,2.13,0.894,5526,0.001547479,0.097,0.0006239,33.8,MVT
Laochangping,WB17-3-2,"Wang et al., 2021a",2563,1.57,0.003755849,161,18.7,99.9,3.75,7098,0.012418224,0.333,0.019403154,85.9,MVT
Laochangping,WB17-3-2,"Wang et al., 2021a",3704,2.56,0.015080209,616,169,302,12.3,4723,0.012,0.498,0.019712086,54.6,MVT
Laochangping,WB17-3-2,"Wang et al., 2021a",4508,1.75,0.003258093,364,19.5,202,1.5,6287,0.018,1.15,0.458,60.3,MVT
Kaveltorp,kv99.1,"Cook et al., 2009",84034,28678,11.3,771,1.6,1.93,5.44,1618,4.3,0.95,0.17,11.9,VMS
Kaveltorp,kv99.1,"Cook et al., 2009",83749,29417,11.2,45.1,1.62,1.82,3.11,1706,4.32,0.38,0.06,5.93,VMS
Kaveltorp,kv99.1,"Cook et al., 2009",97424,29474,11.5,3743,2.97,2.05,6.51,1674,4.77,1.03,0.19,12,VMS
Kaveltorp,kv99.1,"Cook et al., 2009",96287,34816,11.3,3432,2.16,2.13,7.57,1702,5.32,0.94,0.22,15.3,VMS
Kaveltorp,kv99.1,"Cook et al., 2009",79809,27739,10.7,91.4,1.11,1.96,5.4,1603,4.05,0.025,0.17,13.2,VMS
Kaveltorp,kv99.1,"Cook et al., 2009",163123,29508,12,506,3.77,3.09,6.78,1585,4.31,1.03,0.35,16.2,VMS
Ocna de Fier,P43,"Cook et al., 2009",15937,2562,139,59.6,0.07,0.73,1.6,6126,0.1,0.06,0.02,3.2,Skarn
Ocna de Fier,P43,"Cook et al., 2009",18063,2917,150,17,0.64,0.75,1.6,6354,0.03,0.1,0.01,2.2,Skarn
Ocna de Fier,P43,"Cook et al., 2009",16959,2475,139,13.8,0.06,0.75,1.5,5890,0.12,0.08,0.005,1.2,Skarn
Ocna de Fier,P43,"Cook et al., 2009",17561,2446,157,4.6,0.08,0.72,1.5,6451,0.09,0.06,0.005,0.3,Skarn
Ocna de Fier,P43,"Cook et al., 2009",99262,3752,165,325,0.29,1.01,1.7,6137,0.11,0.08,0.26,8.4,Skarn
Ocna de Fier,P43,"Cook et al., 2009",17831,2961,147,16,0.3,0.83,1.6,6476,0.12,0.07,0.14,85,Skarn
Ocna de Fier,P43,"Cook et al., 2009",15505,2350,157,38.2,0.13,0.79,1.5,6009,0.15,0.05,0.05,20.1,Skarn
Ocna de Fier,P43,"Cook et al., 2009",16631,2667,158,7.4,0.13,0.78,1.6,6326,0.08,0.06,0.005,2.2,Skarn
Ocna de Fier,P43,"Cook et al., 2009",17143,2577,153,1080,0.08,0.74,1.9,6101,0.25,0.06,0.31,255,Skarn
Kamioka,Kam-1,"Cook et al., 2009",21553,1457,245,4.2,0.13,0.7,3.7,5504,1.37,0.09,0.005,28,Skarn
Kamioka,Kam-1,"Cook et al., 2009",21013,1450,232,3,0.17,0.86,2,5521,0.76,0.11,0.03,1.7,Skarn
Kamioka,Kam-1,"Cook et al., 2009",19912,1353,222,3.8,0.14,0.84,1.8,5334,1.01,0.2,0.09,2.1,Skarn
Kamioka,Kam-1,"Cook et al., 2009",20901,1440,233,2.8,0.06,0.84,2,5452,0.96,0.29,0.02,10.7,Skarn
Kamioka,Kam-1,"Cook et al., 2009",20973,1460,230,2.8,0.11,0.85,1.7,5447,0.99,0.09,0.005,0.22,Skarn
Kamioka,Kam-1,"Cook et al., 2009",20064,1340,231,3.5,0.14,0.86,4.1,5483,0.85,0.38,0.13,16.9,Skarn
Kamioka,Kam-1,"Cook et al., 2009",19480,1249,228,2.2,0.17,0.83,2.5,5366,0.78,0.1,0.005,70.9,Skarn
Larga,1,"Cook et al., 2009",106270,237,47,1907,4.19,1.15,18.8,6860,3003,115,0.005,0.4,Epithermal
Larga,1,"Cook et al., 2009",117115,292,18.1,1765,10.9,1.26,18.2,6752,1856,227,0.005,0.05,Epithermal
Larga,1,"Cook et al., 2009",111558,444,39.2,1421,8.12,1.58,7.88,6116,106,920,0.03,0.27,Epithermal
Larga,1,"Cook et al., 2009",98509,1755,89.9,514,9.21,1.2,4.95,4595,176,253,0.01,0.09,Epithermal
Larga,1,"Cook et al., 2009",100100,1228,147,400,4.21,1.25,3.21,4907,19,82.2,0.01,0.15,Epithermal
Larga,1,"Cook et al., 2009",100713,1083,161,1060,4.88,1.43,5.14,4991,34,377,0.04,0.54,Epithermal
Larga,1,"Cook et al., 2009",99363,1024,154,488,7.45,1.57,7.64,4811,17.3,262,2.68,2.36,Epithermal
Larga,1,"Cook et al., 2009",101360,931,146,1144,5.76,1.2,5.63,5450,140,263,0.53,3.37,Epithermal
Ramal Alianza,2019-MOR-039-SPA (slC1),"Benites et al., 2021",38214.63901,685.7565148,2.940146058,139.4616906,54.26322072,0.163979889,2.821613232,4103.34316,118.221287,23.84810323,0.06091347,0.498324083,Epithermal
Ramal Alianza,2019-MOR-039-SPA (slC1),"Benites et al., 2021",37448.64888,646.1313099,6.593163404,87.93602421,9.595009704,0.172446834,3.768379213,4087.389191,111.4353211,13.61313425,0.015834029,0.055151623,Epithermal
Ramal Alianza,2019-MOR-039-SPA (slC1),"Benites et al., 2021",42073.95506,807.7025106,2.382593053,494.6707692,40.9066319,0.281317326,4.01871119,4409.772409,334.2402697,298.8966742,0.152030657,0.681113594,Epithermal
Ramal Alianza,2019-MOR-039-SPA (slC1),"Benites et al., 2021",43660.41759,822.3840467,2.169885874,549.4910302,45.71160195,0.259410906,4.141622076,4316.314909,366.3113126,326.202069,0.014359147,0.261713591,Epithermal
Ramal Alianza,2019-MOR-039-SPA (slC1),"Benites et al., 2021",43893.49757,5487.361963,0.699698919,314.2888291,25.29506155,0.11408804,4.289940173,4864.483648,408.7624699,32.55324986,0.387466803,2.513133869,Epithermal
Ramal Alianza,2019-MOR-039-SPA (slC1),"Benites et al., 2021",43419.05267,3370.351622,1.498794197,171.2578835,14.21946287,0.104864283,7.488086668,4914.972741,220.5156019,1.459443788,1.28071835,8.978930454,Epithermal
Ramal Alianza,2019-MOR-039-SPA (slC1),"Benites et al., 2021",46868.23892,1152.839935,0.412658589,177.0818963,63.29379802,0.25982308,2.230698753,4688.235428,151.7029921,27.68265228,0.014269155,0.05462656,Epithermal
Ramal Alianza,2019-MOR-039-SPA (slC1),"Benites et al., 2021",40545.9672,1237.05132,0.779120396,237.4031302,86.38317916,0.356183596,11.74773381,4543.145037,174.191134,52.58195819,3.937876542,13.98237662,Epithermal
Ramal Alianza,2019-MOR-039-SPB (slC1),"Benites et al., 2021",26178.08521,440.9548044,7.724197896,778.5004635,58.34870764,0.063118066,5.582864101,3646.575899,463.0033642,320.7896034,0.013166993,0.005918019,Epithermal
Ramal Alianza,2019-MOR-039-SPB (slC1),"Benites et al., 2021",25184.92207,430.9498766,9.558261822,816.5825322,54.68463741,0.066407267,5.495706786,3621.304034,607.2305383,245.7633721,0.013778031,0.038435057,Epithermal
Ramal Alianza,2019-MOR-039-SPB (slC1),"Benites et al., 2021",45160.92494,1357.468918,0.29647313,158.9310037,26.97043948,0.064084448,4.309573777,4574.071515,177.9661561,4.959828606,0.078317603,1.627744035,Epithermal
Ramal Alianza,2019-MOR-039-SPB (slC1),"Benites et al., 2021",28075.09476,597.0240447,5.548838553,556.3936937,43.02970248,0.199655318,5.359983108,4016.678739,485.7297086,145.1386375,0.028877829,0.879069245,Epithermal
Ramal Alianza,2019-MOR-039-SPB (slC1),"Benites et al., 2021",26120.26206,1052.189458,10.12046637,801.1514552,36.46448187,0.06766386,6.532858408,3832.197162,656.7347144,239.2824391,0.505088739,0.804104574,Epithermal
Ramal Alianza,2019-MOR-039-SPB (slC1),"Benites et al., 2021",56941.14703,5477.625302,0.333331424,255.3479003,32.20462282,0.066919156,5.04819386,4534.172008,272.5703897,5.000766098,0.013898529,0.014421528,Epithermal
Ramal Alianza,2019-MOR-039-SPB (slC1),"Benites et al., 2021",55366.5207,5254.891019,0.282050522,219.2311751,32.09730856,0.188187712,4.545200188,4470.328758,256.9437861,4.468205027,0.013591869,0.019875236,Epithermal
Ramal Alianza,2019-MOR-039-SPB (slC1),"Benites et al., 2021",56404.03825,5603.255608,0.397606547,230.1378294,38.23869286,0.064482229,5.036077829,4531.926416,267.534595,4.36020036,0.01190355,0.006922327,Epithermal
Ramal Alianza,2019-MOR-039-SPB (slC1),"Benites et al., 2021",19701.69249,444.6769791,8.955756452,462.5877365,71.30364158,0.144618443,4.430502272,4461.072722,58.52660557,274.9457309,0.05450031,0.462079555,Epithermal
Ramal Alianza,2019-MOR-039-SPB (slC1),"Benites et al., 2021",24073.63759,1195.71767,9.343463053,275.1103521,14.72857918,0.069036895,4.794695608,3724.972188,121.6677137,5.358887884,0.202394214,21.17693459,Epithermal
Fengyan,19FY-280-4,"Xing et al., 2022",43506,3795,503,87.34,0.19,1.06,1.5,2011,65.49,1.55,0.175,3.49,Skarn
Fengyan,19FY-280-4,"Xing et al., 2022",37773,4023,479,109,0.06,0.94,1.28,2066,103.62,1.3,0.245,1.23,Skarn
Fengyan,19FY-280-4,"Xing et al., 2022",38565,4713,491,87.95,0.34,1.08,1.73,2032,64.23,1.94,0.18,9.89,Skarn
Fengyan,19FY-240-2,"Xing et al., 2022",36758,3002,474,102.9,0.49,0.91,3.28,2116,126,1.27,0.185,3.56,Skarn
Fengyan,19FY-240-2,"Xing et al., 2022",35953,2839,481,100.8,0.04,1.23,1.48,2108,127.14,1.52,0.185,0.51,Skarn
Fengyan,19FY-240-2,"Xing et al., 2022",35768,2886,477,81.11,0.76,0.96,1.63,2081,92.72,1.99,0.175,0.91,Skarn
Fengyan,19FY-240-2,"Xing et al., 2022",36437,3156,474,91.25,0.58,0.93,1.65,2270,105.81,1.3,0.19,0.79,Skarn
Fengyan,19FY-220-1,"Xing et al., 2022",48975,3364,503,137.1,0.32,1.51,0.91,2192,181.16,1.28,0.19,0.06,Skarn
Fengyan,19FY-220-1,"Xing et al., 2022",47837,3219,499,125.1,0.22,0.93,2.55,2103,164.61,1.03,0.17,4.63,Skarn
Fengyan,19FY-220-1,"Xing et al., 2022",43494,2572,495,112.4,0.31,0.99,3.78,2144,147.56,1.53,0.17,9.73,Skarn
Fengyan,19FY-220-3,"Xing et al., 2022",52403,3777,365,87.45,0.28,1.38,2.18,2380,113.36,1.23,0.145,2.43,Skarn
Fengyan,19FY-220-3,"Xing et al., 2022",53747,4157,359,93.65,0.21,1.8,1.06,2319,125.63,0.99,0.18,1.16,Skarn
Fengyan,19FY-220-3,"Xing et al., 2022",52777,3743,366,86.95,0.11,1.55,1.99,2244,117.36,1.08,0.145,5.48,Skarn
Fengyan,19FY-220-3,"Xing et al., 2022",55706,4216,357,85.87,0.33,1.57,0.85,2365,118.03,1.29,0.16,0.34,Skarn
Fengyan,19FY-220-3,"Xing et al., 2022",60955,4875,352,31.75,0.63,1.56,0.99,2612,39.1,1.42,0.165,0.62,Skarn
Fengyan,19FY-220-3,"Xing et al., 2022",54090,3886,348,84.67,0.2,1.17,1.8,2350,112.45,1.08,0.14,2.71,Skarn
Fengyan,19FY-220-3,"Xing et al., 2022",50685,3913,354,85.49,0.29,1.37,1.77,2427,113.86,1.4,0.145,2.05,Skarn
Fengyan,19FY-220-3,"Xing et al., 2022",51898,3851,342,82.23,0.42,1.35,1.2,2182,108.58,1.1,0.135,1.81,Skarn
Fengyan,19FY-200-15,"Xing et al., 2022",47134,3477,493,135.4,1.48,1.42,1.26,2259,178.34,1.2,0.17,0.4,Skarn
Fengyan,19FY-200-15,"Xing et al., 2022",42314,3327,474,127.5,0.45,1.04,0.85,2279,183.46,1,0.185,1.09,Skarn
Fengyan,19FY-200-15,"Xing et al., 2022",43530,3482,485,131.8,0.2,0.33,0.83,2253,186.97,0.68,0.175,0.32,Skarn
Fengyan,19FY-200-15,"Xing et al., 2022",38312,3016,464,126.7,0.44,0.34,0.94,2202,186.35,0.77,0.18,0.71,Skarn
Fengyan,19FY-200-15,"Xing et al., 2022",38497,3268,468,131.9,0.64,0.9,1.1,2262,189.17,0.68,0.175,1.43,Skarn
Fengyan,19FY-200-15,"Xing et al., 2022",36122,2900,422,132.2,0.4,0.79,2.54,2170,182.46,0.86,0.16,6.42,Skarn
Fengyan,19FY-280-4,"Xing et al., 2022",24259,2313,524,94.72,0.06,0.99,1.04,1877,100.28,1.17,0.185,1.67,Skarn
Fengyan,19FY-280-4,"Xing et al., 2022",21021,2087,514,94.85,0.05,0.9,1.25,1829,97.79,1.47,0.18,2.12,Skarn
Fengyan,19FY-280-4,"Xing et al., 2022",25127,2773,510,84.52,0.07,0.79,2.68,1832,88.93,1.49,0.24,44.43,Skarn
Fengyan,19FY-280-4,"Xing et al., 2022",28474,2957,513,80.49,0.29,1.11,1.92,2066,84.7,1.47,0.18,7.07,Skarn
Fengyan,19FY-280-4,"Xing et al., 2022",28713,2719,493,80.63,0.59,0.89,2.55,1952,84.6,2.17,0.185,7.46,Skarn
Fengyan,19FY-280-4,"Xing et al., 2022",15534,1610,499,78.83,0.23,0.63,2.23,1820,84.89,2.94,0.185,5.02,Skarn
Fengyan,19FY-280-4,"Xing et al., 2022",22915,2345,495,84.11,1.03,1.01,1.43,1819,88.9,1.15,0.21,8.22,Skarn
Fengyan,19FY-240-2,"Xing et al., 2022",32787,2408,528,131.8,0.04,0.77,4.08,2025,149.27,1.27,0.17,5.42,Skarn
Fengyan,19FY-240-2,"Xing et al., 2022",33287,2075,475,228.2,0.2,0.93,173.2,2026,150.57,4.1,0.17,9494,Skarn
Fengyan,19FY-240-2,"Xing et al., 2022",35952,2378,482,122.4,0.12,0.96,2.44,2083,128.12,1.22,0.17,2.67,Skarn
Fengyan,19FY-240-2,"Xing et al., 2022",35810,2686,473,106.7,0.18,0.69,1.89,2030,132.08,1.27,0.185,1.71,Skarn
Fengyan,19FY-240-2,"Xing et al., 2022",36055,2476,485,110.8,0.17,1.38,1.57,2076,132.98,1.57,0.17,0.63,Skarn
Fengyan,19FY-200-15,"Xing et al., 2022",33432,2704,428,135.6,1.11,1.01,1.25,2086,176.02,1.39,0.155,0.87,Skarn
Fengyan,19FY-200-15,"Xing et al., 2022",35429,2757,489,130.5,0.56,0.91,2.89,2084,181.24,0.82,0.17,2.76,Skarn
Fengyan,19FY-200-15,"Xing et al., 2022",35567,2529,476,162,6.74,2.25,2.18,2199,204.51,4.57,0.195,5.79,Skarn
Fengyan,19FY-200-15,"Xing et al., 2022",37658,2911,486,133.5,0.78,0.33,0.9,2202,178.07,0.88,0.18,0.38,Skarn
Qingshuitang,HQK1-4-a,"Liu et al., 2022",5304,5.36,4.14,48.6,24.2,2.04,5.62,4079,0.025967733,0.015660059,7.49,0.884,MVT
Qingshuitang,HQK1-4-a,"Liu et al., 2022",7992,7.86,5.8,18.8,4.6,0.3,3.19,7770,0.008118347,0.009543483,3.09,0.446,MVT
Qingshuitang,HQK1-4-a,"Liu et al., 2022",5636,5.24,4.44,20,11.2,0.973,0.762,4057,0.907,0.514,1.44,0.689,MVT
Qingshuitang,HQK1-4-a,"Liu et al., 2022",3609,1.96,1.43,30.8,2,0.000617488,7.36,3837,2.33,1.74,6.83,1.13,MVT
Qingshuitang,HQK1-4-a,"Liu et al., 2022",3661,1.93,0.94,162,35.2,14.8,15.4,3493,1.81,21.7,46.7,5.77,MVT
Qingshuitang,HQK1-4-b,"Liu et al., 2022",4795,4.93,16.3,60,44.8,2,0.705,5742,0.008,0.021038202,2.83,0.742,MVT
Qingshuitang,HQK1-4-b,"Liu et al., 2022",7575,6.92,3.56,12.1,2.11,0.003062286,3.93,4995,0.003221747,0.02289483,1.5,0.586,MVT
Qingshuitang,HQK1-4-b,"Liu et al., 2022",6055,5.47,4.45,537,386,24.5,2.41,3994,0.008,0.005723574,42.4,2.26,MVT
Qingshuitang,HQK1-4-b,"Liu et al., 2022",5906,5.54,4.98,37.9,19.8,1.61,0.964,4539,0.026418282,0.012734192,7.81,0.48,MVT
Qingshuitang,HQK1-4-b,"Liu et al., 2022",3563,1.77,0.541,261,93.1,21.9,5.8,3574,0.143,0.014355225,84.5,2.32,MVT
Qingshuitang,HQK3-2–1-a,"Liu et al., 2022",4862,3.28,1.73,534,106,69,16.4,3596,0.173,4.65,243,4.35,MVT
Qingshuitang,HQK3-2–1-a,"Liu et al., 2022",3635,1.96,0.542,244,81.6,29.6,3.78,3848,0.433,3.6,70.4,2.71,MVT
Qingshuitang,HQK3-2–1-a,"Liu et al., 2022",3937,2.29,1.33,66.4,19.3,7.61,2.75,4707,0.033,0.499,22.6,2.17,MVT
Qingshuitang,HQK3-2–1-a,"Liu et al., 2022",5044,2.66,2.77,15.3,3.3,0.324,1.38,6918,0.207,0.241,8.09,1.04,MVT
Qingshuitang,HQK3-2–1-a,"Liu et al., 2022",8195,9.57,4.59,100,24.5,6.03,3.68,8038,0.052,0.023403391,49.4,3.83,MVT
Qingshuitang,HQK3-2–1-b,"Liu et al., 2022",7248,8.72,4.7,96.7,28.9,3.31,3.63,8265,0.021063532,0.021690106,47.6,5.24,MVT
Qingshuitang,HQK3-2–1-b,"Liu et al., 2022",7056,8.41,4.32,55.5,13.2,3.08,2.71,7659,0.042,0.001940607,26.1,4.45,MVT
Qingshuitang,HQK3-2–1-b,"Liu et al., 2022",5177,2.88,0.915,15.4,1.29,0.0293786,0.882,6723,7.07,4.22,4.7,0.431,MVT
Qingshuitang,HQK3-2–1-b,"Liu et al., 2022",5591,4.66,3.64,67.7,15.3,8.28,1.05,4034,4.06,1.91,20.1,0.385,MVT
Qingshuitang,HQK3-2–1-b,"Liu et al., 2022",3344,4.78,4.12,574,31.4,2.5,4.12,4863,650,45.2,41.4,5.89,MVT
Qingshuitang,HQK4-3-a,"Liu et al., 2022",3916,4.51,9.78,1265,293,55.9,34.4,5508,0.057,0.013141282,696,28.1,MVT
Qingshuitang,HQK4-3-a,"Liu et al., 2022",5337,5.63,6.68,26.2,8.26,0.012986846,2.51,8302,0.014470725,0.007406264,3.34,1.55,MVT
Qingshuitang,HQK4-3-a,"Liu et al., 2022",4285,4.29,3.35,1098,239,56.3,52.4,5031,0.343,2.23,636,24.5,MVT
Qingshuitang,HQK4-3-a,"Liu et al., 2022",4590,5.16,11.3,352,181,32,8.36,5828,0.016096651,0.010119178,70.2,3.91,MVT
Qingshuitang,HQK4-3-a,"Liu et al., 2022",4951,5.18,6.45,48.6,31.6,2.49,0.682,6509,0.162,0.541,1.2,0.285,MVT
Qingshuitang,HQK4-3-b,"Liu et al., 2022",3753,3.9,9.4,212,138,10.5,1.93,5174,1.81,5.19,23.2,1.53,MVT
Qingshuitang,HQK4-3-b,"Liu et al., 2022",5355,7.5,10.5,51,3.17,0.018710503,15.1,9800,2.75,4.78,11.6,3.97,MVT
Qingshuitang,HQK4-3-b,"Liu et al., 2022",4715,5.46,11.4,94.9,7.22,1.71,14.8,7469,0.013270265,0.017045252,37.2,4.82,MVT
Qingshuitang,HQK4-3-b,"Liu et al., 2022",4965,4.73,7.52,321,219,11.5,23,5063,0.43,0.608,10.9,8.57,MVT
Qingshuitang,HQK4-3-b,"Liu et al., 2022",4931,4.72,5.18,249,187,12.2,3.48,5562,0.064,0.291,18.3,2.59,MVT
Maoping,M7,"Yang et al., 2022",22240,23.96,0.005,2.66,0.52,0.18,3.62,1420,0.22,0.015,0.05,0.72,MVT
Maoping,M7,"Yang et al., 2022",11180,58.84,0.005,6.03,0.27,0.94,6.56,2228,0.005,0.04,2.31,0.24,MVT
Maoping,M7,"Yang et al., 2022",13210,38.74,0.005,6.06,0.18,0.29,9.51,1725,0.02,0.05,0.16,0.95,MVT
Maoping,M7,"Yang et al., 2022",19750,39.94,0.01,13.79,1.81,1.22,20.05,1942,0.66,0.05,0.12,14.85,MVT
Maoping,M7,"Yang et al., 2022",19050,55.66,0.005,7.9,0.29,2.35,8.01,2181,0.03,0.21,1.56,0.27,MVT
Maoping,M7,"Yang et al., 2022",14880,39.89,0.005,8.99,0.55,0.73,14.7,2146,0.01,0.09,1.01,6.6,MVT
Maoping,M7,"Yang et al., 2022",17920,29.09,0.01,70.4,1.03,0.76,15.24,1976,0.04,0.12,2.18,9.69,MVT
Maoping,M7,"Yang et al., 2022",19080,23.96,0.08,23.9,0.73,6.3,14.31,1458,5.28,0.42,2.29,10.67,MVT
Maoping,M7,"Yang et al., 2022",13460,46.69,0.005,4.7,0.23,0.085,7.18,2043,0.01,0.015,0.15,3.93,MVT
Maoping,M7,"Yang et al., 2022",13860,37.7,0.005,4.56,0.89,0.68,3.53,1520,0.34,0.08,0.39,1.13,MVT
Maoping,M7,"Yang et al., 2022",6790,32.14,0.01,436,5.89,27.3,479,2133,13.55,1.65,18.92,216,MVT
Maoping,M7,"Yang et al., 2022",12110,42.78,0.005,15.13,0.61,1.84,20.4,1907,0.02,0.25,3.2,18.8,MVT
Maoping,M8,"Yang et al., 2022",23370,23.33,0.01,3.67,0.36,0.075,4.97,1912,0.01,0.02,0.015,0.28,MVT
Maoping,M8,"Yang et al., 2022",2523,6.32,0.01,2826,7.45,144.1,2699,4237,0.27,0.6,109.2,736,MVT
Maoping,M8,"Yang et al., 2022",13070,40.78,0.005,6.3,0.66,1.28,5.28,2007,0.005,0.12,2.19,1.3,MVT
Maoping,M8,"Yang et al., 2022",13440,39.28,0.01,26.1,0.52,2.81,12.9,2052,0.01,0.26,4.95,14.1,MVT
Maoping,M8,"Yang et al., 2022",20270,23.67,0.005,6.29,0.53,0.74,7.63,1465,0.3,0.02,1.64,1.72,MVT
Maoping,M8,"Yang et al., 2022",48300,24.01,0.55,10.31,0.52,1.19,12.16,1723,0.04,0.08,15.3,54,MVT
Maoping,M8,"Yang et al., 2022",29990,25.33,0.005,3.1,0.42,0.33,4.76,1535,0.01,0.04,0.06,3.13,MVT
Maoping,M8,"Yang et al., 2022",16400,26.18,0.005,9.5,0.4,2.69,7.98,1787,0.18,0.21,1.57,4.41,MVT
Maoping,M8,"Yang et al., 2022",14630,17.28,0.005,27.6,1.4,2,14.8,1441,0.58,0.08,3.56,8.81,MVT
Maoping,M8,"Yang et al., 2022",14530,59.28,0.005,21.75,0.71,1.49,27.2,2196,0.02,0.21,4.08,31.5,MVT
Maoping,M8,"Yang et al., 2022",3408,205.4,0.01,7.58,1.02,1.09,9.63,3131,0.18,0.3,0.41,0.3,MVT
Maoping,M8,"Yang et al., 2022",3142,252.7,0.01,19.48,1.74,5.35,12.76,3318,0.05,1.38,0.74,0.25,MVT
Maoping,M9,"Yang et al., 2022",16930,21.17,0.01,9.21,0.24,0.62,17.62,1471,0.68,0.015,0.07,12.11,MVT
Maoping,M9,"Yang et al., 2022",11360,16.16,0.005,11.93,1.02,0.09,29.7,1572,0.74,0.35,1.38,5.84,MVT
Maoping,M9,"Yang et al., 2022",77100,64.3,0.01,296,0.21,167.5,50.4,3355,0.005,0.07,2.59,0.23,MVT
Maoping,M9,"Yang et al., 2022",68780,52.29,0.005,319,1.25,162.5,28.91,3606,0.01,1.55,17.7,0.46,MVT
Maoping,M9,"Yang et al., 2022",67990,60.32,0.01,15.07,0.27,7.6,14.4,4414,0.01,0.03,0.88,0.78,MVT
Maoping,M9,"Yang et al., 2022",76100,61.1,0.01,386.1,1.21,199.3,38.41,3949,0.005,0.57,23.53,0.38,MVT
Maoping,M9,"Yang et al., 2022",88270,72.68,0.005,177.7,0.08,96.5,16.46,4433,0.005,0.015,0.98,0.07,MVT
Maoping,M9,"Yang et al., 2022",79840,63.64,0.01,335.2,0.18,166.8,23.17,3277,0.005,0.1,3.6,0.13,MVT
Maoping,M9,"Yang et al., 2022",84100,68.89,0.005,67.7,0.06,42.88,22.98,3827,0.005,0.015,0.43,4.8,MVT
Maoping,M9,"Yang et al., 2022",78800,67.1,0.005,8.32,0.03,5.01,8.82,3908,0.005,0.04,0.015,1.45,MVT
Maoping,M9,"Yang et al., 2022",42210,52.4,0.005,254,0.51,126.4,24.59,2993,0.02,0.52,2.92,2.71,MVT
Maoping,M9,"Yang et al., 2022",45290,48.98,0.005,732.7,1.36,371.3,73.3,2903,0.005,0.95,16.86,6.07,MVT
Maoping,M9,"Yang et al., 2022",46190,53.73,0.005,75.2,0.21,21.62,30.7,2938,0.005,0.08,11.84,8.44,MVT
Maoping,M9,"Yang et al., 2022",63330,63.9,0.005,494,0.63,52.3,132.6,4732,0.005,0.15,6.06,115.2,MVT
Maoping,M9,"Yang et al., 2022",33360,38.49,0.01,95.5,6.91,36.2,30.68,2119,0.65,15.26,4.54,2.34,MVT
Maoping,M2,"Yang et al., 2022",28810,25.58,0.07,32.8,1.87,13.8,12.48,1802,1.09,0.2,0.59,0.88,MVT
Maoping,M2,"Yang et al., 2022",13840,15.36,0.005,29.59,6.5,3.11,7.02,1479,7.58,7.16,0.59,0.25,MVT
Maoping,M2,"Yang et al., 2022",15800,61.5,0.03,606,5.55,398,46.6,3080,0.12,0.5,109.3,27.6,MVT
Maoping,M2,"Yang et al., 2022",21500,41.6,0.07,278,0.19,214,44.4,2298,0.17,0.05,13.1,7.74,MVT
Maoping,M2,"Yang et al., 2022",8540,75.9,0.03,1057,6.75,651,114.4,2638,1.22,0.95,101.3,129.9,MVT
Maoping,M2,"Yang et al., 2022",10850,35.35,0.015,360,5.39,216.7,55,2129,9.08,6.29,182.5,42.7,MVT
Maoping,M2,"Yang et al., 2022",1437,26.04,0.02,408.2,20.16,192.9,30.9,1895,24.34,3.01,6.76,8.53,MVT
Maoping,M2,"Yang et al., 2022",3208,17.28,0.02,528,25.53,252,59,2170,6.63,6.78,41.1,7.6,MVT
Maoping,M2,"Yang et al., 2022",3169,19.75,0.045,461,17.52,151.1,20.14,1571,38.8,128,8.3,0.48,MVT
Maoping,M2,"Yang et al., 2022",2601,19.87,0.02,670.7,29.87,336,18.97,1585,19.95,9.17,19.36,2.03,MVT
Maoping,M2,"Yang et al., 2022",2352,31.86,0.025,67.3,11.25,20.5,24.24,1978,4.93,0.16,6.09,2.25,MVT
Maoping,M2,"Yang et al., 2022",19260,23.1,0.02,39,0.54,19.7,19.94,1167,0.17,0.51,2.31,10.09,MVT
Maoping,M2,"Yang et al., 2022",19120,34.88,0.02,113.8,2.67,62.2,15.09,1191,0.63,0.05,1.05,2.49,MVT
Maoping,M2,"Yang et al., 2022",18640,45.4,0.03,164,0.71,96,15.7,1434,0.54,0.14,17.5,3.24,MVT
Maoping,M5,"Yang et al., 2022",22420,19.1,0.02,48.4,4.28,16.31,36.2,1361,30.12,2.25,0.09,8.29,MVT
Maoping,M5,"Yang et al., 2022",21920,17.36,0.02,122,3.88,4.56,56.1,1406,230.8,6.5,6.12,48.4,MVT
Maoping,M5,"Yang et al., 2022",21770,18.16,0.025,170.3,8.17,53,111.2,1429,174.2,21.4,25.3,143.3,MVT
Maoping,M5,"Yang et al., 2022",20340,17.42,0.01,158.2,5.69,14.99,41.6,1314,248.5,11.02,0.98,1.28,MVT
Maoping,M5,"Yang et al., 2022",20390,16.75,0.035,126,3.71,4.31,32.49,1274,209.1,3.85,0.58,15.58,MVT
Maoping,M5,"Yang et al., 2022",22330,17.97,0.035,93.4,6.51,48.3,59.5,1359,15.24,12.12,3.23,17.05,MVT
Maoping,M5,"Yang et al., 2022",21650,17.92,0.03,149.5,4.12,5.43,32.7,1358,19.6,3.27,3.81,54.1,MVT
Maoping,M5,"Yang et al., 2022",22180,18.91,0.025,50.5,4.71,3.33,27.2,1441,75.44,3.41,0.035,7.08,MVT
Maoping,M5,"Yang et al., 2022",19460,16.8,0.025,42.3,4.29,3.34,22.8,1276,52.3,3.09,0.2,17.9,MVT
Maoping,M5,"Yang et al., 2022",20820,18.26,0.02,29.6,5.33,2.76,17.76,1453,30.8,2.4,0.04,19.03,MVT
Maoping,M5,"Yang et al., 2022",24240,19.65,0.025,54.5,4.76,11.9,34.8,1483,43.17,7.16,2.57,43.4,MVT
Maoping,M5,"Yang et al., 2022",22470,17.83,0.02,307.7,19.01,142.7,41.3,1312,2.8,55.6,1.53,0.05,MVT
Maoping,M5,"Yang et al., 2022",23370,18.58,0.02,19.05,3.04,4.7,23.57,1416,2.32,3.32,0.1,0.53,MVT
Maoping,M5,"Yang et al., 2022",23250,19.54,0.025,202.7,10.44,88.1,23.4,1377,1.53,32.9,0.99,5.63,MVT
Maoping,M5,"Yang et al., 2022",17030,13.88,0.02,7.82,0.81,1.22,7.04,1220,2.35,0.3,0.03,0.84,MVT
Maoping,M5,"Yang et al., 2022",16870,18.09,0.025,16.98,2.8,1.79,14.06,1174,9.31,0.29,2.01,4.63,MVT
Maoping,M6,"Yang et al., 2022",23340,20.34,0.035,96.5,6.03,39.2,10.95,1328,14.51,9.81,1.21,2.87,MVT
Maoping,M6,"Yang et al., 2022",25500,22.67,0.015,69,3.48,4.92,19.72,1678,82.38,2.41,4.08,38.5,MVT
Maoping,M6,"Yang et al., 2022",25430,23.32,0.03,65,6.56,14.4,7.11,1682,19.39,7.48,8.94,3.81,MVT
Maoping,M6,"Yang et al., 2022",25010,24.43,0.03,210,4.68,34,43.4,1437,4.73,8.4,13.85,88.1,MVT
Maoping,M6,"Yang et al., 2022",6340,24.01,0.01,217,5.35,12.5,87,1294,11.6,2.77,5.1,52.4,MVT
Maoping,M6,"Yang et al., 2022",34100,26.07,0.025,215.6,1.79,95.2,23.2,1433,1.26,4.39,18.3,42,MVT
Maoping,M6,"Yang et al., 2022",26780,26.07,0.025,527,1.89,40.5,16,1453,3.66,1.86,3.75,9.42,MVT
Maoping,M6,"Yang et al., 2022",19920,16.78,0.02,12.12,1.59,0.32,12,1212,11.91,0.04,0.49,3.96,MVT
Maoping,M6,"Yang et al., 2022",25360,22.2,0.1,109,2.12,35.7,21.81,1197,2.16,2.48,2.65,16.81,MVT
Maoping,M6,"Yang et al., 2022",24760,19.42,0.03,26.9,4.15,3.78,21.17,1295,23.75,3.01,0.76,6.54,MVT
Maoping,M6,"Yang et al., 2022",38780,36.11,0.035,98,1.84,54.7,25.4,1769,0.85,5.8,14.7,3.28,MVT
Maoping,M6,"Yang et al., 2022",24650,20.88,0.04,105.7,1.93,51.9,40.5,1324,2.24,1.52,6.55,107,MVT
Maoping,M6,"Yang et al., 2022",24150,22.76,0.035,136.9,5.13,64.8,29.07,1326,6.55,11.2,13.1,17.45,MVT
Maoping,M6,"Yang et al., 2022",28450,26.21,0.04,40.2,1.93,20,11.3,1390,0.37,1.87,5,6.36,MVT
Maoping,M6,"Yang et al., 2022",25100,21.32,0.025,28.1,3.79,6.94,17.32,1362,5.13,2.68,4.85,20.68,MVT
Maoping,M6,"Yang et al., 2022",24910,21.29,0.03,29.8,3.64,4.34,26.13,1428,6.4,2.89,6.16,54,MVT
Maoping,M12,"Yang et al., 2022",11590,13.99,0.025,15.1,2.62,0.54,16.17,1407,1.29,6.1,2.29,2.34,MVT
Maoping,M12,"Yang et al., 2022",18240,34.21,0.015,131,5.01,71.1,24,1176,7.47,2.6,2.95,12.1,MVT
Maoping,M12,"Yang et al., 2022",16120,27.99,0.04,65.5,2.93,34.1,18.82,1027,1.44,5.27,4.45,0.88,MVT
Maoping,M12,"Yang et al., 2022",19160,29.14,0.03,582.5,7.44,317.7,54.7,1078,4.48,15,41.8,6.27,MVT
Maoping,M12,"Yang et al., 2022",26050,42.74,0.015,111.2,0.33,66.6,34.4,1458,0.06,0.22,0.12,0.05,MVT
Maoping,M12,"Yang et al., 2022",29100,31.31,0.025,13.79,0.45,4.09,14.01,1579,0.05,0.03,0.86,19.4,MVT
Maoping,M12,"Yang et al., 2022",24960,26.51,0.02,15.12,0.29,5.64,14.02,1178,0.03,0.03,0.03,0.68,MVT
Maoping,M12,"Yang et al., 2022",25410,25.91,0.04,675,1.04,384,63.4,1266,0.06,0.94,22.4,77.9,MVT
Maoping,M12,"Yang et al., 2022",23640,26.04,0.02,460.5,1.28,275.6,41.9,1249,0.01,0.76,3.4,4.2,MVT
Maoping,M12,"Yang et al., 2022",17300,25.15,0.015,45,0.91,16.5,27.1,1333,0.33,0.39,1.23,22,MVT
Maoping,M12,"Yang et al., 2022",21830,22.97,0.025,248,0.69,138,30.8,1300,1.32,0.43,6.56,66.2,MVT
Maoping,M12,"Yang et al., 2022",21960,26.93,0.025,480,2.7,288,53.8,1296,0.14,2.96,5.52,40.1,MVT
Maoping,M12,"Yang et al., 2022",22470,26.1,0.03,17,0.85,6.94,10.08,1242,1.39,0.38,0.08,1.05,MVT
Maoping,M12,"Yang et al., 2022",23720,29.54,0.035,49.3,2.38,24.5,15.48,1237,5.92,1.09,4.57,62.2,MVT
Tianqiao,TQ-2-1S,"Yang et al., 2022",4412,180.9,0.005,127.6,31.07,38.2,15.53,3388,0.97,0.5,12.42,6.76,MVT
Tianqiao,TQ-2-1S,"Yang et al., 2022",4431,109.8,0.005,268.8,48.15,226.9,126.9,2684,1.82,3.82,30.65,20.77,MVT
Tianqiao,TQ-2-1S,"Yang et al., 2022",3052,138.7,0.005,31.31,0.46,268.6,140.4,2534,0.04,0.11,0.45,2.31,MVT
Tianqiao,TQ-2-1S,"Yang et al., 2022",2938,638,0.01,6.39,0.005,2.26,277,2701,0.015,0.05,0.02,8.83,MVT
Tianqiao,TQ-2-1S,"Yang et al., 2022",2169,259,0.005,8.92,0.05,98.8,108.6,2584,0.01,0.04,0.91,6.89,MVT
Tianqiao,TQ-2-1S,"Yang et al., 2022",2040,3.13,0.01,5.31,2.19,0.421,4.45,1702,0.84,0.35,0.23,1.75,MVT
Tianqiao,TQ-2-1S,"Yang et al., 2022",1876,206.1,0.005,0.69,0.03,87.4,24.78,1897,0.01,0.02,0.05,0.89,MVT
Tianqiao,TQ-2-1S,"Yang et al., 2022",1801,274.2,0.005,180.9,5.24,94.5,38.89,2045,0.29,2.98,0.62,9.1,MVT
Tianqiao,TQ-2-1S,"Yang et al., 2022",1220,399,0.005,41.5,0.31,20.8,13.2,1386,0.03,0.05,0.01,0.16,MVT
Tianqiao,TQ-2-1S,"Yang et al., 2022",1033,449.6,0.005,43.55,0.08,25.14,8.36,1223,0.01,0.04,0.07,1.62,MVT
Tianqiao,TQ-2-1S,"Yang et al., 2022",565,698,0.005,2.58,0.005,67.88,60.2,1258,0.01,0.03,0.015,2.79,MVT
Tianqiao,TQ-2-1S,"Yang et al., 2022",7975,107.5,0.005,320.3,95.2,155.9,13.91,1781,3.84,2.69,2.25,2.12,MVT
Tianqiao,TQ-2-1S,"Yang et al., 2022",318.8,99.8,0.005,123.1,1.75,125.8,59.1,2364,0.01,0.01,1.17,2.29,MVT
Tianqiao,TQ-2-1S,"Yang et al., 2022",233.6,177.2,0.005,9.02,0.99,1.68,10.07,3634,0.06,1.13,0.13,4.32,MVT
Tianqiao,TQ-2-1S,"Yang et al., 2022",183.9,115.3,0.005,357.3,0.5,161.7,33.11,1911,0.01,0.03,1.72,8.17,MVT
Tianqiao,TQ-2-1S,"Yang et al., 2022",375,168.2,0.005,128.9,20.68,50.7,19.74,1537,0.93,3.63,0.59,6.95,MVT
Tianqiao,TQ-5-1,"Yang et al., 2022",803,39.84,0.005,476.9,42.3,202.3,6.74,1215,1.19,0.39,1.94,1.3,MVT
Tianqiao,TQ-5-1,"Yang et al., 2022",39620,130.7,0.005,41.5,0.03,20.9,3.78,2053,0.01,0.03,0.02,0.68,MVT
Tianqiao,TQ-5-1,"Yang et al., 2022",38690,114.2,0.005,306.3,0.29,157.3,8.96,1924,0.01,0.08,0.78,1.83,MVT
Tianqiao,TQ-5-1,"Yang et al., 2022",8490,130,0.005,146.2,2.44,67.3,3.74,1305,0.05,0.24,0.015,0.05,MVT
Tianqiao,TQ-5-1,"Yang et al., 2022",33080,125.1,0.005,5.79,0.005,2.73,1.27,1401,0.005,0.015,0.015,0.01,MVT
Tianqiao,TQ-5-1,"Yang et al., 2022",27190,169.3,0.005,69.8,0.04,35.62,2.72,1266,0.01,0.01,0.02,0.02,MVT
Tianqiao,TQ-5-1,"Yang et al., 2022",39600,136.5,0.01,1.6,0.01,0.31,0.98,1947,0.015,0.03,0.025,0.02,MVT
Tianqiao,TQ-5-1,"Yang et al., 2022",36970,102.2,0.005,245.9,0.16,125.9,6,1668,0.01,0.015,0.02,0.05,MVT
Tianqiao,TQ-5-1,"Yang et al., 2022",33690,107.6,0.005,97,0.22,45.9,4.86,1959,0.015,0.04,0.02,0.01,MVT
Tianqiao,TQ-5-1,"Yang et al., 2022",22750,21.56,0.005,191,5.36,89.4,10.37,1385,0.21,0.5,0.37,2.26,MVT
Tianqiao,TQ-5-1,"Yang et al., 2022",4802,232.8,0.01,73.67,0.05,36.86,2.29,1509,0.01,0.03,1.77,1.49,MVT
Tianqiao,TQ-5-1,"Yang et al., 2022",7058,371.8,0.005,274,101.4,73.8,84.5,1288,45.99,2.2,0.04,14.16,MVT
Tianqiao,TQ-5-1,"Yang et al., 2022",25790,105,0.005,310.3,98.5,95.3,11.45,1823,12.91,1.25,0.27,0.26,MVT
Tianqiao,TQ-5-1,"Yang et al., 2022",6408,253.5,0.005,59.16,0.03,27.53,1.52,1596,0.01,0.01,4.67,3.86,MVT
Yadu,YD-2B,"Yang et al., 2022",1242,144.3,0.005,316.5,83.3,51,20.12,1617,47.5,62.8,0.92,9.59,MVT
Yadu,YD-2B,"Yang et al., 2022",57.1,312.5,0.005,1091,431,112,67.7,2390,54.55,15.58,5.09,32.36,MVT
Yadu,YD-2B,"Yang et al., 2022",117.7,178,0.005,596.1,109.1,104.3,45.3,1820,18.31,12.8,38.7,18.64,MVT
Yadu,YD-2B,"Yang et al., 2022",169.7,215.5,0.005,86.2,61.16,2.14,1.02,1770,19.62,0.95,0.5,0.29,MVT
Yadu,YD-2B,"Yang et al., 2022",1958,108.4,0.015,166.5,62.8,20.94,18.81,1547,44.07,23.88,0.46,1.77,MVT
Yadu,YD-2B,"Yang et al., 2022",49.9,337.5,0.005,781.8,290.5,117.5,49.45,2944,54.5,9.5,1.31,12.3,MVT
Yadu,YD-2B,"Yang et al., 2022",228,120.1,0.005,308.4,44.5,103.3,0.93,1655,3.14,0.41,0.34,0.69,MVT
Yadu,YD-2B,"Yang et al., 2022",1430,139.5,0.005,172.8,47.2,16.97,8.44,1567,29.5,57.99,0.26,4.85,MVT
Yadu,YD-2B,"Yang et al., 2022",2912,115.8,0.01,349.8,49.82,126.7,16.15,1557,26.62,1.06,0.63,5.57,MVT
Yadu,YD-2B,"Yang et al., 2022",485,111.6,0.01,521.9,213.8,67.9,47.85,2088,11.53,5.86,0.79,3.42,MVT
Yadu,YD-2B,"Yang et al., 2022",1461,242.5,0.005,476,185.2,61.8,32.58,1753,48.5,5.88,18.56,25.1,MVT
Yadu,YD-2B,"Yang et al., 2022",274.4,166.8,0.01,149.8,45.96,34.9,22,1593,10.73,2.47,1.22,9.83,MVT
Yadu,YD-2B,"Yang et al., 2022",2650,109.3,0.005,137.8,50.04,10.87,16.88,1480,53.8,22.62,0.23,15.04,MVT
Yadu,YD-2B,"Yang et al., 2022",2561,103.16,0.005,159.2,60.3,14.05,19.91,1510,42.2,15.1,0.55,10.72,MVT
Yadu,YD-2B,"Yang et al., 2022",763,127.1,0.005,222.5,68.3,46.45,17.12,1624,15.26,19.03,0.52,14.7,MVT
Yadu,YD-2B,"Yang et al., 2022",58.3,244.9,0.005,859,201,144.4,41.9,2474,23.3,1.49,1.51,19.4,MVT
Yadu,YD-2B,"Yang et al., 2022",49.3,320.3,0.01,713,309.4,78.4,41.7,2431,27.74,5.61,1.57,25.33,MVT
Yadu,YD-2B,"Yang et al., 2022",971,242.7,0.01,694,82.1,73.3,59.1,2297,34,2.05,9.74,46.8,MVT
Yadu,YD-2B,"Yang et al., 2022",2333,93.5,0.01,78.6,27.4,7.44,8.79,1470,22.6,12.91,0.025,2.11,MVT
Yadu,YD-2B,"Yang et al., 2022",8000,60.79,0.005,285.3,95.2,18.22,14.51,1538,134.6,37.38,0.35,18.33,MVT
Yadu,YD-2B,"Yang et al., 2022",57.2,298.3,0.005,725,288.9,74.1,45.8,2207,39.49,12.61,3.93,19.16,MVT
Yadu,YD-2B,"Yang et al., 2022",3960,112.9,0.005,75.5,24.87,8.05,7.76,1644,16.69,5.7,1.04,5.88,MVT
Yadu,YD-2B,"Yang et al., 2022",2204,177.7,0.005,357.5,64.94,110.5,7.24,1666,19.07,25.38,0.51,1.57,MVT
Yadu,YD-2B,"Yang et al., 2022",384,176.5,0.005,455.3,56.32,163.5,9.71,1934,19.01,21.99,1.05,4.54,MVT
Yadu,YD-2B,"Yang et al., 2022",48.7,320,0.005,990,384.1,108.2,60.9,2559,35.41,8.66,2.62,26.22,MVT
Yadu,YD-3,"Yang et al., 2022",2338,94.65,0.005,299.4,64.32,66.8,0.79,1501,110.5,11.73,0.55,0.91,MVT
Yadu,YD-3,"Yang et al., 2022",102.8,196.4,0.005,413,66.5,56.7,26.4,2009,11.8,4.49,27,23.9,MVT
Yadu,YD-3,"Yang et al., 2022",91.2,173,0.005,322.5,117.5,25.61,16.27,1929,44.4,9.81,17.33,12.03,MVT
Yadu,YD-3,"Yang et al., 2022",666,195.4,0.005,183.7,57.4,32.9,2.06,1576,52.8,12.81,1.08,0.97,MVT
Yadu,YD-3,"Yang et al., 2022",94.1,200.8,0.01,219,55.38,27.5,12.9,1911,10.96,5.57,13.8,7.67,MVT
Yadu,YD-3,"Yang et al., 2022",2991,85.7,0.01,269.1,56.6,62.9,1.4,1539,85.3,6.6,0.43,5.41,MVT
Yadu,YD-3,"Yang et al., 2022",51.5,278.8,0.005,1566,315.3,123.1,174.6,2802,46.06,4.64,6.38,67.22,MVT
Yadu,YD-3,"Yang et al., 2022",2539,91.9,0.01,268.3,42.35,58.1,1.2,1538,47.2,54,1.23,1.47,MVT
Yadu,YD-3,"Yang et al., 2022",2935,88.1,0.01,276,57.7,69.2,1.08,1541,78.3,6.95,0.43,1.8,MVT
Yadu,YD-3,"Yang et al., 2022",418,100.2,0.005,313.7,52.4,73.2,3.54,1761,8.11,3.86,0.28,4.26,MVT
Yadu,YD-3,"Yang et al., 2022",69.4,213,0.005,462.7,128.6,43.89,31.1,2007,23.88,15.19,17.1,17.51,MVT
Yadu,YD-3,"Yang et al., 2022",3480,106.6,0.01,95.7,34.12,21.54,1.47,1565,2.34,0.6,0.3,6.36,MVT
Yadu,YD-3,"Yang et al., 2022",234.8,204,0.005,162.2,42.24,25.61,5.98,1843,13.72,12.09,7.99,3.87,MVT
Yadu,YD-3,"Yang et al., 2022",501,233.6,0.005,296.3,100.9,38.6,7.99,2297,17.25,4.99,0.43,3.33,MVT
Yadu,YD-3,"Yang et al., 2022",3763,101.8,0.005,127.2,25.22,42.9,0.41,1518,0.95,0.24,0.14,0.41,MVT
Yadu,YD-3,"Yang et al., 2022",7610,60.8,0.005,298.1,91.5,51.8,1.67,1392,96.5,11.98,0.13,0.87,MVT
Yadu,YD-3B,"Yang et al., 2022",72.4,188.3,0.005,342,60.34,42.6,24.93,2171,17.28,29,21.98,18.75,MVT
Yadu,YD-3B,"Yang et al., 2022",297.9,118.4,0.01,185.6,69.6,4.6,3.18,2101,137.6,5.89,0.36,5.61,MVT
Yadu,YD-3B,"Yang et al., 2022",384.9,120.7,0.005,136.8,52.93,1.93,2.59,2040,111.6,1.76,0.08,3.77,MVT
Yadu,YD-3B,"Yang et al., 2022",104.4,128.7,0.005,454.8,24.87,80.7,19.22,3212,29.04,2.14,0.5,29.47,MVT
Yadu,YD-3B,"Yang et al., 2022",299.5,114.1,0.005,547,68.9,160.5,8.78,2659,75.4,23.1,1.16,9.1,MVT
Yadu,YD-3B,"Yang et al., 2022",776,98.9,0.005,176.4,3.49,64.8,2.9,3543,0.5,0.07,0.63,5.32,MVT
Yadu,YD-3B,"Yang et al., 2022",1831,119,0.01,241.3,41.49,84.2,1.51,1866,3.61,13.29,0.49,2.58,MVT
Yadu,YD-3B,"Yang et al., 2022",4740,101.1,0.005,351.3,41.4,144.4,0.81,1827,1.46,4.22,0.41,0.1,MVT
Yadu,YD-3B,"Yang et al., 2022",842,96.8,0.005,1369,32.84,481,13.05,1895,3.95,2.7,2.47,39.9,MVT
Yadu,YD-3B,"Yang et al., 2022",1133,107.3,0.005,90,4.5,27.9,2.85,3954,0.41,0.09,0.61,5.41,MVT
Yadu,YD-3B,"Yang et al., 2022",1342,124.6,0.005,550,59.4,136.6,2.93,2496,18.7,22.8,1.76,4.94,MVT
Yadu,YD-3B,"Yang et al., 2022",179,137,0.005,837,90.2,180.6,16.22,2688,24.55,16.12,0.77,15,MVT
Yadu,YD-3B,"Yang et al., 2022",58.3,161,0.005,677,179.2,129.6,10.72,2684,6.2,2.84,7.74,5.47,MVT
Yadu,YD-3B,"Yang et al., 2022",156,127,0.005,807,48.6,243.7,8.8,2621,17.42,15.22,0.54,4.99,MVT
Yadu,YD-3B,"Yang et al., 2022",155.2,104.6,0.005,769.6,82.6,158.8,15.8,3032,25.03,12.38,0.59,12.44,MVT
Yadu,YD-3B,"Yang et al., 2022",165.1,118.7,0.005,956.4,42.66,376.4,1.6,1736,12.7,33.89,0.39,0.94,MVT
Yadu,YD-3B,"Yang et al., 2022",272.5,152.3,0.005,87.7,31.33,7.66,0.9,2134,18.12,21.56,0.22,0.12,MVT
Yadu,YD-3B,"Yang et al., 2022",4163,99.8,0.005,176.7,47,59.23,0.55,1991,2.98,0.1,0.1,0.15,MVT
Yadu,YD-3B,"Yang et al., 2022",3738,60.11,0.005,67.12,45.1,3.44,1.99,1632,3.72,5.84,0.07,1.26,MVT
Yadu,YD-3B,"Yang et al., 2022",3445,113.9,0.005,318.6,46.83,123.9,2.53,2030,0.92,1.89,0.63,2.44,MVT
Yadu,YD-3B,"Yang et al., 2022",4061,84.3,0.01,337.1,28.86,138.9,3.1,1819,4.59,2.98,0.78,5.42,MVT
Yadu,YD-3B,"Yang et al., 2022",4840,86.4,0.005,339.5,34,138.4,0.9,1784,2.66,7,0.34,0.55,MVT
Yadu,YD-3B,"Yang et al., 2022",2602,107.8,0.005,145.5,40.76,43.2,1.09,2053,11.29,5.06,0.67,0.15,MVT
Yadu,YD-3B,"Yang et al., 2022",3887,111,0.005,92,20.27,34.7,0.52,1863,0.46,0.3,0.04,0.05,MVT
Shaojiwan,SJW-7,"Yang et al., 2022",21100,23.5,0.005,108,28.42,29.9,4.93,1862,1.63,9.33,12.8,4.65,MVT
Shaojiwan,SJW-7,"Yang et al., 2022",18050,37.9,0.005,48.3,14.3,1.7,0.87,2491,1,0.76,0.05,0.1,MVT
Shaojiwan,SJW-7,"Yang et al., 2022",16830,50.9,0.01,62.9,41.4,14.91,3.5,1813,2.68,4.27,4.28,5,MVT
Shaojiwan,SJW-7,"Yang et al., 2022",26580,129,0.005,131.5,5.33,1257,405.2,2153,0.18,0.5,42.2,59.1,MVT
Shaojiwan,SJW-7,"Yang et al., 2022",25210,29.77,0.005,48.8,9.2,3.05,1.63,2378,0.29,1.24,0.19,0.51,MVT
Shaojiwan,SJW-7,"Yang et al., 2022",26440,22.86,0.005,9.7,4.24,0.72,0.6,2267,0.16,0.27,1.04,1.76,MVT
Shaojiwan,SJW-7,"Yang et al., 2022",26840,32.2,0.01,114.6,17.36,70.3,24,2402,0.46,2.6,4.94,6.85,MVT
Shaojiwan,SJW-7,"Yang et al., 2022",22550,22.68,0.01,71.9,15,54.2,12.39,2038,0.36,0.64,3.77,4.16,MVT
Shaojiwan,SJW-7,"Yang et al., 2022",24970,21.6,0.005,74,51.4,4.04,0.75,2207,0.96,3.03,1.22,1.42,MVT
Shaojiwan,SJW-7,"Yang et al., 2022",38300,75.9,0.01,49,13,752,101.1,2590,0.83,6.15,92.8,106.2,MVT
Shaojiwan,SJW-7,"Yang et al., 2022",27270,20.98,0.005,131.9,88.9,10.9,0.75,2232,0.71,7.19,0.04,0.03,MVT
Shaojiwan,SJW-7,"Yang et al., 2022",20920,17.88,0.01,57.4,46.6,11,3.84,1714,0.91,1.43,0.88,0.99,MVT
Shaojiwan,SJW-7,"Yang et al., 2022",18040,17.33,0.01,15.91,13.19,0.28,0.37,1504,0.34,0.01,0.02,0.03,MVT
Shaojiwan,SJW-7,"Yang et al., 2022",21010,17.96,0.005,23.6,19.82,0.38,0.34,1711,0.58,0.48,0.11,0.06,MVT
Shaojiwan,SJW-7,"Yang et al., 2022",21110,21.04,0.01,4.53,3.68,1.82,0.71,1925,0.09,0.11,1.6,3.8,MVT
Shaojiwan,SJW-7,"Yang et al., 2022",21590,30.09,0.005,91.3,25,90.9,40,1825,0.39,0.48,3.56,5.65,MVT
Shaojiwan,SJW-7,"Yang et al., 2022",24030,23.46,0.005,16.68,14.08,0.52,0.45,1980,0.29,0.65,0.015,0.22,MVT
Shaojiwan,SJW-19S,"Yang et al., 2022",19230,219.2,0.01,5.25,5.19,80.6,80.1,1482,0.005,0.03,1.08,1.85,MVT
Shaojiwan,SJW-19S,"Yang et al., 2022",30900,173.1,0.01,13.43,4.26,119.4,71.9,1562,0.005,0.02,3.2,6.73,MVT
Shaojiwan,SJW-19S,"Yang et al., 2022",37860,166.1,0.01,4.96,0.09,103.5,43.3,1844,0.005,0.015,4.13,5.61,MVT
Shaojiwan,SJW-19S,"Yang et al., 2022",20930,153.9,0.005,75.1,64.7,36.5,29.4,1258,0.25,0.39,0.21,0.41,MVT
Shaojiwan,SJW-19S,"Yang et al., 2022",44310,158.4,0.005,5.74,0.02,134.8,47.22,1936,0.005,0.02,5.45,9.37,MVT
Shaojiwan,SJW-19S,"Yang et al., 2022",25630,177.8,0.01,8.33,7.27,147.1,99.9,1405,0.01,0.025,1.85,3.17,MVT
Shaojiwan,SJW-19S,"Yang et al., 2022",41290,163.3,0.01,2.47,0.23,56.7,21.5,1942,0.005,0.015,2.13,3.23,MVT
Shaojiwan,SJW-19S,"Yang et al., 2022",39810,161.5,0.005,4.91,0.09,76.8,25.6,1979,0.005,0.015,3.87,6.62,MVT
Shaojiwan,SJW-19S,"Yang et al., 2022",29570,158.6,0.01,13.2,1.82,107.8,53.7,1589,0.005,0.05,2.33,4.72,MVT
Shaojiwan,SJW-19S,"Yang et al., 2022",21280,129.6,0.005,86.5,49.2,99.2,72.2,1201,0.26,0.37,0.25,0.56,MVT
Shaojiwan,SJW-19S,"Yang et al., 2022",17570,195.4,0.01,14.18,7.4,100.9,99.9,1300,0.01,0.01,0.69,1.23,MVT
Shaojiwan,SJW-19S,"Yang et al., 2022",25900,183.6,0.01,108,97.3,34,37.5,1311,0.36,0.55,1.56,5.87,MVT
Shaojiwan,SJW-19S,"Yang et al., 2022",22940,172.6,0.01,12.61,11.73,137.4,121.6,1330,0.01,0.07,1.23,1.97,MVT
Shaojiwan,SJW-19S,"Yang et al., 2022",20920,123.8,0.005,73,46.7,50.8,25.3,1235,0.18,0.39,0.37,0.83,MVT
Shaojiwan,SJW-19S,"Yang et al., 2022",31320,183,0.005,24.4,14.5,26.8,22.5,1497,0.04,0.15,0.16,0.34,MVT
Shaojiwan,SJW-19S,"Yang et al., 2022",31200,196.3,0.005,51.8,38.5,52.5,52.1,1459,0.08,0.81,1.01,2.76,MVT
Shaojiwan,SJW-19S,"Yang et al., 2022",43140,135.8,0.005,6.33,0.01,110.8,46,1871,0.005,0.04,4.5,8.34,MVT
Qingshan,QS-4,"Yang et al., 2022",6930,14.59,0.015,0.14,0.015,144.4,16.67,12210,0.005,0.02,96.7,111.8,MVT
Qingshan,QS-4,"Yang et al., 2022",7208,39.77,0.015,0.245,0.015,61.8,10.78,11320,0.005,0.02,44.61,77.2,MVT
Qingshan,QS-4,"Yang et al., 2022",7130,20.71,0.015,0.51,0.015,136.9,13.52,11580,0.005,0.015,101.1,118.6,MVT
Qingshan,QS-4,"Yang et al., 2022",6802,25.11,0.01,0.205,0.01,75.7,8.93,13070,0.005,0.015,43.4,78.8,MVT
Qingshan,QS-4,"Yang et al., 2022",8990,10.41,0.01,0.22,0.01,343.8,28.14,12090,0.005,0.015,194.3,198.9,MVT
Qingshan,QS-4,"Yang et al., 2022",9730,10.16,0.015,0.16,0.005,192,10.5,13140,0.005,0.02,76,99,MVT
Qingshan,QS-4,"Yang et al., 2022",8640,17.14,0.005,0.33,0.01,262,16.65,11250,0.005,0.01,200.2,197.1,MVT
Qingshan,QS-4,"Yang et al., 2022",7005,35.1,0.005,0.135,0.005,70.5,8.37,10440,0.005,0.01,41.45,79.8,MVT
Qingshan,QS-4,"Yang et al., 2022",11630,12.65,0.01,0.15,0.005,433.6,17.98,11480,0.005,0.015,233.4,221,MVT
Qingshan,QS-4,"Yang et al., 2022",6800,27.6,0.01,0.145,0.01,89.5,13.89,13520,0.005,0.015,80.7,99.4,MVT
Qingshan,QS-4,"Yang et al., 2022",7980,14.2,0.005,0.165,0.01,238.8,27.73,10950,0.005,0.01,194.5,179.7,MVT
Qingshan,QS-4,"Yang et al., 2022",7750,21.49,0.005,0.41,0.01,274,31.02,11640,0.005,0.01,317.6,276.5,MVT
Qingshan,QS-4,"Yang et al., 2022",9770,12.99,0.025,0.235,0.015,351.7,36.3,12700,0.005,0.01,291,267.3,MVT
Qingshan,QS-4,"Yang et al., 2022",5710,17,0.005,0.145,0.005,107.7,23.59,9060,0.005,0.03,60.7,83.2,MVT
Qingshan,QS-4,"Yang et al., 2022",10050,18.66,0.01,0.2,0.03,49.9,2.99,9380,0.005,0.05,5.56,26.04,MVT
Qingshan,QS-6,"Yang et al., 2022",11160,15.83,0.01,0.145,0.03,77.5,2.58,8950,0.005,0.015,4.6,28.91,MVT
Qingshan,QS-6,"Yang et al., 2022",15880,19.06,0.015,0.115,0.06,356,43.3,10440,0.005,0.02,37,72.4,MVT
Qingshan,QS-6,"Yang et al., 2022",4319,8.05,0.005,0.27,0.015,18.83,37.59,4493,0.005,0.015,0.87,4.85,MVT
Qingshan,QS-6,"Yang et al., 2022",19480,20.87,0.01,0.12,0.03,589,43.08,1930,0.005,0.005,40.27,54.8,MVT
Qingshan,QS-6,"Yang et al., 2022",12480,13.13,0.005,0.135,0.47,47.48,23.29,10480,0.005,0.05,0.75,80,MVT
Qingshan,QS-6,"Yang et al., 2022",11460,13,0.005,0.76,0.71,571.5,316.1,8690,0.005,0.015,86,66.3,MVT
Qingshan,QS-6,"Yang et al., 2022",10010,10.36,0.005,0.33,0.39,596.8,373,7860,0.005,0.015,112.3,74.9,MVT
Qingshan,QS-6,"Yang et al., 2022",10480,11.12,0.005,0.78,0.8,510.4,336.5,8620,0.005,0.01,95.7,93,MVT
Qingshan,QS-6,"Yang et al., 2022",12130,16.11,0.01,0.53,0.91,20.78,21,10550,0.005,0.03,0.88,2.49,MVT
Qingshan,QS-6,"Yang et al., 2022",10750,11.07,0.005,1.81,0.28,574.8,519.1,8720,0.005,0.02,72.1,58.44,MVT
Qingshan,QS-6,"Yang et al., 2022",11910,12.11,0.01,3.12,3.06,468.9,357.3,7890,0.005,0.07,75.6,89.5,MVT
Qingshan,QS-6,"Yang et al., 2022",9690,14.73,0.015,0.9,1.2,51,41,3210,0.01,0.015,9.3,11.4,MVT
Qingshan,QS-6,"Yang et al., 2022",12750,19.07,0.01,0.28,0.19,38.7,13.68,10650,0.005,0.025,6.76,18.43,MVT
Qingshan,QS-6,"Yang et al., 2022",11090,17.8,0.01,0.09,0.08,17.77,8.77,11190,0.005,0.025,0.47,2.18,MVT
Shanshulin,SSL1600-2,"Yang et al., 2022",5480,8.65,0.06,74.7,0.42,280.9,540,1099,0.005,0.04,4.47,2.29,MVT
Shanshulin,SSL1600-2,"Yang et al., 2022",3600,10.5,0.02,27.7,1.55,44.5,68,1020,0.005,0.03,0.24,2.68,MVT
Shanshulin,SSL1600-2,"Yang et al., 2022",4261,14.56,0.03,108.2,0.6,210.5,341.5,951,0.005,0.13,2.22,5.15,MVT
Shanshulin,SSL1600-2,"Yang et al., 2022",23500,34.2,0.005,4.76,1.59,328,345,777,0.03,0.32,0.13,74.7,MVT
Shanshulin,SSL1600-2,"Yang et al., 2022",11410,33.8,0.005,40.6,3.14,367,476,1499,0.05,0.21,1.06,20,MVT
Shanshulin,SSL1600-2,"Yang et al., 2022",1513,1.163,0.1,57.74,0.72,75.4,82.7,3542,0.1,0.63,13.15,13.2,MVT
Shanshulin,SSL1600-2,"Yang et al., 2022",8240,73.2,0.06,51.98,0.61,85.3,76.9,2166,0.005,0.015,0.34,2.62,MVT
Shanshulin,SSL1600-2,"Yang et al., 2022",11860,16.07,0.01,28.3,2.87,307,308.7,1716,0.06,0.28,0.01,24.92,MVT
Shanshulin,SSL1600-2,"Yang et al., 2022",17180,44.36,0.005,36.3,2.16,413.9,38.2,1056,0.14,0.41,28.1,216.8,MVT
Shanshulin,SSL1600-2,"Yang et al., 2022",20600,33.71,0.005,20.88,1.67,529,318.2,1124,0.06,0.28,8.19,27.1,MVT
Shanshulin,SSL1600-2,"Yang et al., 2022",2085,3.87,0.01,8.59,3.44,8.77,14.7,1170,0.18,0.85,1.62,5.63,MVT
Shanshulin,SSL1480-11B,"Yang et al., 2022",29160,78.4,0.01,5.71,0.24,262.9,345.6,1843,0.005,0.06,3.26,69.7,MVT
Shanshulin,SSL1480-11B,"Yang et al., 2022",15190,22.72,0.005,12.78,0.68,167.9,134,3379,0.005,0.05,2.25,10.93,MVT
Shanshulin,SSL1480-11B,"Yang et al., 2022",13120,16.06,0.01,12.49,5.51,95.8,156.4,3836,0.01,0.14,1.4,4.63,MVT
Shanshulin,SSL1480-11B,"Yang et al., 2022",17120,95.8,0.01,0.81,0.01,221.6,462,3388,0.005,0.015,4.25,37.2,MVT
Shanshulin,SSL1480-11B,"Yang et al., 2022",9030,8.55,0.01,39.3,2.72,634.8,1331,1364,0.005,0.01,0.31,6.54,MVT
Shanshulin,SSL1480-11B,"Yang et al., 2022",24780,82.6,0.005,3.05,0.2,299.7,367.7,1482,0.005,0.015,1.02,50.3,MVT
Shanshulin,SSL1480-11B,"Yang et al., 2022",9590,9.53,0.005,4.3,0.38,186.6,356.9,1733,0.005,0.03,2.66,12.05,MVT
Shanshulin,SSL1480-11B,"Yang et al., 2022",7930,6.88,0.005,42.39,3.92,575,1077,1254,0.005,0.04,0.4,10.32,MVT
Shanshulin,SSL1480-11B,"Yang et al., 2022",23690,79.7,0.01,10,0.07,385.3,477,1538,0.005,0.04,1.57,56.7,MVT
Shanshulin,SSL1480-11B,"Yang et al., 2022",20390,94.4,0.005,12.29,0.37,415,463,1691,0.005,0.11,2.92,106.7,MVT
Shanshulin,SSL1480-11B,"Yang et al., 2022",28200,100.1,0.005,0.66,0.15,309.1,489,1789,0.005,0.03,4.5,126.6,MVT
Shanshulin,SSL1480-11B,"Yang et al., 2022",19910,85.6,0.005,0.481,0.01,175.1,151.8,3191,0.005,0.015,0.54,4.65,MVT
Shanshulin,SSL1480-11B,"Yang et al., 2022",10960,15.97,0.005,22.5,1.56,525,1069,1716,0.005,0.02,0.32,17.17,MVT
Shanshulin,SSL1480-11B,"Yang et al., 2022",18860,14.02,0.005,0.26,0.01,99.5,48.3,4239,0.005,0.03,0.04,0.07,MVT
Shanshulin,SSL1480-11B,"Yang et al., 2022",7539,6.57,0.005,31.05,0.01,80.3,165,2554,0.005,0.015,0.8,3,MVT
Shanshulin,SSL1480-11B,"Yang et al., 2022",11510,53.6,0.005,6.53,0.07,328.7,720,1602,0.005,0.1,7.75,28.33,MVT
Shanshulin,SSL1480-11B,"Yang et al., 2022",5519,18.45,0.01,26.03,11.01,42.8,76.3,1161,0.02,0.79,0.44,0.34,MVT
Shanshulin,SSL1480-11B,"Yang et al., 2022",12190,56.37,0.01,5.57,0.54,231.7,476.4,2350,0.005,0.03,4.66,25.86,MVT
Shanshulin,SSL1480-11B,"Yang et al., 2022",12030,17.3,0.01,3.53,0.37,383,796,1904,0.005,0.04,2.12,5.49,MVT
Shanshulin,SSL1480-11B,"Yang et al., 2022",6950,5.8,0.005,0.68,0.02,92.5,192.4,2917,0.005,0.015,2.52,5.15,MVT
Shanshulin,SSL1480-11B,"Yang et al., 2022",6177,3.99,0.01,9.18,0.005,218.2,432.7,1445,0.005,0.02,0.64,4.64,MVT
Shanshulin,SSL1480-11B,"Yang et al., 2022",21730,83,0.005,2.27,0.02,145.6,111,2955,0.005,0.02,0.7,1.66,MVT
Shanshulin,SSL1480-11B,"Yang et al., 2022",9010,5.68,0.005,3.97,0.01,152.8,222,2661,0.005,0.015,0.75,2.04,MVT
Shanshulin,SSL1480-11B,"Yang et al., 2022",10630,14.1,0.005,1.53,0.05,575.4,1069,1297,0.005,0.015,0.07,17.13,MVT
Shanshulin,SSL1480-11B,"Yang et al., 2022",8580,7.66,0.005,0.89,0.02,102,137,3247,0.005,0.02,0.85,1.05,MVT
Shanshulin,SSL1480-11B,"Yang et al., 2022",13230,55.22,0.005,9,0.15,267.4,581,1382,0.005,0.03,2.47,13.64,MVT
Shanshulin,SSL1480-11B,"Yang et al., 2022",36690,145.3,0.005,0.33,0.17,250.4,384.2,2118,0.005,0.02,0.015,130.3,MVT
Shanshulin,SSL1480-11B,"Yang et al., 2022",8210,9.46,0.01,5.06,1.14,123,231,1330,0.01,0.08,0.57,3.86,MVT
Shanshulin,SSL1480-11B,"Yang et al., 2022",14760,35.41,0.005,2.32,0.05,5.67,134.3,1264,0.005,0.02,0.65,23.8,MVT
Shanshulin,SSL1600-4,"Yang et al., 2022",18040,44.51,0.005,0.66,1.63,149.7,16.49,1218,0.005,0.015,0.01,17.66,MVT
Shanshulin,SSL1600-4,"Yang et al., 2022",3306,3.01,0.005,0.6,0.45,78.9,106.2,1971,0.005,0.015,0.015,10.6,MVT
Shanshulin,SSL1600-4,"Yang et al., 2022",2948,2.77,0.005,0.57,1.17,52.1,81.9,2326,0.005,0.02,0.015,4.27,MVT
Shanshulin,SSL1600-4,"Yang et al., 2022",5667,5.74,0.005,0.87,0.06,113.3,52,1516,0.005,0.015,0.015,7.92,MVT
Shanshulin,SSL1600-4,"Yang et al., 2022",5412,6.01,0.03,3.55,0.4,253.2,330.1,1046,0.005,0.04,0.015,11.76,MVT
Shanshulin,SSL1600-4,"Yang et al., 2022",4686,5.3,0.05,9.21,0.01,85.5,154.7,1608,0.005,0.04,0.08,10.59,MVT
Shanshulin,SSL1600-4,"Yang et al., 2022",11080,14.83,0.01,0.91,3,273.5,21.62,442,0.005,0.02,0.01,11.51,MVT
Shanshulin,SSL1600-4,"Yang et al., 2022",13420,18.67,0.005,5.38,22.97,390.1,136.4,669,0.005,0.14,0.01,22.6,MVT
Shanshulin,SSL1600-4,"Yang et al., 2022",12900,22.26,0.03,0.16,0.01,131.6,2.65,841,0.005,0.04,0.01,17.85,MVT
Shanshulin,SSL1600-4,"Yang et al., 2022",11250,45.2,0.005,0.44,0.04,319.6,111.7,1475,0.005,0.015,1.16,38.73,MVT
Shanshulin,SSL1600-4,"Yang et al., 2022",9980,17.18,0.01,0.17,0.05,577,73.4,1148,0.005,0.04,0.025,43.12,MVT
Shanshulin,SSL1600-4,"Yang et al., 2022",10720,9.09,0.005,194,15.2,175.5,12.05,623.9,7.8,1.89,5.55,15.11,MVT
Shanshulin,SSL1600-4,"Yang et al., 2022",4345,459.6,0.005,3.4,0.06,251,34.92,1780,0.01,0.04,0.49,305,MVT
Shanshulin,SSL1600-4,"Yang et al., 2022",7302,16.24,0.01,0.07,0.03,510.8,246.4,1045,0.005,0.02,0.03,22.44,MVT
Shanshulin,SSL1600-4,"Yang et al., 2022",8020,10.34,0.005,0.33,0.07,219.8,24.98,904.5,0.005,0.015,0.22,18.63,MVT
Shanshulin,SSL1600-4,"Yang et al., 2022",13400,22.76,0.03,1.43,0.17,103.4,17.11,1310,0.04,0.01,1.36,20.83,MVT
Huangshasping,HSP-9,"Chu et al., 2022",99846.81619,1115.240034,0.461717714,71.73712696,5.960323568,1.979352953,15.56262332,3075.476639,54.8421979,1.279929839,0.511944469,7.692587574,Skarn
Huangshasping,HSP-9,"Chu et al., 2022",121397.7013,1315.85707,0.545113764,850.8589845,5.177273207,2.73717871,21.50689564,3260.445979,121.8475355,197.2907432,2.461069258,10.85720587,Skarn
Huangshasping,HSP-9,"Chu et al., 2022",110880.4917,1285.168825,0.373836525,174.5951491,8.765420476,1.654429787,11.33446524,3728.381141,92.62445453,8.750845549,0.571170237,4.819024021,Skarn
Huangshasping,HSP-9,"Chu et al., 2022",129431.7424,1538.716001,0.322578708,421.2454792,5.097257084,2.165287142,17.59864127,3586.126473,77.15606901,1.900803154,0.092,5.136844984,Skarn
Huangshasping,HSP-9,"Chu et al., 2022",109759.284,1475.792149,0.490544407,85.68352583,8.211418874,1.402434701,11.31473621,3125.54424,86.99834164,5.873879735,0.255047977,6.166169102,Skarn
Huangshasping,HSP-9,"Chu et al., 2022",123781.5776,1612.258144,0.543576471,54.72651617,5.976226397,2.907159384,7.694961949,3089.249837,43.95889752,0.385700719,0.049,2.021986415,Skarn
Huangshasping,HSP-9,"Chu et al., 2022",114174.16,1478.295887,0.521094622,186.4047996,14.19720131,2.737495395,14.23566107,3186.941189,111.9220756,82.83610455,0.200549819,1.612654827,Skarn
Huangshasping,HSP-9,"Chu et al., 2022",122577.5935,1452.257498,0.456352193,445.6241936,7.222937276,2.377558823,16.68346152,3524.13981,55.80631892,27.62508168,2.50099209,62.38803523,Skarn
Huangshasping,HSP-9,"Chu et al., 2022",113927.5402,1452.13488,0.519340463,63.3179259,13.73768799,3.452776486,10.40522435,2985.325819,18.84213462,23.71276459,0.767379531,9.899331829,Skarn
Huangshasping,HSP-9,"Chu et al., 2022",123505.035,1570.171521,0.593613061,111.604952,7.965067697,3.090094814,16.16692797,3019.53004,52.28364582,5.226660778,1.293018215,11.88221272,Skarn
Huangshasping,HSP-9,"Chu et al., 2022",121427.5448,1314.391026,0.548191537,183.2887623,7.588976124,2.360012729,21.18577335,3231.761527,66.27862472,30.89710659,3.602933462,23.51519528,Skarn
Huangshasping,HSP-9,"Chu et al., 2022",116357.118,1353.810164,0.49538403,198.6865556,6.603444303,2.894149417,23.12873966,3156.476359,26.47342345,105.8036485,3.141239645,10.46288463,Skarn
Huangshasping,HSP-9,"Chu et al., 2022",120693.2772,1329.298691,0.341962505,1115.860249,21.66948072,2.651791463,24.14142447,3104.605927,37.7830524,888.3462549,1.270356541,18.94448527,Skarn
Huangshasping,HSP-9,"Chu et al., 2022",118747.2214,1429.589394,0.358888824,109.8015756,12.64446977,2.406993355,9.209986731,2950.445595,102.5589633,0.676622817,0.141984759,3.405552645,Skarn
Huangshasping,HSP-9,"Chu et al., 2022",115502.8378,1758.545694,0.415869021,112.8944233,9.765648812,1.641532251,8.046161045,3582.994953,52.72877082,9.768803746,0.754874484,7.216755545,Skarn
Huangshasping,HSP-9,"Chu et al., 2022",117543.43,1626.641762,0.431417458,106.9515846,3.813846276,2.450951464,13.04395921,3035.950447,139.6603886,3.982667183,0.619162707,6.364748234,Skarn
Huangshasping,HSP-9,"Chu et al., 2022",107362.5943,1249.953348,0.366594274,76.24095958,13.11847718,2.80650651,13.9328182,2498.819118,74.33504795,18.34744286,0.586875288,5.3422221,Skarn
Huangshasping,HSP-9,"Chu et al., 2022",102351.8715,1008.675982,0.350662956,450.0375615,15.99860625,2.71860261,27.12389723,3264.279556,117.9728624,32.01690744,5.261580075,26.13494582,Skarn
Huangshasping,HSP-9,"Chu et al., 2022",87640.97911,1045.867703,0.333756856,57.49465332,7.959677765,3.296055611,13.28012209,2913.316263,65.07508991,1.550131913,0.172464789,5.31905537,Skarn
Huangshasping,HSP-9,"Chu et al., 2022",122819.4075,1380.306887,0.492205009,207.0662497,4.949371512,3.429081253,13.40253013,3360.119761,153.770376,0.505093778,0.116685435,6.218437225,Skarn
Huangshasping,HSP-9,"Chu et al., 2022",116669.9534,1211.681097,0.620392953,174.8082298,4.952615621,2.724267874,16.0711139,3162.79651,186.79041,1.678279909,0.590041947,7.038419764,Skarn
Huangshasping,HSP-11,"Chu et al., 2022",131764.7628,1738.633295,0.386379613,1644.883238,10.33929576,2.809951401,192.5498713,2810.559582,0.786074611,32.89135614,6.134958026,374.0527847,Skarn
Huangshasping,HSP-11,"Chu et al., 2022",97998.6661,369.8740953,0.342712495,1184.875689,2.978347793,2.183348424,322.2380243,2647.036424,6.996177343,123.3055981,27.63495019,1685.142516,Skarn
Huangshasping,HSP-11,"Chu et al., 2022",130225.3651,1698.918758,0.25943959,1457.906013,3.139355047,2.289330621,124.059736,2589.728524,0.187992602,9.210583714,0.697379486,83.75045745,Skarn
Huangshasping,HSP-11,"Chu et al., 2022",114209.0395,901.5050862,0.258624432,691.3725039,30.62712009,2.418560337,58.57412336,2495.36791,3.932021859,6.128097776,1.064653553,88.80239225,Skarn
Huangshasping,HSP-11,"Chu et al., 2022",135647.2274,1307.558711,0.232196543,615.8449829,4.442171768,4.012256642,79.0358556,2434.613555,1.071702835,18.71961635,1.730553757,153.2601687,Skarn
Huangshasping,HSP-11,"Chu et al., 2022",132835.318,1279.143424,0.363576994,111.6660156,10.25983572,3.639221167,74.63316043,2575.938861,3.457488704,11.11223873,1.584756225,354.3681088,Skarn
Huangshasping,HSP-10,"Chu et al., 2022",113197.1475,1386.841786,0.615541134,108.8133543,9.975222706,2.854995045,11.4480754,2908.33894,67.75043252,2.708484747,0.291887571,3.109212686,Skarn
Huangshasping,HSP-10,"Chu et al., 2022",112722.9109,1352.065803,0.585843765,87.36147395,15.64579291,2.60385256,12.62457744,2665.127975,13.59224601,0.860509622,0.144779222,7.589979085,Skarn
Huangshasping,HSP-10,"Chu et al., 2022",127108.564,1682.665367,0.639986268,537.8579711,8.895204242,2.933485616,30.26987668,2542.65161,10.3648417,5.128893785,2.695611249,42.3647764,Skarn
Huangshasping,HSP-10,"Chu et al., 2022",124538.892,1620.368356,0.596835081,185.7193745,11.44731925,2.631445885,29.65660653,2476.945635,10.87512874,7.401058219,6.255263151,40.79986903,Skarn
Huangshasping,HSP-10,"Chu et al., 2022",122427.5567,1529.307292,0.800443407,90.87045393,15.99340573,2.586387103,17.70086656,2650.388736,7.416945667,17.65150134,0.0355,1.805618621,Skarn
Huangshasping,HSP-10,"Chu et al., 2022",124651.2525,1694.736276,0.558008966,2157.598801,13.97513824,2.463477103,37.74778807,2479.432446,10.1741018,33.82859404,4.285008068,25.49357873,Skarn
Huangshasping,HSP-10,"Chu et al., 2022",123736.4462,1655.894291,0.58791254,1278.896505,8.964584647,2.23861195,43.67438465,2520.887382,36.6080195,7.14777189,1.600139031,73.81491379,Skarn
Huangshasping,HSP-10,"Chu et al., 2022",126484.2334,1626.571665,0.74102675,1563.454293,15.72378092,2.666336008,59.57232691,2463.996392,30.11424575,574.2723657,1.838178928,150.0486678,Skarn
Huangshasping,HSP-12,"Chu et al., 2022",128940.0359,1283.892917,0.410865691,219.4059449,4.953044809,2.904023312,15.63859212,2830.001912,25.78251887,1.639700286,1.668592327,19.48222573,Skarn
Huangshasping,HSP-12,"Chu et al., 2022",128503.2718,1407.074385,0.467935432,1536.866637,10.03941115,2.532611919,24.102656,2844.186739,24.88138322,25.90030746,1.150337443,36.6107557,Skarn
Huangshasping,HSP-12,"Chu et al., 2022",124125.0749,1135.734673,0.483755031,1928.004259,7.786328763,1.60977657,67.64700987,2981.084934,19.92521394,70.82642924,2.020268928,148.4127771,Skarn
Huangshasping,HSP-12,"Chu et al., 2022",130017.3559,973.9385222,0.501738418,248.7213722,2.492909499,2.270835285,20.75808691,2892.103248,12.89717726,3.914494609,1.774452553,22.66450816,Skarn
Huangshasping,HSP-12,"Chu et al., 2022",123685.5714,1218.935555,0.563473218,98.96098649,7.953282136,2.639177587,26.86109014,2732.730581,60.45660735,18.51981389,0.24038521,7.479336646,Skarn
Huangshasping,HSP-12,"Chu et al., 2022",129607.239,1347.230064,0.454658897,147.8547663,5.601012054,2.747406023,19.00081204,2772.574436,24.50575039,4.675917771,5.020063368,16.23151035,Skarn
Huangshasping,HSP-12,"Chu et al., 2022",128877.2201,1239.244054,0.481874803,112.1972141,5.642599542,3.104273033,17.69452416,2507.617535,38.40025246,10.92537287,2.481569927,11.2878437,Skarn
Huangshasping,HSP-8,"Chu et al., 2022",122761.4809,1372.590905,0.817671261,559.6203031,6.437705522,2.653202532,20.69791429,3088.076155,36.69091927,11.54271647,0.904620826,7.653101435,Skarn
Huangshasping,HSP-8,"Chu et al., 2022",112395.1865,1399.669819,0.67486397,4517.935541,11.8601175,2.1338162,104.9252877,3148.618974,78.51241709,1336.78868,13.80211076,451.0225593,Skarn
Huangshasping,HSP-8,"Chu et al., 2022",114558.2664,1266.621767,0.893524866,182.1674693,7.066990318,2.67661331,16.722076,3205.891166,156.9539423,5.09163044,0.067,2.462690438,Skarn
Huangshasping,HSP-8,"Chu et al., 2022",113049.7219,1381.285775,0.794847203,2037.736386,8.167654636,2.425107151,55.39119595,3182.796867,79.2633569,1416.933425,2.407535532,50.32807672,Skarn
Huangshasping,HSP-8,"Chu et al., 2022",117595.9435,1391.395921,0.770107312,2011.709617,5.738514757,2.863779967,73.48074566,2916.637087,85.68632046,1162.264803,10.54673814,6669.221578,Skarn
Huangshasping,HSP-5,"Chu et al., 2022",125658.5036,1783.677579,0.108468814,1579.885166,3.335375796,2.918525711,86.77740303,1947.913125,1.002110495,10.03441543,0.130813801,13.24211753,Skarn
Huangshasping,HSP-5,"Chu et al., 2022",120955.9255,1712.059046,0.133487892,4018.714462,10.90686553,2.760510597,97.38038999,2207.382367,1.318033911,17.17108059,0.833588067,41.30259089,Skarn
Huangshasping,HSP-5,"Chu et al., 2022",133143.4576,1842.495061,0.061212636,3535.549604,8.228985912,2.243706754,115.9296982,1976.087095,0.987865179,6.364678337,0.168693145,10.57624415,Skarn
Huangshasping,HSP-5,"Chu et al., 2022",128291.646,1874.793912,0.035,5268.814845,10.90624252,2.628955194,106.2394679,1908.114738,1.07546152,20.78491629,0.549995606,13.36587365,Skarn
Huangshasping,HSP-6,"Chu et al., 2022",109095.6998,1408.667361,0.38420556,307.4387491,24.15366558,2.645431733,121.0933939,2889.066707,110.8391891,214.623861,12.23620719,900.83131,Skarn
Huangshasping,HSP-6,"Chu et al., 2022",120360.7429,1436.850857,0.355623245,236.9405718,19.16101869,2.462680871,145.9781911,2457.186842,60.33953635,36.33210031,15.33003097,501.7594875,Skarn
Huangshasping,HSP-6,"Chu et al., 2022",146110.6852,2288.190589,0.469784432,470.5226456,2.156137302,2.664543819,79.39842164,2996.966899,51.25874306,14.63251638,1.70147359,83.29767711,Skarn
Huangshasping,HSP-6,"Chu et al., 2022",104334.8972,1325.385543,0.53640352,89.3724128,13.88579681,2.822656971,138.0091217,2358.962512,76.56722738,4364.514073,10.06026225,586.0189857,Skarn
Huangshasping,HSP-6,"Chu et al., 2022",102297.9609,2234.459516,0.124813639,65.15181628,34.22167735,2.411897563,48.61993159,2610.524339,41.23398859,5.990653249,0.395192206,40.01955251,Skarn
Huangshasping,HSP-6,"Chu et al., 2022",127319.6603,1832.262072,0.761784586,684.0175991,6.036298131,3.187405753,101.6310574,2960.623847,30.87763851,81.37575806,5.081847446,88.35169491,Skarn
Huangshasping,HSP-6,"Chu et al., 2022",122004.2952,1131.211974,0.689806688,75.75558804,6.442777006,3.335956899,60.8556613,3349.769748,21.03668358,97.41033534,0.7641924,41.98350911,Skarn
Huangshasping,HSP-6,"Chu et al., 2022",106207.6678,1357.526185,0.31803369,110.6613271,19.25941342,2.304714049,71.29766289,2901.769487,84.62889383,16.94355185,1.432585376,78.78638029,Skarn
Huangshasping,HSP-6,"Chu et al., 2022",116014.611,2328.536587,0.183222291,74.5818058,14.61384717,2.373656103,60.82659684,2929.26247,48.48647211,34.43622798,4.060254799,37.33056959,Skarn
Huangshasping,HLR-67,"Chu et al., 2022",135269.2886,1044.091508,0.284081105,2125.181727,10.8516143,2.616230176,18.0573068,2207.053635,53.27065745,7.585129332,0.0325,3.0268473,Skarn
Huangshasping,HLR-67,"Chu et al., 2022",126628.1989,856.2336834,0.267651994,5549.86724,5.240958298,2.370086423,24.04615349,2249.212595,75.16270438,37.37096664,0.071431655,3.421987809,Skarn
Huangshasping,HLR-67,"Chu et al., 2022",132671.0224,835.0282725,0.334397972,5000.627414,58.54644865,3.339230527,29.56895631,2102.274361,104.1512027,2768.984152,0.055,2.943142756,Skarn
Huangshasping,HLR-67,"Chu et al., 2022",120539.5466,451.9098391,0.255547458,13323.59616,41.35108028,2.64066256,83.78894227,2015.099525,113.7534237,331.4843028,1.458178276,80.22657077,Skarn
Huangshasping,HSP-7,"Chu et al., 2022",111029.3427,1855.324735,0.273532242,595.7151065,19.54067456,1.944060999,45.83785071,2925.26716,116.7849655,41.39754182,4.826141497,72.13599452,Skarn
Huangshasping,HSP-7,"Chu et al., 2022",113622.1354,1375.329916,0.310362446,940.4832351,19.62292746,1.837204175,78.50241603,3039.081336,66.51295387,261.7648434,11.64623512,155.844496,Skarn
Huangshasping,HSP-7,"Chu et al., 2022",114586.4784,1335.13683,0.224177459,1316.630372,21.80662193,3.002898746,79.75545835,3157.459024,42.95654141,84.50099169,9.312248178,177.9145663,Skarn
Huangshasping,HSP-7,"Chu et al., 2022",102562.7751,851.4057413,0.163267593,1202.443541,15.98032993,1.997146974,52.71614396,2970.098294,119.5283786,46.02411668,12.09911464,54.65819114,Skarn
Huangshasping,HSP-7,"Chu et al., 2022",87522.70699,793.872398,0.119975756,1100.857193,17.01591296,1.0485,61.32440823,3256.450566,104.378488,128.407937,3.510123537,211.3307458,Skarn
Huangshasping,HSP-7,"Chu et al., 2022",110775.9396,1079.533767,0.249841488,1514.068867,17.25320859,2.038932112,75.62178097,2868.130028,69.23732779,143.1071209,13.9726808,99.5186391,Skarn
Huangshasping,HSP-7,"Chu et al., 2022",98193.45194,1158.148728,0.150706458,1645.264868,16.79530488,2.047518119,116.0349479,3065.517551,73.37855313,89.38879342,21.31413735,320.6539251,Skarn
Huangshasping,HSP-7,"Chu et al., 2022",123379.8765,661.2840031,0.096089553,1943.077644,3.0552489,1.560798397,49.0510165,3589.321956,13.02831764,50.99429502,0.006957606,23.13114958,Skarn
Huangshasping,HSP-7,"Chu et al., 2022",118744.4197,519.1042959,0.08509202,4652.706705,5.481606651,1.284073864,52.28213328,3966.470592,12.92085983,178.2357795,0.079788035,2.941082334,Skarn
Huangshasping,HSP-7,"Chu et al., 2022",116461.5448,623.1397627,0.066526934,19998.34093,2.322284892,2.054753884,83.00267405,3849.368307,15.71397388,288.9872257,0.104064261,68.73577007,Skarn
Huangshasping,HSP-7,"Chu et al., 2022",111876.6841,642.7208224,0.095494389,9666.59214,12.28782141,2.886740598,103.8296401,3852.472913,340.861667,278.5630731,0.346156592,49.15218719,Skarn
Huangshasping,HSP-7,"Chu et al., 2022",106559.7922,697.1841865,0.128165545,12717.6932,30.67296738,2.091321459,107.8240939,3675.645392,424.9177655,602.929161,0.081197281,20.94307103,Skarn
María Teresa,Calera-Sofía D-340,"Torró et al., 2022",18062.46588,112.9530676,0.240257035,5.308683172,1.622164135,0.117139572,4.108170546,6993.247366,0.619735248,0.180135721,1.102531108,1.040518817,VMS
María Teresa,Calera-Sofía D-340,"Torró et al., 2022",27026.70283,131.8264007,0.247052197,4.837318322,1.526978985,0.202564678,5.158178521,7013.777181,0.552098138,0.719991053,0.258714742,0.367367412,VMS
María Teresa,Calera-Sofía D-340,"Torró et al., 2022",27708.36811,142.1338528,0.294354479,5.321062103,1.392112768,0.056251875,5.478028806,7044.12674,0.589369791,0.579661401,0.238980146,0.482035142,VMS
María Teresa,Calera-Sofía D-340,"Torró et al., 2022",23115.91583,138.4136216,0.233960972,3.767969952,1.51080306,0.170693052,7.345897589,6473.142206,0.459538993,0.252849635,0.948460373,0.850197963,VMS
María Teresa,Calera-Sofía D-340,"Torró et al., 2022",27373.91896,139.9803065,0.165848448,5.640407007,1.510932361,0.205053839,7.969436731,6615.478836,0.437262699,0.289894413,1.104736669,0.936739449,VMS
María Teresa,Calera-Sofía D-340,"Torró et al., 2022",41162.42501,1633.167385,0.039050097,76.29530336,38.39321954,0.162053218,9.216067667,5655.523234,41.64821846,0.302237101,0.645548169,2.463350693,VMS
María Teresa,Calera-Sofía D-340,"Torró et al., 2022",41663.36602,1641.537734,0.038765196,68.93195744,37.40653786,0.142440803,8.056725272,5667.110193,41.78753524,1.75069233,0.0957668,0.278240882,VMS
María Teresa,Calera-Sofía D-340,"Torró et al., 2022",41911.55497,1661.594652,0.041024615,69.96047176,38.32702508,0.055753662,8.724000696,5623.727293,41.96388547,0.578018169,0.375152238,1.686427485,VMS
María Teresa,Calera-Sofía D-340,"Torró et al., 2022",42131.74157,1657.023299,0.04157437,66.18251595,37.12472808,0.055680892,6.176682621,5591.726286,41.80932149,0.584814955,0.176306914,0.492193935,VMS
María Teresa,Calera-Sofía D-340,"Torró et al., 2022",41300.59819,1647.598151,0.042434539,70.84623573,37.68848465,0.115594897,8.731599008,5607.598064,42.13961851,0.442559949,0.395374426,1.918723379,VMS
María Teresa,Calera-Sofía D-500,"Torró et al., 2022",15295.74943,512.2895452,0.056632622,55.89260121,24.10336008,0.326997591,24.30996858,9135.909026,1.58868756,1.742841948,23.7260196,5.566361151,VMS
María Teresa,Calera-Sofía D-500,"Torró et al., 2022",17459.5892,584.4093825,0.050044856,40.147518,25.57213626,0.945251482,16.49494852,9409.170474,1.768516816,0.964392382,0.308318733,10.00707689,VMS
María Teresa,Calera-Sofía D-500,"Torró et al., 2022",16356.81344,546.552366,0.053895248,45.59369783,22.359624,0.347890856,25.28583737,9045.074929,1.555254947,2.189350631,15.98933777,7.269448773,VMS
María Teresa,Calera-Sofía D-500,"Torró et al., 2022",17121.98979,544.7944139,0.042237205,50.55659897,24.25862884,0.283217275,46.14773319,9082.267282,1.698021931,0.337518932,5.476206831,44.32971839,VMS
María Teresa,Calera-Sofía D-500,"Torró et al., 2022",17190.62522,560.8459931,0.046404294,50.68297807,25.11665432,0.7385525,42.51991306,9156.930866,1.740177715,0.529968503,1.384070319,17.79409073,VMS
María Teresa,Calera-Sofía D-300,"Torró et al., 2022",15390.30443,128.7005868,0.047202731,82.72997812,37.45269429,1.046627653,10.61071408,6425.43015,52.9699093,0.950664439,0.885587603,6.563001285,VMS
María Teresa,Calera-Sofía D-300,"Torró et al., 2022",15747.53385,138.2206243,0.053502639,79.83992464,38.09259652,0.675193962,6.385398221,6581.332083,54.25184535,0.555012967,1.25425383,3.047369478,VMS
María Teresa,Calera-Sofía D-300,"Torró et al., 2022",15588.19333,139.6532511,0.047067766,73.96101326,37.35418202,1.450110479,4.667648954,6515.559812,48.29979065,1.251696955,0.149163603,1.657000325,VMS
María Teresa,Calera-Sofía D-300,"Torró et al., 2022",15417.27919,139.2267853,0.048437513,72.79995176,38.11633987,1.1814383,6.563535952,6621.080685,50.15951085,0.469564778,0.659603682,2.440079521,VMS
María Teresa,Calera-Sofía D-300,"Torró et al., 2022",15917.61009,138.5608507,0.056539781,90.31863143,33.54882351,1.354527562,8.228689791,6398.251583,61.75276802,1.643627008,2.886765314,5.168335308,VMS
María Teresa,Calera-Sofía D-300,"Torró et al., 2022",15246.96073,136.3508966,0.051578699,79.7143787,31.94224927,0.938877786,6.551789605,6641.917936,61.44087906,0.48195851,1.656510926,4.483956111,VMS
María Teresa,Calera-Sofía D-300,"Torró et al., 2022",15627.0464,136.7662045,0.046367069,85.01132747,31.11933699,1.16215953,4.592044157,6592.158069,68.38577494,1.16880526,0.034271468,0.517377607,VMS
María Teresa,Calera-Sofía D-300,"Torró et al., 2022",15720.46598,139.2823545,0.043962383,76.99287513,28.40940326,0.219293203,8.412892186,6471.714283,69.15976814,0.403456229,8.32524267,8.692363829,VMS
María Teresa,Calera-Sofía D-300,"Torró et al., 2022",10129.18816,107.0790808,0.049071678,30.87118809,3.330958665,0.062770306,4.639131305,6989.513909,11.670743,0.202804217,0.216524045,1.526899214,VMS
María Teresa,Calera-Sofía D-300,"Torró et al., 2022",10737.14002,194.9308257,0.04220409,30.47422113,9.013224532,1.458275827,3.600360953,6996.95422,11.20854376,0.274956305,0.37746747,3.512236932,VMS
María Teresa,Calera-Sofía D-300,"Torró et al., 2022",10061.8793,184.4689704,0.068713717,30.45135081,8.712573555,1.408767731,2.176501259,6931.035172,10.56451386,0.338186257,0.019138907,0.255134906,VMS
María Teresa,Calera-Sofía D-300,"Torró et al., 2022",10586.16384,146.4281278,0.039634581,35.79521349,10.8642986,1.008196787,3.835392272,6780.543073,11.14658201,0.225479082,0.144317285,3.51729455,VMS
María Teresa,Calera-Sofía D-300,"Torró et al., 2022",10632.51182,175.9147318,0.047008555,29.01345056,11.18834789,1.149070398,3.937461138,6864.706917,11.58150138,0.258335354,0.157985802,6.756620009,VMS
María Teresa,Calera-Sofía D-300,"Torró et al., 2022",10635.88713,169.9355523,0.049224049,44.53695247,10.59965106,0.64433577,5.063524426,6906.437444,12.14294379,0.20946709,2.296748968,9.26654118,VMS
María Teresa,Calera-Sofía D-300,"Torró et al., 2022",10777.03857,150.6918559,0.048125641,37.90026358,10.56165726,1.108760708,4.145362089,6856.804633,11.79647957,0.149315282,0.938369509,5.258191219,VMS
María Teresa,Calera-Sofía D-300,"Torró et al., 2022",10560.86034,168.9032659,0.043943434,32.59228161,10.51883761,0.924098002,3.818620929,7048.407351,12.21422655,0.1791651,0.520399936,5.533577475,VMS
María Teresa,Calera-Sofía D-300,"Torró et al., 2022",10578.42237,172.4077276,0.045362981,42.47914507,10.64714619,0.683063685,4.569307471,7114.04626,12.37495393,0.185410718,1.79681522,11.58639068,VMS
María Teresa,Calera-Sofía D-300,"Torró et al., 2022",10433.6533,169.4944209,0.042594819,35.57117776,10.45402675,0.259634568,4.455018566,7039.919692,11.94227074,0.174684439,1.512426974,7.680138126,VMS
María Teresa,Calera-Sofía D-300,"Torró et al., 2022",10774.54612,185.9508916,0.049975256,46.11907467,10.65144962,0.239216981,6.917003425,7022.408061,12.25819547,0.196533633,7.756384007,11.70217367,VMS
María Teresa,Calera-Sofía D-300,"Torró et al., 2022",10835.52297,188.7146162,0.045658992,31.60726709,11.13715547,0.790702315,3.297984027,7184.553681,12.07535705,0.193314192,0.326433282,2.126516288,VMS
María Teresa,Calera-Sofía D-300,"Torró et al., 2022",10447.54755,164.2926397,0.043085705,47.48671899,11.01243829,1.841711179,5.224883776,6978.656584,12.25350853,0.320482971,0.704382599,9.793454513,VMS
María Teresa,Calera-Sofía D-300,"Torró et al., 2022",27539.05289,2781.605205,5.138198053,30.02893369,8.905857761,0.334232918,2.856678557,7110.866835,12.2670208,0.227255305,0.040234209,0.211013379,VMS
María Teresa,Calera-Sofía D-300,"Torró et al., 2022",27464.02767,2836.707592,4.832535086,35.72252359,9.475552137,0.285896183,3.191517442,7050.401197,12.20709042,0.200709937,0.470433599,0.481833594,VMS
María Teresa,Calera-Sofía D-300,"Torró et al., 2022",24725.72986,2773.581708,4.326104449,35.72777271,10.59941977,0.327162296,4.241916649,7091.155761,12.26637468,0.168700989,0.472825521,1.037617088,VMS
María Teresa,Calera-Sofía D-300,"Torró et al., 2022",24094.53151,2668.961638,5.768235077,38.99195755,8.82203627,0.252287024,6.942690161,7087.932896,12.72917673,0.189051505,1.031391401,3.485366842,VMS
María Teresa,Calera-Sofía D-300,"Torró et al., 2022",24615.77586,2561.563669,5.797676153,44.25753928,8.434011,0.328105858,10.99593609,6938.028635,13.13093122,0.212116401,5.45209665,8.036641278,VMS
María Teresa,Calera-Sofía D-300,"Torró et al., 2022",42358.661,647.4704142,0.047345282,25.74292671,14.27092931,0.059678271,9.764026821,5356.596144,4.047580536,0.31663584,5.538512953,4.137242505,VMS
María Teresa,Calera-Sofía D-300,"Torró et al., 2022",43074.06087,654.3818491,0.042198986,25.14797217,14.25759111,0.152571996,10.6728068,5304.358301,4.068586505,0.215730585,3.916519763,4.975654184,VMS
María Teresa,Calera-Sofía D-300,"Torró et al., 2022",43713.69945,632.3064806,0.045316006,22.32607114,15.0418161,0.053169237,6.627803895,5211.989136,4.129705363,0.31589951,2.113526906,2.072928583,VMS
María Teresa,Calera-Sofía D-300,"Torró et al., 2022",42551.1588,647.2226603,0.045349986,23.34506999,14.53564311,0.166846213,6.454549613,5314.164238,3.946589381,0.492759515,0.369294936,0.644401635,VMS
María Teresa,Calera-Sofía D-300,"Torró et al., 2022",44107.83343,646.780807,0.058175786,25.98852263,12.1645249,0.162698615,22.34984226,5251.395663,4.154605791,0.381999911,9.265914293,8.996344479,VMS
María Teresa,Calera-Sofía D-300,"Torró et al., 2022",43271.29233,610.7908316,0.051647538,23.06329517,15.9324571,0.058691279,5.408243252,5438.03937,4.497287548,0.544291331,1.264474343,1.629686236,VMS
María Teresa,Calera-Sofía D-300,"Torró et al., 2022",42100.39697,598.2440257,0.042678527,36.077908,14.32865003,0.291087382,14.45435157,5315.12455,4.406110375,0.672527779,12.63627332,8.806193175,VMS
María Teresa,Calera-Sofía D-300,"Torró et al., 2022",42249.72213,633.3842413,0.043644313,19.6697358,14.32368308,0.049780273,6.156125542,5281.280679,4.388069391,0.21199138,2.896147478,1.598554924,VMS
María Teresa,Calera-Sofía D-300,"Torró et al., 2022",42774.94464,639.4514343,0.043889675,25.08477072,14.80085878,0.053645791,15.52049026,5285.626102,4.515781067,0.272024003,3.553715367,3.473508104,VMS
María Teresa,Calera-Sofía D-300,"Torró et al., 2022",40733.32507,561.6537134,0.043552299,23.91599256,13.84519628,0.13785234,7.687353185,5289.277631,4.235817681,0.317235535,3.024251719,3.252971232,VMS
María Teresa,Calera-Sofía D-300,"Torró et al., 2022",40445.6191,558.0115359,0.056268541,23.80878148,13.50059258,0.061343264,8.180784546,5071.783346,4.081202289,0.322543182,3.984231761,4.126214047,VMS
María Teresa,Calera-Sofía D-300,"Torró et al., 2022",40319.78839,591.3968212,0.043677138,28.5105465,13.1494799,0.116203681,11.15807863,5169.647783,4.135074679,0.276225366,12.97998593,7.307229196,VMS
María Teresa,Calera-Sofía D-300,"Torró et al., 2022",40397.7836,592.0240672,0.045326546,23.52856618,13.44189976,0.149495317,8.243696769,5175.929329,4.180707388,0.234336813,3.261449579,3.582268132,VMS
María Teresa,Calera-Sofía D-300,"Torró et al., 2022",39044.64534,589.2187433,0.052894919,53.00479123,14.22707219,0.065633501,28.32090343,5239.949679,4.368749548,0.487323077,24.0378733,24.14423708,VMS
María Teresa,Calera-Sofía D-300,"Torró et al., 2022",40634.79096,578.7115935,0.045560693,27.04180895,13.61144354,0.150951642,13.76781386,5047.147974,4.318717996,0.331716189,7.427956836,10.0217224,VMS
María Teresa,Calera-Sofía D-300,"Torró et al., 2022",40817.0852,570.0267954,0.042840887,41.73793185,7.865198844,0.05293194,21.48405804,5238.897912,4.7078974,0.345566177,4.68447706,8.894210394,VMS
María Teresa,Calera-Sofía D-300,"Torró et al., 2022",38763.59392,563.2386763,0.042892795,25.91218118,13.54150074,0.04900978,12.86854252,4896.177495,4.388262217,0.270547303,5.953176928,6.900484339,VMS
María Teresa,Calera-Sofía D-300,"Torró et al., 2022",38229.55306,558.188226,0.061577816,26.22083827,13.95582776,0.072412477,11.94117736,5111.622951,4.210762433,0.421733304,4.159251726,5.035327156,VMS
María Teresa,Calera-Sofía D-300,"Torró et al., 2022",40915.96511,573.0797371,0.043185448,27.33585283,14.03976646,0.050269231,12.88085035,5074.788464,4.347316085,0.276339269,1.796198489,2.038577606,VMS
María Teresa,Calera-Sofía D-300,"Torró et al., 2022",22519.76199,1053.598623,0.042671742,35.66743297,7.869156551,0.15129365,2.349689512,5470.690862,27.00412031,0.286661952,1.038794384,1.968606864,VMS
María Teresa,Calera-Sofía D-300,"Torró et al., 2022",21849.89828,1000.282222,0.040403711,41.59112291,7.925811819,0.3779479,2.743117316,5448.570218,26.83747353,0.417163674,1.654563818,2.297028227,VMS
María Teresa,Calera-Sofía D-300,"Torró et al., 2022",22082.29179,948.3874307,0.054249667,35.72850712,8.676981199,0.062550813,2.78879951,5464.294293,26.29302395,0.358329801,0.219516408,1.321235707,VMS
María Teresa,Calera-Sofía D-300,"Torró et al., 2022",21611.20058,925.7245546,0.04410002,36.48812433,8.136878516,0.123253443,2.412396865,5227.221671,25.51130496,0.35312006,0.214097274,1.694823472,VMS
María Teresa,Calera-Sofía D-300,"Torró et al., 2022",20534.12172,1095.956373,0.051744407,40.61045292,8.68689885,0.064530819,2.874008602,5391.089086,26.42688372,0.222804288,0.798745104,2.087332406,VMS
María Teresa,Calera-Sofía D-300,"Torró et al., 2022",21025.69376,1086.991733,0.046794022,45.12388391,9.117530275,0.162795716,3.404078879,5527.170304,26.29487868,0.299958366,0.43623564,4.397615996,VMS
María Teresa,Calera-Sofía D-300,"Torró et al., 2022",22195.26097,975.3091313,0.042093502,37.76785969,9.207244637,0.051999775,3.501618526,5595.801433,25.20293083,0.333973262,2.561482833,8.55284142,VMS
María Teresa,Calera-Sofía D-300,"Torró et al., 2022",20866.3713,926.519657,0.046901151,41.65763881,9.258786612,0.051390943,3.059605926,5290.104092,25.44607469,0.272530729,1.899512361,6.781437628,VMS
María Teresa,Calera-Sofía D-300,"Torró et al., 2022",31638.61444,1383.37162,0.044079409,78.55082945,24.53154645,0.245226204,2.391643644,5237.505966,82.6705243,0.434121815,0.499631112,0.279800225,VMS
María Teresa,Calera-Sofía D-300,"Torró et al., 2022",31519.58246,1470.02078,0.04357367,81.52926203,25.67248405,0.168791513,3.485936561,5043.396391,78.89652383,0.243966721,0.712666299,0.816819389,VMS
María Teresa,Calera-Sofía D-300,"Torró et al., 2022",30436.65296,1452.340631,0.046005141,80.84861026,24.02294853,0.052156331,8.036485614,5070.51409,79.36724803,0.215113994,3.566096743,6.504891376,VMS
María Teresa,Calera-Sofía D-300,"Torró et al., 2022",32796.32133,1707.731813,0.083954689,83.53376791,25.34987505,0.147404698,4.866298941,5290.221598,77.99256584,0.275076754,0.655024561,0.960808995,VMS
María Teresa,Calera-Sofía D-300,"Torró et al., 2022",31006.8138,1752.621512,0.04681504,89.66114353,24.49884279,0.188769542,12.00258107,5165.86471,76.2514493,0.313378421,5.833373026,8.41181951,VMS
María Teresa,Calera-Sofía D-300,"Torró et al., 2022",34252.9793,2857.083293,0.048270449,72.61038787,28.02944063,0.056393151,7.393473196,5043.1456,51.32128194,0.21010473,3.126983373,3.870888152,VMS
María Teresa,Calera-Sofía D-300,"Torró et al., 2022",33671.51386,2777.827665,0.046131864,72.04306004,30.45625842,0.232447756,5.897953694,5038.515491,52.3723596,0.250252432,2.252823608,4.304025371,VMS
María Teresa,Calera-Sofía D-300,"Torró et al., 2022",35160.86051,2813.825008,0.125012283,72.24513702,31.85293885,0.136174081,4.358270719,5107.42555,51.3777877,0.247108944,0.50716251,1.627296989,VMS
María Teresa,Calera-Sofía D-300,"Torró et al., 2022",34657.52034,2784.280588,0.046104081,125.9898773,30.74552721,0.058154961,11.29127257,5137.026298,52.01999096,4.751670952,16.63166341,1.515615906,VMS
María Teresa,Calera-Sofía D-300,"Torró et al., 2022",34399.5808,2781.161761,0.042939913,106.0367919,31.97970764,0.054720572,9.269818786,5128.79264,50.76820346,0.195202136,4.364876399,5.677467914,VMS
María Teresa,Calera-Sofía D-300,"Torró et al., 2022",35338.11232,2820.78234,0.044871181,75.5247662,31.41657405,0.14371108,7.603893712,5232.936427,51.93181532,0.211848622,0.889811496,1.342672549,VMS
María Teresa,Calera-Sofía D-300,"Torró et al., 2022",63534.33391,1826.801952,0.056294505,58.47365658,7.020071301,0.069935527,9.057302172,7372.665205,50.02791516,0.560623326,2.609494632,2.175698355,VMS
María Teresa,Calera-Sofía D-300,"Torró et al., 2022",61643.62743,1672.930275,0.053762847,1055.894994,7.683257966,0.064060531,24.35437928,7282.063002,48.19440442,0.405334955,7.250370956,14.79263525,VMS
María Teresa,Calera-Sofía D-300,"Torró et al., 2022",59055.68769,2255.943696,0.054464775,451.2191344,9.260171063,0.149060464,19.55650321,7798.33237,47.19748579,15.39331425,5.344185033,8.914353878,VMS
María Teresa,Calera-Sofía D-300,"Torró et al., 2022",61631.52304,2318.077664,0.056465121,481.2040656,10.29826946,0.508330132,16.27893496,8050.854054,47.28978884,16.11613458,3.424895437,6.560524527,VMS
María Teresa,Calera-Sofía D-300,"Torró et al., 2022",44245.76365,2392.891449,0.050259087,158.1713529,24.88486806,0.35673416,9.807632584,7372.685617,173.1384931,0.335309273,1.888948724,2.862249312,VMS
María Teresa,Calera-Sofía D-300,"Torró et al., 2022",45197.24868,2364.554243,0.049135005,164.1494201,30.24364915,0.326775426,6.938021379,7370.433515,167.6963019,0.233107297,0.583382043,0.69074751,VMS
María Teresa,Calera-Sofía D-300,"Torró et al., 2022",40063.76532,2527.59703,0.044966618,176.9058264,32.99067005,0.332928967,19.3182021,7496.234699,171.2838673,0.489481359,3.50762196,8.179255959,VMS
María Teresa,Calera-Sofía D-300,"Torró et al., 2022",40675.08953,2500.534064,0.054754585,184.774674,37.61189825,0.192574758,22.88171981,7436.01286,176.3551011,0.578083983,2.609711397,10.82587377,VMS
María Teresa,Calera-Sofía D-300,"Torró et al., 2022",43322.40494,2468.810746,0.109613889,156.5301864,29.2107456,0.321970175,6.347868246,7419.292097,165.3712928,0.282959397,0.94738621,0.936129319,VMS
María Teresa,Calera-Sofía D-300,"Torró et al., 2022",42899.46005,2524.78181,0.117429081,158.3578432,15.71363099,0.327278544,7.597435864,7278.062977,166.183691,0.378239771,3.235285768,0.959038347,VMS
María Teresa,Calera-Sofía D-300,"Torró et al., 2022",38995.86713,2544.245677,0.047609542,194.2954235,27.89141058,0.339483471,44.28512935,7541.325801,166.9014435,0.34334604,7.122842332,11.90497761,VMS
María Teresa,Calera-Sofía D-300,"Torró et al., 2022",37979.30542,2522.334412,0.045939639,267.1312957,25.60594385,0.247461523,66.22359344,7528.665671,161.2907871,0.33800168,9.049353555,22.22331225,VMS
María Teresa,Calera-Sofía D-300,"Torró et al., 2022",39384.12828,2621.992064,0.052549687,183.6303414,27.23380699,0.28594666,41.97309239,7408.214502,161.4834427,0.300745998,8.783561269,14.61083306,VMS
María Teresa,Calera-Sofía D-300,"Torró et al., 2022",47378.54001,2342.879581,0.051699721,2209.305014,7.358629947,0.319666748,17.09311056,7815.443844,161.8874006,1.024628255,27.90493923,8.690692837,VMS
María Teresa,Calera-Sofía D-300,"Torró et al., 2022",44636.4704,2519.05634,0.053302563,184.6859777,23.76521502,0.298886144,24.52266405,7871.944905,156.3935675,0.437657122,8.23984571,19.06206752,VMS
María Teresa,Calera-Sofía D-300,"Torró et al., 2022",44444.86579,2252.273683,0.048558873,4292.142387,15.12408716,0.296841449,46.16654675,7377.584214,157.8609637,1.071435117,48.12602806,28.32323242,VMS
María Teresa,Calera-Sofía D-300,"Torró et al., 2022",49633.66926,2616.957805,0.07405863,1731.764129,27.23360365,0.221854825,28.05376876,7709.434858,158.2056731,0.571019447,12.37835332,14.5360519,VMS
María Teresa,Calera-Sofía D-300,"Torró et al., 2022",48628.60394,2564.856456,0.049194578,205.7795684,24.98831579,0.232163666,20.35630827,7886.045589,153.8699072,0.562613013,7.435910208,13.98964393,VMS
María Teresa,Calera-Sofía D-300,"Torró et al., 2022",48969.31693,2629.339615,0.051548141,399.4927917,23.1582871,0.165864256,19.46288768,7905.219212,161.9286227,0.601136688,13.06918521,9.941204506,VMS
María Teresa,Calera-Sofía D-300,"Torró et al., 2022",49581.67197,2484.82211,0.056567832,4793.140459,20.66310626,0.229905535,18.61737018,7549.523809,165.7450362,4.404349922,5.888969694,2.451082513,VMS
María Teresa,Calera-Sofía D-300,"Torró et al., 2022",46386.04135,2689.141797,0.053502395,1623.505118,18.56744635,0.272282973,27.97500169,7230.224388,157.1865712,0.434202449,25.5036801,10.70210185,VMS
María Teresa,Calera-Sofía D-300,"Torró et al., 2022",10283.39209,247.4297487,0.036010709,332.0501546,30.56326177,2.063580243,2.402668154,7238.669122,404.5859313,0.578088292,0.016574298,0.037617948,VMS
María Teresa,Calera-Sofía D-300,"Torró et al., 2022",9771.627698,236.5315431,0.034769394,342.3375178,31.16885582,1.986543038,3.856401873,7359.341443,415.0137028,0.472448118,0.015396516,0.370879041,VMS
María Teresa,Calera-Sofía D-300,"Torró et al., 2022",10654.3785,250.7970953,0.037647945,312.5848175,30.26151022,2.237046207,3.321033175,7616.780232,395.534056,0.549518143,0.076188199,0.289988452,VMS
María Teresa,Calera-Sofía D-300,"Torró et al., 2022",10673.95208,238.666575,0.050462183,324.4854926,32.27673209,2.328802887,3.288710922,7489.734995,400.6310207,0.481990784,1.605161756,1.354356205,VMS
María Teresa,Calera-Sofía D-300,"Torró et al., 2022",11509.78222,237.3800743,0.052165903,324.0296661,30.0600506,2.123416752,3.123793085,7258.86877,405.1031908,0.442947877,0.784621585,0.977723353,VMS
María Teresa,Calera-Sofía D-300,"Torró et al., 2022",10378.27759,233.9613942,0.035761735,326.642349,31.88722972,1.982340163,4.4586418,7584.712635,406.9179716,0.422807415,0.250784999,3.876112365,VMS
María Teresa,Calera-Sofía D-300,"Torró et al., 2022",12731.16198,1491.764576,0.042536988,41.21055558,4.878403188,0.179808315,3.420509547,6661.639112,42.1376449,0.285502751,6.206860116,13.2519453,VMS
María Teresa,Calera-Sofía D-300,"Torró et al., 2022",16804.52514,1608.861386,0.124317554,54.53806675,17.88898339,0.070896474,3.049833115,6181.674956,37.83785,0.180032407,0.960758588,3.655490516,VMS
María Teresa,Calera-Sofía D-300,"Torró et al., 2022",16463.91195,1602.062174,0.035926482,55.79939809,18.3232925,0.19441317,5.024460141,6283.505918,38.02723812,0.207440696,3.114625715,16.86946032,VMS
María Teresa,Calera-Sofía D-300,"Torró et al., 2022",19038.89465,1431.845754,0.037409866,54.99972724,14.29400076,0.143345577,4.154129284,6338.828825,35.8169507,0.268306395,0.665614185,5.329653703,VMS
María Teresa,Calera-Sofía D-300,"Torró et al., 2022",18787.28555,1471.877373,0.031698602,70.88100809,8.274004237,0.20626007,8.176663921,6574.744247,37.00188113,0.168795539,30.67946411,29.96724422,VMS
María Teresa,Calera-Sofía D-300,"Torró et al., 2022",17813.295,1352.076472,0.037046339,55.49302431,14.06942005,0.063781854,3.575987348,6202.567489,34.9695826,0.136681281,4.222590758,10.25977265,VMS
María Teresa,Calera-Sofía D-300,"Torró et al., 2022",18134.21215,1374.980838,0.036307263,55.3095981,13.97107429,0.160298707,4.11537089,6340.618498,35.54277773,0.196370677,1.396362075,4.638517164,VMS
María Teresa,Calera-Sofía D-300,"Torró et al., 2022",18268.52889,1406.475515,0.036438238,65.86882571,10.56861461,0.06222303,9.413482676,6567.392929,37.25734878,0.16702246,31.03285816,32.54407724,VMS
María Teresa,Calera-Sofía D-300,"Torró et al., 2022",23317.69153,1622.638251,0.039492058,51.30525508,14.19867324,0.070420263,4.086900147,6605.442709,36.98845307,0.257928167,0.815953057,7.285646009,VMS
María Teresa,Calera-Sofía D-300,"Torró et al., 2022",18273.83396,1423.418858,0.033963258,48.26678567,13.77570419,0.196441464,2.95719085,6278.131163,35.77409093,0.168515543,1.059120203,4.844663338,VMS
María Teresa,Calera-Sofía D-300,"Torró et al., 2022",21390.05345,1555.427042,0.036225904,48.75184567,13.24571688,0.172051279,3.981834856,6834.611469,36.37270926,0.173573212,3.658986703,9.07715347,VMS
María Teresa,Calera-Sofía D-300,"Torró et al., 2022",58770.7818,2034.970251,0.038004273,739.6315407,5.468294762,0.138098119,23.76540019,6996.054331,52.38132382,1.235656039,8.461354679,17.2676887,VMS
María Teresa,Calera-Sofía D-300,"Torró et al., 2022",57296.05936,2096.813663,0.045860169,226.7147524,6.36572917,0.077971697,17.6387062,7338.536166,54.27917026,1.026213809,7.215316052,12.61462674,VMS
María Teresa,Calera-Sofía D-300,"Torró et al., 2022",20926.70276,1109.512221,0.042287088,50.79281227,3.073775782,0.060996299,19.72716462,7226.186644,44.41246987,0.178084084,1.573079894,10.39825391,VMS
María Teresa,Calera-Sofía D-540,"Torró et al., 2022",38232.80166,319.7643225,0.04954329,82.06342955,58.52014713,0.122612109,10.68282418,8904.797517,1.094149399,1.094775277,1.509876926,3.921442693,VMS
María Teresa,Calera-Sofía D-540,"Torró et al., 2022",38972.57034,326.164558,0.053590076,88.37803453,62.68338979,0.231115551,7.147711177,9168.088565,1.179699006,8.211427263,0.162798925,0.336981376,VMS
María Teresa,Calera-Sofía D-540,"Torró et al., 2022",38157.99792,325.0306008,0.055126032,83.89077535,62.99781692,0.157562895,6.026867451,9011.373202,1.187888426,9.059390038,0.024361702,0.098392407,VMS
María Teresa,Calera-Sofía D-540,"Torró et al., 2022",38737.64502,338.2667414,0.059177591,136.7429351,68.01517093,1.212068601,16.08292294,8879.416479,1.258934758,19.61827301,11.36178495,8.722851264,VMS
María Teresa,Calera-Sofía D-540,"Torró et al., 2022",38845.69721,345.9999758,0.055301711,107.4894754,63.16796886,0.143692178,27.16610871,8786.046117,1.123278618,4.913490047,4.106754845,30.84538696,VMS
María Teresa,Calera-Sofía D-540,"Torró et al., 2022",36905.37415,328.1332393,0.05288381,84.62923451,63.01438832,0.199530938,11.73685798,8828.807475,1.0465196,1.273923663,1.135413241,6.912951001,VMS
María Teresa,Calera-Sofía D-540,"Torró et al., 2022",38661.64258,338.6851253,0.055462593,81.57240946,64.623204,0.205798539,6.337237554,8643.525461,1.024511138,0.607280083,0.181971959,0.475692999,VMS
María Teresa,Calera-Sofía D-540,"Torró et al., 2022",37795.49517,329.3937676,0.056596475,86.16156975,68.02696328,0.164684883,7.506742907,9102.326854,1.399283406,0.980762029,1.012766484,2.52295986,VMS
María Teresa,Calera-Sofía D-540,"Torró et al., 2022",37445.48895,328.2414453,0.052110197,85.62139634,66.54426153,0.283178723,5.652636373,8777.376046,1.473134502,2.886882862,2.770455882,0.376949828,VMS
María Teresa,Calera-Sofía D-540,"Torró et al., 2022",38220.88757,357.186704,0.05942016,86.61711736,70.01792196,0.22208314,6.906071772,8931.206951,1.233645839,4.35613165,0.319024061,0.604290194,VMS
María Teresa,Calera-Sofía D-540,"Torró et al., 2022",35834.90218,340.6992338,0.067158226,89.86940194,68.49206525,0.07496825,6.568817266,8677.305004,0.95236522,1.058571394,0.549111983,2.71988583,VMS
María Teresa,Calera-Sofía D-540,"Torró et al., 2022",36236.0849,214.2634533,0.06601738,87.16622954,58.29155359,0.073110453,8.796600954,8828.730662,1.166429756,9.178155919,10.69018045,3.459608641,VMS
María Teresa,Bubulina 1180,"Torró et al., 2022",13000.09074,3139.283136,0.058306135,129.9646509,51.43051712,0.155758489,4.230591163,5036.08573,93.57586923,0.2953448,0.543710406,1.895448915,VMS
María Teresa,Bubulina 1180,"Torró et al., 2022",18665.53078,4746.835497,0.055980798,138.3411014,59.16361769,0.062671327,4.535850129,5044.010082,95.05942591,1.648544371,0.535402283,4.272425776,VMS
María Teresa,Bubulina 1180,"Torró et al., 2022",18702.22674,4571.737276,0.057356595,121.1609288,43.09733763,0.064428453,3.156876234,4964.437104,93.10166283,3.201194169,0.047689823,0.20610482,VMS
María Teresa,Bubulina 1180,"Torró et al., 2022",18087.81064,4707.733913,0.072598272,174.173283,53.99891399,0.076978842,4.552993307,4851.166282,98.60667372,2.271400638,0.327055518,0.930816812,VMS
María Teresa,Bubulina 1180,"Torró et al., 2022",17551.19142,4491.719078,0.055950614,145.7778409,67.65621577,0.06361296,3.80271661,4760.929566,92.73250777,1.507384236,0.152661076,0.819973302,VMS
María Teresa,Bubulina 1180,"Torró et al., 2022",15613.82413,4584.861015,0.061300635,116.2741617,37.45557774,0.068866741,5.150581908,4820.722535,94.29518895,0.350052218,1.112354828,4.052897105,VMS
María Teresa,Bubulina 1180,"Torró et al., 2022",18021.24011,4998.33617,0.055748779,118.236734,82.25205083,0.060937431,4.230366947,4809.892344,21.12314906,1.23199895,0.091259486,0.498297535,VMS
María Teresa,Bubulina 1180,"Torró et al., 2022",13737.58175,4402.748553,0.07287443,79.3172935,16.9207675,0.083833265,3.373247099,4804.481281,24.60968615,0.871033879,0.168149342,0.623263109,VMS
María Teresa,Bubulina 1180,"Torró et al., 2022",17452.84542,4940.279485,0.059082712,133.3834799,94.15688849,0.064654303,4.81365994,4720.334292,22.08941814,0.350181963,0.844400357,4.255734322,VMS
Palma,Old Mine,"Torró et al., 2022",63111.02571,2606.333893,24.86645226,27.0568512,0.709886898,0.146141525,1.8980426,6263.334553,0.031621561,0.167342503,0.401036226,2.493294895,VMS
Palma,Old Mine,"Torró et al., 2022",56478.58601,2340.033485,24.32993658,169.5598842,0.73510043,0.189738082,6.501765371,5686.294871,0.032030586,0.355257701,11.52784813,38.58245748,VMS
Palma,Old Mine,"Torró et al., 2022",55666.07898,2321.885677,21.97934488,12.81579856,0.609172756,0.06996795,1.784611789,6542.646994,0.036288731,0.179415246,0.627341258,3.244175985,VMS
Palma,Old Mine,"Torró et al., 2022",53684.7528,2302.823727,22.32664616,5.715416863,0.707809947,0.055789296,1.751241176,6211.295982,0.031597997,0.195386168,0.794408655,3.853000318,VMS
Palma,Old Mine,"Torró et al., 2022",59341.5281,2443.913305,23.96744113,19.5804017,0.696196323,0.164672829,1.707071756,6986.104756,0.033764427,0.212093773,0.330446736,1.826371241,VMS
Palma,Old Mine,"Torró et al., 2022",61903.7,7028.13,0.051063,85.4568,2.28407,0.165421,13.1365,7072.49,1.61853,0.334288,3.14115,20.4881,VMS
Palma,Old Mine,"Torró et al., 2022",63422.9,6928.75,0.053373,65.585,1.50203,0.146903,8.98902,7292.64,1.62147,0.258664,1.93181,5.43676,VMS
Palma,Old Mine,"Torró et al., 2022",28383.6,6657.83,0.0485201,34.4931,2.46697,2.20448,29.6834,4781.95,0.00663625,0.297684,6.80164,107.521,VMS
Palma,Old Mine,"Torró et al., 2022",28546.7,6663.13,0.0482242,13.9204,2.23882,0.736843,11.678,4574.24,0.0059443,0.255797,3.10891,40.4458,VMS
Palma,Old Mine,"Torró et al., 2022",28508.9,6673.5,0.04904425,27.9806,2.21503,4.79479,18.7128,4537.06,0.003292565,0.343163,6.17552,68.4003,VMS
Palma,Old Mine,"Torró et al., 2022",28786.1,6804.36,0.159623,28.6495,1.80781,6.06439,27.1699,4777.63,0.00630375,0.421989,9.9448,99.7473,VMS
Palma,Old Mine,"Torró et al., 2022",28577.8,6702.12,0.171855,38.9864,1.82735,5.60302,31.9776,4791.67,0.0071344,0.628264,15.6711,123.121,VMS
Palma,Old Mine,"Torró et al., 2022",28997.6,6874.79,0.0500605,41.9243,2.03211,5.14618,31.2252,4663.48,0.0091252,0.510998,9.96938,140.087,VMS
Palma,Old Mine,"Torró et al., 2022",29163.3,6740.84,0.04696485,23.1978,1.84043,1.65625,21.7143,4768.25,0.011089,0.319393,6.08422,79.0603,VMS
Palma,Old Mine,"Torró et al., 2022",28942.3,6790.74,0.0583955,30.5285,1.97687,3.88914,12.8935,4444.85,0.0100359,0.460634,3.59895,75.501,VMS
Palma,Old Mine,"Torró et al., 2022",29142.3,6733.65,0.0458934,19.7285,1.93168,1.67483,13.6581,4487,0.00715032,0.27407,3.29261,52.2051,VMS
Palma,Old Mine,"Torró et al., 2022",30014.6,6914.09,0.04723845,25.5852,2.3073,9.30981,17.517,4472.2,0.00901412,0.339873,2.42139,70.7905,VMS
Palma,Old Mine,"Torró et al., 2022",30283.9,7008.43,0.051353,29.1018,2.06116,4.56904,13.198,4335.1,0.00945149,0.458578,5.09047,76.7598,VMS
Palma,Old Mine,"Torró et al., 2022",32189.7,7750.91,0.0484582,17.3304,2.51594,6.83288,7.79403,4941.3,0.00334755,0.629765,1.37184,103.894,VMS
Palma,Old Mine,"Torró et al., 2022",31015.6,7169.6,0.04966995,42.0703,2.23387,3.09519,20.0416,4894.15,0.003128665,0.382125,2.18963,92.0031,VMS
Palma,Old Mine,"Torró et al., 2022",32564.9,7398.55,0.0547735,8.14509,3.09843,0.19701,3.35983,5173.92,0.00347534,0.168549,0.0424704,3.31265,VMS
Palma,Old Mine,"Torró et al., 2022",31973.8,7194.56,0.0553345,8.83281,2.48857,0.0557405,3.70748,5125.08,0.003583605,0.172323,0.0799345,4.73869,VMS
Palma,Old Mine,"Torró et al., 2022",31915.7,7204.33,0.055383,9.3997,2.58388,0.295558,4.55983,5227.79,0.00748055,0.161038,0.183905,9.14827,VMS
Palma,Old Mine,"Torró et al., 2022",32016,7162.29,0.0668795,15.3993,2.53496,0.196883,9.53343,5243.27,0.00417043,0.175755,0.41568,24.3489,VMS
Palma,Old Mine,"Torró et al., 2022",31756.3,7107.18,0.057577,7.65733,2.36319,0.177641,5.34514,5105.65,0.00320699,0.163041,0.176623,17.0466,VMS
Palma,Old Mine,"Torró et al., 2022",32745.9,7410.51,0.0547725,25.5825,2.39165,0.399439,11.3085,5280.91,0.003477805,0.227033,0.756605,33.63,VMS
Palma,Old Mine,"Torró et al., 2022",32189.8,7242.39,0.0527765,8.37859,2.51474,0.122661,2.53504,5141.39,0.00290515,0.145098,0.0106036,0.173834,VMS
Palma,Old Mine,"Torró et al., 2022",32810.4,7369.61,0.054196,6.69671,2.25158,0.144766,2.87805,5189.47,0.002977465,0.176965,0.01176615,1.76531,VMS
Palma,Sta Lidia Project,"Torró et al., 2022",71525.5,10847.7,14.407,9.35022,2.87287,0.1543,5.63604,7951.44,0.259466,0.325659,3.74447,2.97558,VMS
Palma,Sta Lidia Project,"Torró et al., 2022",64435.7,9837.46,14.2981,36.3563,2.25169,0.22799,23.0337,7665.19,0.251114,0.896472,27.689,16.1207,VMS
Palma,Sta Lidia Project,"Torró et al., 2022",71268.9,10702,15.1086,11.0619,2.48584,0.149499,3.83015,7646.84,0.268019,0.329151,1.16944,1.75679,VMS
Palma,Sta Lidia Project,"Torró et al., 2022",68820.5,10297.7,15.2267,14.6068,2.39202,0.0555615,10.929,7330.89,0.284225,0.361046,7.42218,5.60093,VMS
Palma,Sta Lidia Project,"Torró et al., 2022",70338.5,10552.9,15.7257,50.1867,2.37667,0.057164,14.0587,7109.23,0.276473,0.456807,17.0068,6.92138,VMS
Palma,Sta Lidia Project,"Torró et al., 2022",71438,10603.5,3.63164,8.23504,2.33743,0.129881,3.7224,7535.88,0.171861,0.257646,1.10636,1.052,VMS
Palma,Sta Lidia Project,"Torró et al., 2022",70900.5,10410.6,2.94893,16.0555,2.14637,0.205711,7.13104,7314.7,0.183954,0.346478,3.93674,4.25786,VMS
Palma,Sta Lidia Project,"Torró et al., 2022",68799.3,10050.4,1.27354,17.1563,2.19119,0.0545715,16.4695,7307.01,0.130496,0.419585,11.8833,11.9732,VMS
Palma,Sta Lidia Project,"Torró et al., 2022",69951.1,10119.3,1.70903,20.1026,1.99671,0.13781,15.9665,7499.52,0.129763,0.414036,14.6097,10.4503,VMS
Perubar,Graciela,"Torró et al., 2022",64251.16079,7325.94563,0.060200028,22.91799976,17.19342964,0.059109144,2.169648832,4973.177635,2.02644978,0.174820705,0.112333242,1.354080892,VMS
Perubar,Graciela,"Torró et al., 2022",64977.50887,7341.710429,0.057099342,27.15135351,22.11535494,0.188777441,2.091544386,4961.553986,2.001610181,0.210255233,0.011968819,0.20739471,VMS
Perubar,Graciela,"Torró et al., 2022",59163.66516,6703.844884,0.093508306,23.47723299,21.03176099,0.185893368,1.999318495,5042.716819,1.936091133,0.20380184,0.371546488,0.69251324,VMS
Perubar,Graciela,"Torró et al., 2022",63737.90024,7375.656673,0.054091589,28.53053133,21.77646584,0.198129264,2.795873045,4929.208912,2.037231402,0.2066565,0.591704911,3.205786604,VMS
Perubar,Graciela,"Torró et al., 2022",64467.38279,7425.275397,0.057376793,26.18125641,22.33503995,0.164317885,2.078516767,5034.762796,2.092785579,0.214845204,0.123468256,1.251866362,VMS
Perubar,Graciela,"Torró et al., 2022",66450.59776,7639.361113,0.063303135,23.29356011,17.67195613,0.063046521,1.962391844,4799.179757,2.013421765,0.18471598,0.230533218,1.017513259,VMS
Perubar,Graciela,"Torró et al., 2022",61512.30508,7173.646297,0.163294149,24.5943724,21.53439981,0.07925975,1.712302912,5135.315376,1.992017902,0.225248217,0.043248534,0.384662304,VMS
Perubar,Graciela,"Torró et al., 2022",64076.65526,7268.371496,0.056648616,25.04728828,21.47612154,0.054561535,1.884119627,4949.326932,2.053579895,0.188116503,0.054848343,0.248245943,VMS
Perubar,Graciela,"Torró et al., 2022",62600.58736,7172.480166,0.065090984,30.12487126,21.77680451,0.068130887,1.978583361,5040.760825,1.985005787,0.221249694,0.047116103,0.176802197,VMS
Perubar,Graciela,"Torró et al., 2022",63654.55081,7284.735564,0.05306962,26.60632101,21.66322402,0.05525528,1.891794453,4971.125482,1.999636833,0.211236042,0.011288712,0.208898411,VMS
Perubar,Cecilia Sur,"Torró et al., 2022",41910.4,898.727,0.050567,42.5119,32.5273,0.117283,6.3716,6920.17,0.00286325,0.372046,0.231504,1.81112,VMS
Perubar,Cecilia Sur,"Torró et al., 2022",42635.9,934.997,0.048216,39.0631,32.467,0.0576965,6.07309,7076.31,0.00627712,0.396297,0.63785,3.028,VMS
Perubar,Cecilia Sur,"Torró et al., 2022",40710.6,883.489,0.0449315,41.7654,31.9264,0.0541595,4.27468,6827.09,0.00568414,0.419379,0.0114682,0.0376088,VMS
Perubar,Cecilia Sur,"Torró et al., 2022",39948,900.355,0.0447709,54.2359,31.1863,0.0568505,7.62527,6841.13,0.002808465,0.316285,0.610694,6.4286,VMS
Perubar,Cecilia Sur,"Torró et al., 2022",39913.8,923.882,0.04817215,38.4363,30.9717,0.159633,4.68748,6700.25,0.00306401,0.309914,0.48422,0.898906,VMS
Perubar,Cecilia Sur,"Torró et al., 2022",39562.8,666.651,0.04648755,43.9542,30.4418,0.053471,7.83079,6806.61,0.002689865,0.264315,2.19689,7.87953,VMS
Perubar,Cecilia Sur,"Torró et al., 2022",38973.6,889.294,0.0488717,40.1993,30.0911,0.0532,5.89966,6613.16,0.00298341,0.264773,1.2181,3.84366,VMS
Perubar,Cecilia Sur,"Torró et al., 2022",39212.5,852.564,0.069662,38.3605,30.5038,0.16044,6.61052,6949.71,0.00421907,0.286545,1.78434,5.13548,VMS
Perubar,Cecilia Sur,"Torró et al., 2022",40015.9,873.022,0.053487,50.7188,30.2949,0.06028,9.69716,6766.74,0.00322296,0.239532,2.82787,10.113,VMS
Perubar,Cecilia Sur,"Torró et al., 2022",41039.4,901.365,0.04833205,35.1872,30.3842,0.0536765,6.14824,6740.8,0.0060287,0.338487,0.230805,1.22584,VMS
Perubar,Cecilia Sur,"Torró et al., 2022",40384.4,894.904,0.04740435,40.9015,30.5841,0.0560775,6.98747,6698.59,0.002893685,0.389738,0.489266,3.7066,VMS
Perubar,Cecilia Sur,"Torró et al., 2022",40120.3,886.004,0.04991025,50.1369,30.9454,0.053902,11.1497,6769.71,0.002876155,0.344208,3.98978,17.2266,VMS
Perubar,Cecilia Sur,"Torró et al., 2022",39791.1,873.233,0.04351245,81.8024,29.9293,0.05246,7.12034,6580.29,0.00597298,0.326035,2.02766,5.2618,VMS
Perubar,Cecilia Sur,"Torró et al., 2022",40023.4,875.669,0.04862365,39.5067,30.4156,0.183946,8.19871,6682.2,0.00561852,0.271099,1.92196,5.87124,VMS
Perubar,Cecilia Sur,"Torró et al., 2022",40144.9,877.12,0.04554195,37.9131,30.3704,0.192127,8.67153,6695.1,0.002696905,0.227092,2.63938,9.6661,VMS
Perubar,Cecilia Sur,"Torró et al., 2022",30746.6,937.441,0.0613975,789.37,12.6837,0.0665035,13.8041,5730.16,0.745922,0.3313,1.2432,5.68486,VMS
Perubar,Cecilia Sur,"Torró et al., 2022",30821.2,939.964,0.0473054,33.8842,11.0535,0.129541,5.39308,5485.38,0.704997,0.237131,0.306986,1.21949,VMS
Perubar,Cecilia Sur,"Torró et al., 2022",32275.1,972.095,0.074631,30.8859,19.0467,0.076893,4.72606,5660.63,0.725472,0.19872,0.0582998,0.460719,VMS
Perubar,Cecilia Sur,"Torró et al., 2022",33448.6,1022.33,0.050157,20.3018,17.0412,0.0548385,5.24015,5731.19,0.77712,0.238238,0.175921,1.03907,VMS
Perubar,Cecilia Sur,"Torró et al., 2022",32279,978.717,0.079867,27.425,19.796,0.0842635,7.47726,5818.93,0.730759,0.432688,0.159205,2.62397,VMS
Perubar,Cecilia Sur,"Torró et al., 2022",34038,977.595,0.0622125,46.5534,19.9433,0.0673185,5.65354,5873.9,0.773183,0.358374,0.0763576,0.895709,VMS
Perubar,Cecilia Sur,"Torró et al., 2022",34978.2,1047.3,0.0540135,29.8968,19.6438,0.157312,7.2441,5774.65,0.816156,0.301535,0.168723,1.80952,VMS
Perubar,Juanita,"Torró et al., 2022",62933.4,1816.19,8.05981,38.8966,6.95952,0.127407,4.47955,4325.29,7.1301,0.288266,0.6532,0.936157,VMS
Perubar,Juanita,"Torró et al., 2022",58263.4,1668.98,6.81066,126.407,4.54515,0.0511175,7.35384,3977.13,6.93443,0.190819,2.98503,1.28641,VMS
Perubar,Juanita,"Torró et al., 2022",64193,1973.25,6.50981,26.9446,8.13094,0.488809,3.56542,4154,6.9976,1.36424,0.903525,0.627215,VMS
Perubar,Juanita,"Torró et al., 2022",59989.2,1758.77,6.24563,20.4347,7.08946,0.0646425,3.65457,4387.98,6.66155,0.206377,0.383681,0.638498,VMS
Perubar,Rímac-D,"Torró et al., 2022",73876.47309,5966.237562,7.190154849,15.74590629,4.596014942,0.192984334,3.550182868,4179.932614,2.323556668,0.269650733,0.560953761,0.601060158,VMS
Perubar,Rímac-D,"Torró et al., 2022",72018.67304,5771.138034,7.88836452,29.34125625,4.4487387,0.129570752,4.030067202,4275.747885,2.335760793,0.25514824,0.261764431,0.399594535,VMS
Perubar,Rímac-D,"Torró et al., 2022",70623.78359,5551.091459,6.869475673,31.84112794,4.298294216,0.153855048,4.060574029,4199.151689,2.311294791,0.235919727,1.25153192,1.0836013,VMS
Perubar,Rímac-D,"Torró et al., 2022",70299.20131,6090.408153,5.964468655,22.26533663,4.786836738,0.058262456,4.109926103,4146.151643,2.326053526,0.218705673,0.370170462,0.379487739,VMS
Perubar,Rímac-D,"Torró et al., 2022",72919.13505,6073.952927,4.248376542,30.79620369,4.768412499,0.058540416,4.006317572,4217.832084,2.323647665,0.273161946,0.692050021,1.010846553,VMS
Perubar,Rímac-D,"Torró et al., 2022",70801.9,5160.03,5.25145,21.6893,3.78279,0.216624,2.49057,4435.55,2.40517,0.224769,0.342696,0.224662,VMS
Perubar,Rímac-D,"Torró et al., 2022",71336.6,5748.34,9.00902,25.4833,4.52041,0.205979,4.00501,4266.37,2.26831,0.258359,0.187501,0.254171,VMS
Perubar,Rímac-D,"Torró et al., 2022",71298.8,5291.76,2.91843,21.8513,4.35024,0.158014,3.4786,4334.56,2.26949,0.27046,0.200096,0.23414,VMS
Perubar,Rímac-D,"Torró et al., 2022",70460.4,5372.4,3.2943,44.949,3.92394,0.127227,6.65529,4299.71,2.27967,0.218829,0.764196,1.01901,VMS
Perubar,Rímac-D,"Torró et al., 2022",71419,5553.76,4.58845,27.1383,4.34928,0.060718,3.82626,4263.82,2.20457,0.356375,0.143796,0.268696,VMS
Perubar,Rímac-D,"Torró et al., 2022",73488.7,5782.94,4.74169,23.0674,4.69952,0.0572435,3.97832,4295.61,2.24333,0.307794,0.178987,0.273053,VMS
Perubar,Rímac-D,"Torró et al., 2022",66771.3,5120.57,2.84169,21.815,3.36004,0.0648635,8.34214,4247.96,2.14524,0.189163,2.27146,1.90409,VMS
Perubar,Rímac-D,"Torró et al., 2022",67836.4,5513.68,10.4256,66.2801,3.39111,0.0606385,10.2081,3995.78,2.26936,0.209103,5.35389,2.65245,VMS
Perubar,Rímac-D,"Torró et al., 2022",72735.8,5958.48,7.69191,26.6724,4.57801,0.183893,3.96181,4144.16,2.17712,0.243946,0.20086,0.219191,VMS
Mount Isa,No 9 Orebody,"Cave et al., 2020a",59786.16062,90.27710253,19.51420283,35.87169637,1.410953391,42.806891,19.75334747,3214.103995,44.69613368,0.874073668,35.39340709,38.62185976,SEDEX
Mount Isa,No 9 Orebody,"Cave et al., 2020a",61462.91166,111.6166476,17.61527048,30.60853001,0.98094807,0.503995876,7.732034286,3176.403274,44.29017414,0.322065657,3.921333764,37.9840794,SEDEX
Mount Isa,No 9 Orebody,"Cave et al., 2020a",61960.65528,99.01312713,16.76655332,30.60856371,0.695198552,0.532861635,4.362030131,3230.628566,44.50014262,0.308564063,2.639523915,52.79047829,SEDEX
Mount Isa,No 9 Orebody,"Cave et al., 2020a",62084.14376,78.47435771,17.78089877,37.00214968,0.334012693,0.434589006,16.37779712,3327.710105,44.14182621,0.434589006,9.027034502,471.8394925,SEDEX
Mount Isa,No 9 Orebody,"Cave et al., 2020a",58842.36414,76.37738865,16.31110334,39.65975343,0.294211821,0.188295565,39.65975343,3253.982737,42.83724109,0.449555662,36.48226577,917.9408806,SEDEX
Mount Isa,No 9 Orebody,"Cave et al., 2020a",57766.76861,75.21233273,16.18624857,33.96685994,0.268037806,0.265727136,24.74728367,3097.454133,42.78206884,0.854948175,21.54700469,28.5367837,SEDEX
Mount Isa,No 9 Orebody,"Cave et al., 2020a",58479.40926,97.30973702,16.02335814,30.87712809,0.47719198,0.198829991,15.32160523,3095.899926,43.27476286,0.2771924,7.356709685,16.37423459,SEDEX
Mount Isa,No 9 Orebody,"Cave et al., 2020a",57056.35437,68.46762524,15.37098187,36.17372867,0.269305993,0.308104314,21.25919764,3109.571313,41.86795284,2.065440028,20.99673841,107.2659462,SEDEX
Mount Isa,No 9 Orebody,"Cave et al., 2020a",58128.65137,53.01333005,16.10163643,47.54923682,0.134858471,0.476654941,71.73075579,3479.581071,38.91131923,0.712657266,104.050286,1627.602238,SEDEX
Mount Isa,No 9 Orebody,"Cave et al., 2020a",59322.60966,76.88210212,16.28998861,43.42415027,0.25983303,0.415258268,38.6783415,3326.81195,42.75973704,1.47120072,56.94970528,391.5292238,SEDEX
Mount Isa,No 9 Orebody,"Cave et al., 2020a",56001.32029,44.58825121,15.04195463,64.51352097,0.173604093,0.571213467,118.6107964,3381.359719,39.80573846,1.624038288,216.8371122,4648.109584,SEDEX
Mount Isa,No 9 Orebody,"Cave et al., 2020a",61471.57507,97.49391807,17.38416143,31.35050329,0.709381976,0.442595341,10.17969283,3297.335287,45.37831672,0.252033458,8.999438591,19.30207457,SEDEX
Mount Isa,No 9 Orebody,"Cave et al., 2020a",59516.91001,70.82512291,17.48606816,47.73256183,0.241638655,0.321391314,17.855073,3210.342126,43.61399166,11.3082129,20.11671558,4523.285161,SEDEX
Mount Isa,No 9 Orebody,"Cave et al., 2020a",64470.39454,108.0523813,17.89698153,55.05771694,1.134678944,0.851009208,10.59893286,3367.933411,44.39431368,0.851009208,7.401201294,12.63619733,SEDEX
Mount Isa,No 9 Orebody,"Cave et al., 2020a",65378.89992,98.85289669,17.02466554,1019.910839,1.000297169,0.902228819,13.33729558,3416.70131,43.67310515,0.302050518,14.88023762,0.018462422,SEDEX
Mount Isa,No 9 Orebody,"Cave et al., 2020a",65813.01391,113.0667579,17.29566006,42.77845904,1.063538305,0.4738537,7.831748655,3355.147449,44.70019905,0.289577261,7.923886875,11.05658634,SEDEX
Mount Isa,No 9 Orebody,"Cave et al., 2020a",58206.23346,49.0911373,14.01606102,59.71959553,0.118740716,0.349237401,86.02881305,3505.179379,37.36840188,1.012788462,127.9373011,1082.635942,SEDEX
Mount Isa,No 9 Orebody,"Cave et al., 2020a",58190.70048,68.66502657,16.13046217,34.44889468,0.280479176,0.488801884,25.15002075,3243.549645,41.7692848,0.226943732,22.11246618,17.57359154,SEDEX
Mount Isa,No 9 Orebody,"Cave et al., 2020a",58684.00557,63.84819806,16.49020557,32.51093909,0.217130821,0.352104033,21.59571405,3264.00439,41.00838309,0.31689363,19.0136178,63.37872602,SEDEX
Mount Isa,No 5 Orebody,"Cave et al., 2020a",68500.7213,28.22229718,4.904651645,363.0538229,0.131521385,0.001743091,76.17280209,2626.317655,42.30604548,1.520716013,70.96674727,94.53099539,SEDEX
Mount Isa,No 5 Orebody,"Cave et al., 2020a",60215.41367,34.8045091,4.600457605,486.5405425,0.168603158,0.031976874,61.05842947,2647.069585,42.63251288,0.541938723,61.05842947,54.91645727,SEDEX
Mount Isa,No 5 Orebody,"Cave et al., 2020a",63300.67857,46.20949536,4.127204243,60.76865143,0.188636022,0.481085157,21.0917861,2532.027143,36.60045235,0.5317257,7.646721972,22.40844022,SEDEX
Mount Isa,No 5 Orebody,"Cave et al., 2020a",62989.82248,40.18750674,4.648648899,158.7343527,0.137317813,0.314949112,35.40028024,2629.19519,39.38123702,1.070826982,33.51058556,49.38402083,SEDEX
Mount Isa,No 5 Orebody,"Cave et al., 2020a",77098.83139,337.6928815,11.65734331,29.14335827,0.371616367,0.585951119,1.233581302,2274.415526,38.4568971,2.374644007,1.233581302,84.80871453,SEDEX
Mount Isa,No 5 Orebody,"Cave et al., 2020a",61118.36617,38.99351761,4.253838285,992.5622665,0.132015671,0.342262851,42.07388327,2584.084522,37.37999275,0.39726938,33.32173323,26.52537092,SEDEX
Mount Isa,No 5 Orebody,"Cave et al., 2020a",61041.37511,40.4704317,3.760148707,126.3556465,0.142836818,0.354039976,27.39536915,2470.954865,35.09879069,1.501617828,15.43125963,46.51352784,SEDEX
Mount Isa,No 5 Orebody,"Cave et al., 2020a",61523.6069,42.63585958,3.543759758,201.7974306,0.113203437,0.590626626,25.22467883,2456.022388,34.87158039,0.235020178,19.08462286,17.71879879,SEDEX
Mount Isa,No 5 Orebody,"Cave et al., 2020a",63053.57243,33.65799696,4.539857215,1421.227523,0.108452145,0.390932149,64.06242959,2631.856113,41.67841138,0.819696442,49.56010793,109.713216,SEDEX
Mount Isa,No 5 Orebody,"Cave et al., 2020a",95085.33898,36.32259949,4.887386424,93.75414423,0.161645076,0.00675797,34.04055136,2620.551942,34.80123407,0.55529838,28.14526034,1559.399559,SEDEX
Mount Isa,No 5 Orebody,"Cave et al., 2020a",60432.36,31.29187601,4.665378192,795.2898575,0.134159839,0.435112992,59.94890112,2799.226915,44.00684455,2.393121456,61.88273663,2127.219072,SEDEX
Mount Isa,No 5 Orebody,"Cave et al., 2020a",59338.75289,35.48457423,4.794571234,5482.900767,0.117490731,0.029381541,129.5958363,2457.811145,41.44218502,0.771403788,235.9308815,4462.274217,SEDEX
Mount Isa,No 5 Orebody,"Cave et al., 2020a",59041.51829,33.53558239,4.97129584,1558.696083,0.152327117,0.342440806,102.2599097,2539.966117,36.97179875,0.472332146,136.0316581,649.4567011,SEDEX
Mount Novit,Novit1,"Cave et al., 2022",41375.33013,28.41333901,0.016918611,10.13162457,0.038793011,0.254308463,13.12513502,2077.235146,7.781021624,0.065588867,8.460110137,13.64975562,SEDEX
Mount Novit,Novit1,"Cave et al., 2022",44184.11272,32.15778242,0.020923627,9.439581376,0.040177075,0.213284903,10.74200877,2211.742682,8.29160913,0.100787774,7.172405453,5.786313004,SEDEX
Mount Novit,Novit1,"Cave et al., 2022",40409.13257,21.70755205,0.020824758,25.36437014,0.023577485,0.251633257,23.56405238,2041.567785,7.726785006,0.110911445,15.71352869,12.41440881,SEDEX
Mount Novit,Novit1,"Cave et al., 2022",34053.74848,21.8847845,0.050865376,6.599438174,0.03164021,0.18299272,14.49431918,1877.672708,7.088033708,0.066053969,11.50067513,99.6153002,SEDEX
Mount Novit,Novit1,"Cave et al., 2022",34872.29855,36.13900094,0.018213476,7.112708603,0.026421447,0.232281024,19.37734322,1773.109108,6.345528774,0.146046737,14.88759898,90.70811919,SEDEX
Mount Novit,Novit1,"Cave et al., 2022",45590.43153,35.15166238,0.015458484,124.4947986,0.034938183,0.211295475,12.25237066,2220.625007,8.900201638,0.078413403,7.712139308,6.906201015,SEDEX
Mount Novit,Novit1,"Cave et al., 2022",44525.26233,31.55614158,0.026907898,436.277508,0.02516742,0.22646426,14.84873322,2168.820885,8.534287252,0.067801243,10.12479569,468.6087888,SEDEX
Mount Novit,Novit1,"Cave et al., 2022",39286.23557,28.06463241,0.014983048,63.03239201,0.025351809,0.247103882,27.27747896,1987.158927,7.405351698,0.138270974,20.8162534,846.7232473,SEDEX
Mount Novit,Novit1,"Cave et al., 2022",47475.53928,38.98559481,0.004,40.97817262,0.024552969,0.352469077,11.41005685,2320.613965,9.245828991,0.043462372,7.531013639,6.438148976,SEDEX
Mount Novit,Novit1,"Cave et al., 2022",39611.70188,156.5467746,0.012550919,13.79452134,0.032194752,0.223693094,34.50481427,1892.39798,7.669095238,0.173431644,29.52004587,622.2159689,SEDEX
Mount Novit,Novit1,"Cave et al., 2022",42631.2685,34.64202277,0.047169222,6.344254117,0.019042293,0.207523893,4.845266035,2015.321218,7.992956277,0.066144353,3.398067605,48.80946594,SEDEX
Mount Novit,Novit1,"Cave et al., 2022",38886.92122,20.09934485,0.010517813,16.39256403,0.0055,0.274084438,32.49597938,1953.770015,7.305534014,0.167859332,25.07307139,242.3489393,SEDEX
Mount Novit,Novit1,"Cave et al., 2022",37404.52133,24.6544886,0.02871495,7.65805606,0.036955039,0.291524223,12.80194604,1869.711885,6.722427568,0.060326795,8.31104033,9.529976473,SEDEX
Mount Novit,Novit1,"Cave et al., 2022",38709.55895,24.69118579,0.0085,11.16471733,0.06074655,0.212430393,19.1992246,1935.859298,7.651606086,0.083497894,13.03993455,12.69605095,SEDEX
Mount Novit,Novit1,"Cave et al., 2022",36836.1122,21.22170826,0.019474671,10.9682009,0.106047951,0.257651871,23.80460066,1864.136524,6.808267829,0.113156693,15.59118233,15.34245292,SEDEX
Mount Novit,Novit1,"Cave et al., 2022",33958.34369,18.72720754,0.018940459,10.02830963,0.025671228,0.20842874,34.02682192,1717.766368,5.895207418,0.143898963,25.54769667,19.46153921,SEDEX
Mount Novit,Novit1,"Cave et al., 2022",35851.36516,17.87217831,0.016644144,15.55290291,0.030849895,0.230186591,45.18690367,1883.674104,6.082830199,0.206914398,36.39143677,24.43004195,SEDEX
Mount Novit,Novit1,"Cave et al., 2022",38926.30411,24.72439459,0.00886635,10.30824499,0.034102328,0.212114691,18.80482846,1938.420714,7.178902073,0.094089375,12.3899988,14.26718485,SEDEX
Mount Novit,Novit1,"Cave et al., 2022",33992.72041,14.98756818,0.007219887,17.27256809,0.023597855,0.195832253,72.79838305,1842.65667,5.743664099,0.332369796,56.52728731,44.36243289,SEDEX
Mount Novit,Novit1,"Cave et al., 2022",41921.37743,21.98416998,0.022556051,49.78366213,0.026598519,0.267217132,26.63212946,2029.823488,7.871622789,0.097653728,18.17522894,1634.773394,SEDEX
Mount Novit,Novit1,"Cave et al., 2022",46877.88264,30.49375731,0.023440809,58.95627181,0.041709926,0.337198063,11.59388078,2228.568336,8.965903229,0.075950113,5.93103994,10.65365851,SEDEX
Mount Novit,Novit1,"Cave et al., 2022",44191.57101,28.11645666,0.023141466,37.29369067,0.032200589,0.286114813,15.53765058,2121.378163,8.501967231,0.075075914,9.651121467,9.019450288,SEDEX
Mount Novit,Novit1,"Cave et al., 2022",36866.16383,17.78242505,0.013128445,32.75044106,0.030875744,0.258148675,56.54612219,1919.055948,7.257600221,0.165641083,42.59660871,8500.288722,SEDEX
Mount Novit,Novit1,"Cave et al., 2022",43876.72395,27.34730208,0.019962935,15.4220182,0.037547957,0.287818838,14.61201373,2101.980649,8.472273749,0.051061798,8.312356637,8.08671595,SEDEX
Mount Novit,Novit1,"Cave et al., 2022",45231.40675,19.38469734,0.009743683,80.79251151,0.025533075,0.221349463,41.89791276,1988.706347,7.654389581,0.181392011,33.35593814,1086.139897,SEDEX
Mount Novit,Novit1,"Cave et al., 2022",36495.51487,19.13302747,0.013837999,9.254564585,0.026956297,0.2533352,28.59569694,1864.415305,6.180902795,0.1607142,21.67034311,13.57798528,SEDEX
Mount Novit,Novit1,"Cave et al., 2022",42762.54461,31.79708084,0.011,7.599192753,0.019294445,0.295865635,8.042370581,1916.50623,8.002978998,0.078441454,4.302173347,4.834077051,SEDEX
Mount Novit,Novit1,"Cave et al., 2022",41833.18261,29.58091747,0.006469591,11.19342156,0.1101223,0.306043696,12.96418607,1898.362292,7.646979399,0.063126344,8.068592921,10.60944609,SEDEX
Mount Novit,Novit1,"Cave et al., 2022",44440.12438,28.97054964,0.036142566,41.31140741,0.015977757,0.31053099,22.31770687,2122.587117,8.800772699,0.105230925,15.69559621,78.34431487,SEDEX
Mount Novit,Novit1,"Cave et al., 2022",40417.64625,36.80784285,0.019050886,14.23970526,0.030606656,0.281749878,34.13527345,1960.890863,7.682516565,0.140703315,27.11653259,3370.493738,SEDEX
Mount Novit,Novit1,"Cave et al., 2022",45475.31048,723.1130079,0.032066013,22.88838191,0.029586216,0.194838809,56.5894121,1768.405852,8.478646006,0.392437483,43.66656786,6496.821878,SEDEX
Mount Novit,Novit1,"Cave et al., 2022",36699.89123,268.1866456,0.022821427,13.55361606,0.020994099,0.158028829,44.6644991,1654.92269,6.561744668,0.211767863,29.95532818,26.9605356,SEDEX
Mount Novit,Novit1,"Cave et al., 2022",44006.38017,41.47301456,0.04381775,19.91169893,0.028671859,0.329626519,11.29972203,2127.162619,8.352033474,0.090683562,6.761606228,6.042386632,SEDEX
Mount Novit,Novit1,"Cave et al., 2022",35617.88064,24.31817941,0.063031619,14.46143171,0.021587431,0.226461551,31.65503884,2034.81928,8.164001529,0.116962123,27.47215219,4277.372545,SEDEX
Mount Novit,Novit1,"Cave et al., 2022",41325.87967,27.49530995,0.050864542,118.5623966,0.02055887,0.293044341,32.53483122,2126.234451,8.430091306,0.143804288,27.29665324,5826.807149,SEDEX
Mount Novit,Novit1,"Cave et al., 2022",43158.03332,34.92878466,0.063275779,659.304291,0.021646029,0.239700417,16.01671878,2193.208751,8.685202874,0.058202437,11.47490231,590.9491917,SEDEX
Mount Novit,Novit1,"Cave et al., 2022",38881.98492,161.7168888,0.021499182,11.9437668,0.07479508,0.372724172,28.76041871,1743.129732,6.418319207,0.166577133,21.75159798,24.69080417,SEDEX
Mount Novit,Novit1,"Cave et al., 2022",44181.84973,489.4891493,0.0035,14.79941807,0.486642975,0.372988927,30.74416905,1631.923673,7.93640402,0.282275452,23.00200026,44.45049908,SEDEX
Mount Novit,Novit1,"Cave et al., 2022",40192.17782,26.67443857,0.0045,6.446383682,0.066486659,0.237724624,7.541638972,1852.859403,6.948044231,0.047827421,4.753332065,5.022240626,SEDEX
Mount Novit,Novit1,"Cave et al., 2022",41700.65954,132.3704322,0.0055,7.762068834,0.03992031,0.27384703,10.09635781,1878.938822,7.506914637,0.062240934,6.914947817,8.346610484,SEDEX
Mount Novit,Novit1,"Cave et al., 2022",42291.53732,28.14310164,0.0035,10.46223427,0.013002606,0.33199673,10.93113187,1885.027967,7.035821181,0.059456092,8.375803485,5.900570956,SEDEX
Mount Novit,Novit1,"Cave et al., 2022",39212.15917,25.15449654,0.020454657,12.05732205,0.030388916,0.263176614,19.98291674,1977.722925,7.591930412,0.125441671,15.02528082,15.44918597,SEDEX
Mount Novit,Novit1,"Cave et al., 2022",45111.3248,26.01041449,0.00662507,104.1376636,0.0055,0.244106379,29.7487667,2037.960817,7.901378947,0.120635623,21.0605765,13.69807583,SEDEX
Mount Novit,Novit1,"Cave et al., 2022",37843.9436,41.18246228,0.028102624,14.49423616,0.026764159,0.360380637,40.77158704,1985.70369,7.159135909,0.132083317,35.31456047,9974.352248,SEDEX
Mount Novit,Novit1,"Cave et al., 2022",42279.0918,283.3976863,0.029786291,58.6637267,0.03406332,0.328298166,27.93043225,2003.183073,8.641734283,0.118207904,20.83886079,927.6700511,SEDEX
Mount Novit,Novit1,"Cave et al., 2022",35502.97521,37.07176455,0.042579793,11.98053375,1.237526409,0.603871503,27.9955413,1731.139966,6.075288397,0.493041546,22.1072356,22.11505643,SEDEX
Mount Novit,Novit1,"Cave et al., 2022",38812.06855,24.11475851,0.029922044,50.24884956,0.027201393,0.338118931,35.9640002,2006.540083,7.296861987,0.131660543,28.49010062,363.5117155,SEDEX
Mount Novit,Novit1,"Cave et al., 2022",41709.19174,29.08083609,0.015719916,20.41095786,0.034883402,0.225014814,21.09939124,2077.574539,8.54128162,0.07709156,15.89328038,13.44848896,SEDEX
Mount Novit,Novit1,"Cave et al., 2022",38434.5498,324.5252381,0.023914181,12.21833449,0.02657873,0.236920916,26.37374915,1883.636129,7.083386146,0.139618764,21.62339545,1075.568117,SEDEX
Mount Novit,Novit1,"Cave et al., 2022",41785.84541,25.00376541,0.007646525,37.82580705,0.020693075,0.33900277,17.8465663,1928.643272,8.605088504,0.094915841,13.47632588,35.41515258,SEDEX
Mount Novit,Novit1,"Cave et al., 2022",51665.03458,19.81261393,0.095331193,62.18692841,0.026318453,0.302819165,49.7172683,1948.35918,6.985528577,0.195306668,41.83939016,548.7394515,SEDEX
Mount Novit,Novit1,"Cave et al., 2022",51613.57701,46.28924013,0.004,23.18475286,0.018431742,0.303037557,6.245835759,2216.5368,8.970067752,0.02945613,2.111511933,2.505173714,SEDEX
Mount Novit,Novit1,"Cave et al., 2022",38367.688,58.91703772,0.016606745,16.80427458,0.025291572,0.293842942,31.33192156,1842.164538,6.330953446,0.137020894,24.15120951,25.69273115,SEDEX
Mount Novit,Novit1,"Cave et al., 2022",41122.75691,25.29130901,0.024227231,62.45432028,0.048288149,0.230313503,31.37559152,2091.628993,8.407966298,0.135238093,23.43065232,1127.407569,SEDEX
Mount Novit,Novit1,"Cave et al., 2022",41247.10413,28.39844202,0.015714838,37.83551661,0.046262469,0.183849455,26.94073381,2082.35024,8.012410234,0.139830246,19.50142527,15.86456503,SEDEX
Mount Novit,Novit1,"Cave et al., 2022",42616.24044,28.05647126,0.025326107,154.5731327,0.041544082,0.26363465,27.12557758,2163.937985,8.683385483,0.129443652,17.81400752,23.36115301,SEDEX
Mount Novit,Novit2,"Cave et al., 2022",48510.53621,42.7645377,0.008733917,145.6992224,0.316533688,2.409269922,26.75211706,2546.40084,16.09331688,0.33710647,28.48863351,48.37390022,SEDEX
Mount Novit,Novit2,"Cave et al., 2022",50925.75497,648.1311862,0.011524389,150.1711528,0.034251424,0.305602517,24.03484763,2323.747936,14.30154582,0.42205196,33.89140878,1154.598133,SEDEX
Mount Novit,Novit2,"Cave et al., 2022",46050.53708,37.61902193,0.012120152,136.6479198,0.046821249,0.332586096,25.86918137,2612.846143,14.07039542,0.245380614,35.21582007,442.4594861,SEDEX
Mount Novit,Novit2,"Cave et al., 2022",50359.23021,49.15606116,0.1610734,24.21307731,0.063822811,0.39611868,7.352691773,2471.317939,15.20539933,0.164867713,5.166491018,8.911286397,SEDEX
Mount Novit,Novit2,"Cave et al., 2022",50721.25082,43.44915315,0.100338525,233.8825623,0.036183903,0.286896444,19.54116688,2514.443587,14.95170836,0.260378678,19.78242263,125.6502081,SEDEX
Mount Novit,Novit2,"Cave et al., 2022",51353.25035,54.53424531,0.142815974,22.17639939,0.059013473,0.318074156,6.374744828,2443.216581,15.69740544,0.10657964,3.743665944,3.279484264,SEDEX
Mount Novit,Novit2,"Cave et al., 2022",50736.688,46.23531368,0.095679925,81.13265114,0.051956004,0.25709408,20.01764419,2584.058503,16.79766834,0.222248054,19.46741083,1285.889387,SEDEX
Mount Novit,Novit2,"Cave et al., 2022",50548.15583,48.11116165,0.129057875,31.4181126,0.043415299,0.282777059,8.436904129,2478.178626,14.92506702,0.113511298,8.48874078,5.746318082,SEDEX
Mount Novit,Novit2,"Cave et al., 2022",50781.19219,44.87790234,0.086879421,59.88469991,0.053559284,0.387204929,14.72168419,2376.50025,14.48066563,0.199465234,12.92169588,26.44422964,SEDEX
Mount Novit,Novit2,"Cave et al., 2022",62393.44695,36.17297488,0.01073531,273.7797944,0.024552605,0.253530289,30.60256298,2401.369905,13.21908861,0.374481462,43.6543077,587.3856437,SEDEX
Mount Novit,Novit2,"Cave et al., 2022",74563.23335,26.63175585,0.049931117,58.61248338,0.0105,0.261667311,62.07470428,2254.250375,10.58076283,0.71591938,100.0846115,39.63668183,SEDEX
Mount Novit,Novit2,"Cave et al., 2022",46034.33822,253.7633676,0.0065,277.5541134,0.038059566,0.64752492,38.84417017,2549.824355,13.52372446,0.52346649,62.8856292,764.1382923,SEDEX
Mount Novit,Novit2,"Cave et al., 2022",72353.4582,2460.002207,0.006,487.9045819,0.052314986,0.363206312,79.11857915,2060.982173,15.84880415,1.320636411,124.6599761,2998.248129,SEDEX
Mount Novit,Novit2,"Cave et al., 2022",46288.47451,41.16395928,0.0085,298.6064403,0.040325998,0.1862154,30.93429298,2554.488958,13.08492336,0.420059423,47.69378156,193.3611519,SEDEX
Mount Novit,Novit2,"Cave et al., 2022",49453.98962,42.94323122,0.01,214.045926,1.072666396,22.68113487,36.93328924,2328.164134,14.43765893,0.907271955,64.05109406,110.2803017,SEDEX
Mount Novit,Novit2,"Cave et al., 2022",44658.19099,36.67030285,0.0135,243.0577025,0.036145942,0.1035,27.41507407,2578.349981,14.63948438,0.474253963,36.1917286,65.91299466,SEDEX
Mount Novit,Novit2,"Cave et al., 2022",53009.44678,35.39379926,0.005,450.5511386,0.037845623,0.39899895,46.91647741,2515.103105,13.44786895,0.551938159,59.78891029,610.3617544,SEDEX
Mount Novit,Novit2,"Cave et al., 2022",44961.31654,33.66046221,0.009,561.7501053,0.027634446,0.099,43.57787641,2544.834218,13.85661614,0.578191022,64.96082062,1730.534925,SEDEX
Mount Novit,Novit2,"Cave et al., 2022",43946.95078,30.28147453,0.0115,1152.024685,0.0095,0.224872345,66.37492337,2538.067192,13.82114389,0.97056759,111.620049,1697.005437,SEDEX
Mount Novit,Novit2,"Cave et al., 2022",43813.24793,38.20538664,0.006,27.50683026,0.056471549,0.418227211,23.56945794,2439.281337,13.53178144,0.274434577,24.94070167,19.02613752,SEDEX
Mount Novit,Novit2,"Cave et al., 2022",45163.53863,40.32897032,0.0065,202.1204979,0.042131892,0.267498217,29.82735287,2536.182215,15.34194797,0.362846544,36.40595561,380.216438,SEDEX
Mount Novit,Novit2,"Cave et al., 2022",45808.86111,36.93251021,0.0085,247.0984199,0.054876196,1.140522967,31.77085178,2486.692016,12.91092226,0.569348267,46.09067359,275.6742059,SEDEX
Mount Novit,Novit3 ,"Cave et al., 2022",49179.50542,62.11026554,0.207845108,16.36599776,0.04463253,0.1305,5.013408207,2375.007854,13.3011155,0.039,6.486125634,5.970008655,SEDEX
Mount Novit,Novit3 ,"Cave et al., 2022",48076.95772,42.62412529,0.146483245,292.9863854,0.05067768,0.554132321,14.20561443,2405.754109,12.71550895,0.171809585,19.2704823,390.3843102,SEDEX
Mount Novit,Novit3,"Cave et al., 2022",50516.7702,42.09824414,0.0055,747.2947176,0.049669372,0.322204668,18.94743448,2432.04671,12.89724285,0.179631694,26.17481418,57.76613843,SEDEX
Mount Novit,Novit3,"Cave et al., 2022",48621.66963,44.53033951,0.009,127.5818878,0.047531791,0.321202746,10.05179411,2464.936681,13.04243784,0.115873307,12.05071341,6.610005725,SEDEX
Mount Novit,Novit3,"Cave et al., 2022",49993.86495,37.98304369,0.0045,657.9827074,0.0095,0.302952321,28.0917851,2460.391443,11.66484686,0.276130699,46.58950757,528.9125792,SEDEX
Mount Novit,Novit3,"Cave et al., 2022",55934.41618,35.94082868,0.005,549.1789023,0.022880754,0.232762395,30.49465225,2447.699765,10.63883554,0.313808707,48.82467535,834.5578232,SEDEX
Mount Novit,Novit3,"Cave et al., 2022",48346.29591,55.86635057,0.338231251,26.67515569,0.093864627,0.460378695,7.021960134,2441.468915,14.69999364,0.0505,8.421715459,6.804400375,SEDEX
Mount Novit,Novit3,"Cave et al., 2022",45880.0381,38.15750636,0.0085,1237.505936,0.066825514,0.384535492,37.87532134,2485.87352,11.33708007,0.277786435,63.83947642,6963.578206,SEDEX
Mount Novit,Novit3,"Cave et al., 2022",49442.13246,91.80948016,0.005,178.4507236,0.04284971,0.305589064,12.96015369,2389.611987,14.14438359,0.174160555,15.48913067,11.67188834,SEDEX
Mount Novit,Novit3,"Cave et al., 2022",49893.78314,35.23809563,0.0035,688.9960091,0.025961272,0.596044217,44.09664674,2392.376625,13.85143952,0.490425895,66.28412563,1471.914894,SEDEX
Mount Novit,Novit3,"Cave et al., 2022",56730.23334,1253.722829,0.012283563,651.6560469,0.039871804,0.325406564,11.86586897,2202.038145,14.04484314,0.228318097,16.50993176,137.6578152,SEDEX
Mount Novit,Novit3,"Cave et al., 2022",46977.46372,35.40416121,0.007074153,971.6223382,0.028745645,0.286640903,45.16973556,2371.736453,12.29428772,0.408308864,70.60321964,9827.15956,SEDEX
Mount Novit,Novit3,"Cave et al., 2022",48059.84307,46.06818075,0.031956282,107.8235775,0.045038657,0.329347845,10.65921099,2324.704044,13.12586764,0.152851693,12.91457473,37.49454343,SEDEX
Mount Novit,Novit3,"Cave et al., 2022",49240.60915,43.92453128,0.03098547,430.7576529,0.042256393,0.278437183,26.43517046,2299.240176,14.03038184,0.226370863,34.84154046,73.16830335,SEDEX
Mount Novit,Novit3,"Cave et al., 2022",48509.41531,46.29160487,0.003,218.6792178,0.154433381,1.137325268,18.10696906,2339.896021,13.28938007,0.185412634,23.88426008,6899.551772,SEDEX
Mount Novit,Novit3,"Cave et al., 2022",48516.82367,46.66899479,0.247679199,66.79714079,0.088494374,0.331207522,4.736763603,2421.599379,14.20549297,0.101159123,4.773228061,10.20299085,SEDEX
Mount Novit,Novit3,"Cave et al., 2022",50487.41815,51.92608765,0.0035,35.81832373,0.030721244,0.371045781,6.01138213,2540.172971,13.93393375,0.063571359,6.345508457,6.809793082,SEDEX
Mount Novit,Novit3,"Cave et al., 2022",50364.06406,45.71733037,0.004,422.8658624,0.030758551,0.313599265,24.03090262,2383.088481,12.72411665,0.179097794,35.29916863,6816.35712,SEDEX
Mount Novit,Novit3,"Cave et al., 2022",49207.76488,44.86576939,0.015645968,152.1070052,0.041834286,0.299338141,13.73835723,2195.821779,12.45617326,0.121319197,17.301408,58.65784208,SEDEX
Mount Novit,Novit3,"Cave et al., 2022",62142.98361,53.16515711,0.046957046,73.08401769,0.041593862,0.27911176,10.10217731,2167.575203,13.45478599,0.095778194,11.59725312,12.2645662,SEDEX
Mount Novit,Novit3,"Cave et al., 2022",49001.94877,47.58325376,0.015044975,105.2089904,0.022443927,0.240284548,9.684034983,2357.124554,13.52115585,0.09659051,13.48607812,11.45018905,SEDEX
Mount Novit,Novit3,"Cave et al., 2022",48864.88262,46.41451321,0.008401951,93.01243276,0.145544699,0.693709413,12.02527593,2279.790166,13.21649085,0.121795339,13.95296083,26.5654374,SEDEX
Mount Novit,Novit3,"Cave et al., 2022",50655.03152,44.91967832,0.002,184.6865443,0.031946395,0.273592239,16.2104993,2381.066251,13.53597525,0.17506451,20.57162355,276.3110703,SEDEX
Mount Novit,Novit3,"Cave et al., 2022",50199.98236,52.42641761,0.470389752,76.66394067,0.0459477,0.305183034,10.68742583,2367.803764,13.60476548,0.104990915,11.41306527,21.61902911,SEDEX
Mount Novit,Novit3,"Cave et al., 2022",50478.12102,48.34817048,0.014918601,102.1614721,0.039562702,0.23847089,14.37500692,2359.121505,13.38661917,0.097501685,14.35715105,11.20565694,SEDEX
Mount Novit,Novit3,"Cave et al., 2022",50362.23245,48.65515253,0.0035,183.403166,0.052943031,0.357705908,22.52332675,2390.026137,13.76740272,0.176977034,26.05592901,1796.38022,SEDEX
Mount Novit,Novit3,"Cave et al., 2022",48451.48926,97.24194791,0.135703291,48.18001182,0.029277204,0.374814239,12.44607648,2340.22893,13.12040613,0.111558867,14.56864161,12.72605065,SEDEX
Mount Novit,Novit3,"Cave et al., 2022",48913.65248,44.96198766,0.297883717,43.70686081,0.084021212,0.555232519,7.234498341,2324.667587,13.40092387,0.081611262,7.883400574,7.26833328,SEDEX
Mount Novit,Novit3,"Cave et al., 2022",47455.20136,46.71194708,0.367803491,72.87344397,0.080812771,0.0985,4.041103131,2284.591795,13.99557745,0.119102718,4.529456984,4.473427709,SEDEX
Mount Novit,Novit3,"Cave et al., 2022",57288.93511,43.26375053,0.319568984,72.35542588,0.065813259,0.0955,11.01566236,2307.988765,13.29566616,0.156685343,14.35357806,12.19475127,SEDEX
"Efemcukuru, Turkey",S4,"Frenzel et al., 2020",39310,12870,0.476,7250,2.51,1.5,48,731,6.255624944,4440,6.97,16.03,Epithermal
"Efemcukuru, Turkey",S4,"Frenzel et al., 2020",46300,14480,0.588,8020,3.82,1.5,83.1,1005,7.484509137,5630,16.98,22.5,Epithermal
"Efemcukuru, Turkey",S4,"Frenzel et al., 2020",37230,15960,0.15,2670,1.8,1.5,18.57,590,1.624251009,1172,0.489,1.19,Epithermal
"Efemcukuru, Turkey",S4,"Frenzel et al., 2020",50400,14980,0.346,5160,1.37,1.5,31.9,773,6.914616964,1732,0.527,1.76,Epithermal
"Efemcukuru, Turkey",S4,"Frenzel et al., 2020",50720,14450,0.333,1225,1.5,1.5,12.76,710,6.02644366,1015,0.2,0.354,Epithermal
"Efemcukuru, Turkey",S4,"Frenzel et al., 2020",43850,12330,0.415,9600,1.31,1.5,47,662.6,7.70971109,1349,0.976,4.8,Epithermal
"Efemcukuru, Turkey",S4,"Frenzel et al., 2020",31720,9810,1.344,15570,5.44,1.5,94.6,810,0.5,2960,4.04,10.07,Epithermal
"Efemcukuru, Turkey",S4,"Frenzel et al., 2020",48050,13200,0.435,3043,2.05,1.5,31.05,821,11.01649397,2614,0.53,1.19,Epithermal
"Efemcukuru, Turkey",S4,"Frenzel et al., 2020",31500,8350,0.15,19320,1.62,1.5,132,704,0.5,1429,6,297,Epithermal
"Efemcukuru, Turkey",S4,"Frenzel et al., 2020",36570,14420,0.15,17040,1.97,1.5,108.9,686.3,3.628505015,2190,9.2,11.99,Epithermal
"Efemcukuru, Turkey",S4,"Frenzel et al., 2020",35420,13640,0.15,14130,1.33,1.5,76.9,672,4.444474995,1357,0.87,193,Epithermal
"Efemcukuru, Turkey",S4,"Frenzel et al., 2020",48890,15370,0.592,8470,3.31,1.5,82.6,1090,0.5,4415,15.28,20.07,Epithermal
"Efemcukuru, Turkey",S4,"Frenzel et al., 2020",43650,13130,0.498,4750,2.67,1.5,46.9,890,6.362501532,3320,7.43,9.05,Epithermal
"Efemcukuru, Turkey",S4,"Frenzel et al., 2020",49400,14050,0.425,10690,2.13,1.5,55,716,9.97435754,3920,3.04,5.29,Epithermal
Lisheen,sphII,"Frenzel et al., 2020",3481,44.8,0.233,720,0.019,176.32,100,882.4,0.01,0.04,1.811,2850,MVT
Lisheen,sphII,"Frenzel et al., 2020",3449,3,1.639,573,0.03,159.79,40.2,1161,0.01,0.04,4.37,370.7,MVT
Lisheen,sphII,"Frenzel et al., 2020",3509,88.4,0.273,1021,0.0382,144.594,129.4,880.8,0.01,0.04,11.9,2021,MVT
Lisheen,sphII,"Frenzel et al., 2020",3658,3.2,0.297,1050,0.0131,129.63,119.5,834.2,0.001,0.023,9.84,1393,MVT
Lisheen,sphII,"Frenzel et al., 2020",6425,153.8,1.368,1698,0.0177,266.568,138.6,973.2,0.001,0.0199,1.764,7010,MVT
Lisheen,sphII,"Frenzel et al., 2020",5783,20.85,0.234,813,0.1615,101.8596,106.21,961.1,0.001,0.0216,7.24,632.7,MVT
Lisheen,sphII,"Frenzel et al., 2020",5969,17.79,0.1489,6373,0.0056,245.514,359.2,962.9,0.001,0.0179,0.452,6939,MVT
Lisheen,sphII,"Frenzel et al., 2020",5730,13.85,0.1823,7023,0.0067,341.968,400,962.6,0.001,0.0194,0.453,6129,MVT
Lisheen,sphII,"Frenzel et al., 2020",5307,16.58,0.18,2187,0.0095,235.712,126.16,966.2,0.001,0.0185,0.608,6961,MVT
Lisheen,sphII,"Frenzel et al., 2020",4905,400.8,0.2277,1534,0.028,197.0086,105.02,1045.1,0.001,0.0195,2.333,5696,MVT
Lisheen,sphII,"Frenzel et al., 2020",4138,14.71,0.2925,1577,0.0182,186.3192,102.49,960.9,0.001,0.0211,0.538,6854,MVT
Lisheen,sphII,"Frenzel et al., 2020",5540,12.72,0.121,5457,0.015,275.558,325.7,941.2,0.001,0.0182,0.814,5943,MVT
Lisheen,sphII,"Frenzel et al., 2020",6709,33.13,0.758,3972,0.1817,180.206,184.3,947.8,0.001,0.0168,5.17,3580,MVT
Lisheen,sphII,"Frenzel et al., 2020",5215,42,0.113,2890,0.065,171.854,233,942.7,0.01,0.04,2.844,4676,MVT
Lisheen,sphII,"Frenzel et al., 2020",4837,15.58,0.179,2290,0.03,253.344,138.4,962.3,0.01,0.04,0.602,7437,MVT
Lisheen,sphI,"Frenzel et al., 2020",5260,85.5,0.929,53.3,0.73,18.038,0.76,1071,0.05,0.3,0.53,2.51,MVT
Lisheen,sphI,"Frenzel et al., 2020",5710,92.4,1.22,87,0.2,15.776,8.3,1007,0.05,0.3,4.52,26.5,MVT
Lisheen,sphI,"Frenzel et al., 2020",5990,95.2,1.172,468,3.18,108.866,30.1,1051,0.06446,0.3,20.9,81,MVT
Lisheen,sphI,"Frenzel et al., 2020",6360,96.4,0.975,362.8,5.31,119.364,5.42,1028,0.05,0.3,6.74,23.2,MVT
Lisheen,sphI,"Frenzel et al., 2020",5980,70,1.186,410,1.16,67.338,33.1,900,0.05,0.3,16.3,88.6,MVT
Lisheen,sphI,"Frenzel et al., 2020",6730,89,0.74,258.7,2.09,28.1068,15.17,895,0.05,0.3,11.06,42.1,MVT
Lisheen,sphI,"Frenzel et al., 2020",4130,1.88,2.51,133.9,2.12,39.092,5.5,660,0.05,0.3,0.88,129,MVT
Lisheen,sphI,"Frenzel et al., 2020",4465,1.58,1.76,3681,0.2,150.394,460.1,895,0.05,0.3,18.8,1844,MVT
Lisheen,sphI,"Frenzel et al., 2020",5589,3.48,2.65,60.3,0.2,14.8132,16.32,654.3,0.05,0.3,0.2,1119,MVT
Lisheen,sphI,"Frenzel et al., 2020",5020,1.49,1.631,393,0.2,79.808,11.45,635,0.05,0.3,0.71,66.9,MVT
Lisheen,sphI,"Frenzel et al., 2020",5337,1.93,2.483,524.7,0.03,210.598,6.89,556.6,0.01,0.04,0.099,46.7,MVT
Lisheen,sphI,"Frenzel et al., 2020",4297,1.788,2.65,47.7,0.03,8.12,11.21,747.9,0.01,0.04,0.04,997,MVT
Lisheen,sphI,"Frenzel et al., 2020",3530,1.09,1.69,108.2,1.41,16.472,12.58,670,0.05,0.3,1.36,100.6,MVT
Lisheen,sphI,"Frenzel et al., 2020",2640,1.05,2.33,73.2,0.2,6.554,12.51,825,0.05,0.3,1.2,27,MVT
Lisheen,sphI,"Frenzel et al., 2020",2816,1.183,1.909,293,0.03,22.4692,46.3,809.6,0.01,0.11648,1.89,738,MVT
Lisheen,sphI,"Frenzel et al., 2020",2882,0.931,2.308,20.1,1.29,3.3118,1.475,839.7,0.01,0.04,0.83,2.98,MVT
Lisheen,sphI,"Frenzel et al., 2020",3747,6.06,1.035,686,0.526,80.214,64.4,496.5,0.05,0.3,6.71,458,MVT
Lisheen,sphI,"Frenzel et al., 2020",3257,4.17,0.375,412,0.2,119.828,80,589.3,0.05,0.3,0.2,4436,MVT
Lisheen,sphI,"Frenzel et al., 2020",2567,0.75,1.349,119.7,3.88,27.84,2.12,620,0.05,0.3,1.47,9.27,MVT
Lisheen,sphI,"Frenzel et al., 2020",2739,4.13,0.725,434.2,0.2,116.116,54.4,680,0.05,0.3,0.2,2512,MVT
Lisheen,sphI,"Frenzel et al., 2020",2647,0.34599,1.71,93.3,7.16,25.114,3.95,721,0.05,0.3,1.79,10.52,MVT
Lisheen,sphI,"Frenzel et al., 2020",5680,3.65,1.27,66.6,0.2,16.066,9.3,869,0.05,0.3,1.71,71.3,MVT
Lisheen,sphI,"Frenzel et al., 2020",6720,14.96,1.183,1395,0.2,82.766,122.2,795,0.05,0.3,15,807,MVT
Lisheen,sphI,"Frenzel et al., 2020",7140,40.7,0.15,1298,0.2,217.674,167.5,1199,0.05,0.3,2.05,3563,MVT
Baoshan epi,724-5-1,"Zhang et al., 2022",51583,1770,0.112511135,2054,19.45,0.3,121.1,5341,5.5,32.3,87.33,50.93,Epithermal
Baoshan epi,724-5-1,"Zhang et al., 2022",37516,1394,0.105992886,4032,23.32,0.3,136.8,4357,3.6,38.2,94.24,80.78,Epithermal
Baoshan epi,724-5-1,"Zhang et al., 2022",41066,1640,0.104871473,3112,21.18,0.2,209.2,4823,10.7,83.8,257.37,154.86,Epithermal
Baoshan epi,724-5-1,"Zhang et al., 2022",40961,1593,0.10540851,5711,20.34,0.3,244.3,4294,26.2,40.2,184.25,4097.37,Epithermal
Baoshan epi,724-5-1,"Zhang et al., 2022",33493,1226,0.108387814,13599,20.22,0.078660004,378.4,3878,33.1,53.5,197.59,3591.26,Epithermal
Baoshan epi,724-5-1,"Zhang et al., 2022",44347,2117,0.116637668,3644,41.78,0.082934742,181.7,4529,16.2,55.9,144.84,148.84,Epithermal
Baoshan epi,724-5-2,"Zhang et al., 2022",38992,1822,0.1179681,536,48.68,0.2,225.8,4164,29.4,16.5,169.55,156.91,Epithermal
Baoshan epi,724-5-2,"Zhang et al., 2022",47801,2349,0.129972751,173,42.03,0.2,73.5,4642,21.5,12.5,32.15,28.22,Epithermal
Baoshan epi,724-5-2,"Zhang et al., 2022",38510,1840,0.130152292,1511,32.02,0.2,390.2,4438,22.4,43.1,232.3,352.88,Epithermal
Baoshan epi,724-5-2,"Zhang et al., 2022",41949,1861,0.106804458,462,29.32,0.3,60.7,4491,25.9,12.7,49.39,53.26,Epithermal
Baoshan epi,724-5-2,"Zhang et al., 2022",47749,2016,0.100562339,1492,45.77,0.2,110.2,5155,27.9,31.2,58.22,160.12,Epithermal
Baoshan epi,724-5-2,"Zhang et al., 2022",51867,2174,0.095654957,653,23.56,0.2,74.3,5541,20.8,13.8,33.4,32.71,Epithermal
Baoshan epi,724-5-2,"Zhang et al., 2022",41399,1712,0.100506659,616,56.38,0.3,78.5,4739,22.6,22,100.64,70.29,Epithermal
Baoshan epi,724-5-2,"Zhang et al., 2022",41847,1680,0.100663064,584,54.77,0.2,114.9,4647,12.5,18.3,113.6,150.74,Epithermal
Baoshan epi,724-5-2,"Zhang et al., 2022",38210,1498,0.100580442,633,40.35,0.074711975,132.8,4446,28.8,10.7,123.19,91.07,Epithermal
Baoshan epi,724-5-2,"Zhang et al., 2022",44049,1709,0.118521112,2010,38.37,0.086700226,243.9,5230,21.1,44.8,220.97,188.7,Epithermal
Baoshan epi,724-5-2,"Zhang et al., 2022",40450,1675,0.10288484,2044,29.39,0.3,200.2,4580,23.9,29.5,152.23,635.11,Epithermal
Baoshan epi,724-5-2,"Zhang et al., 2022",54652,2212,0.113003618,598,43.15,0.079851274,138.8,5729,18.1,11.5,86.78,70.32,Epithermal
Baoshan epi,724-5-2,"Zhang et al., 2022",49565,1963,0.112197719,1348,17.38,0.079653184,153.4,5605,56.1,31.9,148.27,117.89,Epithermal
Baoshan epi,724-5-2,"Zhang et al., 2022",52980,2195,0.114441551,742,38.83,0.076704481,79.3,5326,28,8.2,38.69,72.15,Epithermal
Baoshan epi,724-6-5,"Zhang et al., 2022",29313,5026,0.120572379,1543,62.67,1.3,32.2,9664,11.3,975.4,59.48,25.61,Epithermal
Baoshan epi,724-6-5,"Zhang et al., 2022",27641,4741,0.115906839,2130,69.61,0.094059271,39,8851,11.5,1208.4,66.88,14.9,Epithermal
Baoshan epi,724-6-5,"Zhang et al., 2022",28339,5757,0.119362386,1551,64.01,1.3,10.3,9126,10.9,1258,2.44,8.53,Epithermal
Baoshan epi,724-6-5,"Zhang et al., 2022",26974,6320,0.118774387,1768,66.25,0.5,16.1,8677,8,1276.6,25.03,12.6,Epithermal
Baoshan epi,724-6-5,"Zhang et al., 2022",28055,6181,0.119799792,1717,62.27,3.2,11.7,9093,19.2,1246.3,8.02,5.25,Epithermal
Baoshan epi,724-6-5,"Zhang et al., 2022",27115,4204,0.120954308,1837,58.59,1.9,27.1,9075,10,1044.5,49.64,19.84,Epithermal
Baoshan epi,724-6-5,"Zhang et al., 2022",25571,5849,0.109388013,1654,59.38,0.082658749,25.7,8231,12.8,1053.3,53.58,16.74,Epithermal
Baoshan epi,724-6-5,"Zhang et al., 2022",23979,5789,0.111674185,773,29.89,0.081584756,12.1,8008,7.2,371.1,8.47,8.22,Epithermal
Baoshan epi,724-6-6,"Zhang et al., 2022",35933,4242,0.119055424,3152,67.06,0.084990253,25.1,11205,18.7,1754.4,32.36,13.5,Epithermal
Baoshan epi,724-6-6,"Zhang et al., 2022",31551,3319,0.120153048,2056,55.89,0.083409549,19.2,10187,16.5,1238.2,22.66,31.9,Epithermal
Baoshan epi,724-6-6,"Zhang et al., 2022",33877,4155,0.124152872,2647,57.11,0.3,16,11014,20.7,2042.7,10.19,15.32,Epithermal
Baoshan epi,724-6-6,"Zhang et al., 2022",32204,4007,0.127678146,3474,61.26,0.2,17.9,10729,29.1,2272.5,13.91,128.68,Epithermal
Baoshan epi,724-6-6,"Zhang et al., 2022",35496,4486,0.132260311,4876,60.03,0.6,12.7,10976,24.8,1815.7,2.22,6.29,Epithermal
Baoshan epi,724-6-6,"Zhang et al., 2022",33195,3962,0.132117575,1214,70.22,2.4,7.9,10454,28.3,944.8,6.37,1.98,Epithermal
Baoshan epi,724-6-6,"Zhang et al., 2022",35173,4120,0.135447155,5595,58.83,0.088017151,565.8,11039,29.8,1693,2133.97,34.71,Epithermal
Baoshan epi,724-6-6,"Zhang et al., 2022",48229,4514,0.170609492,696,17.04,0.7,38.4,10895,4.2,222.6,48.11,203.7,Epithermal
Baoshan epi,724-6-6,"Zhang et al., 2022",36481,4555,0.121216551,3771,69.26,0.5,22.4,11252,36.1,2630.8,18.06,7.87,Epithermal
Baoshan epi,724-6-6,"Zhang et al., 2022",39193,5139,0.121111212,2833,23.23,0.9,9.4,11216,2,65.2,3.14,26.61,Epithermal
Baoshan epi,729-1-1,"Zhang et al., 2022",24724,1139,0.123883413,30,3.6,0.3,2.9,4385,0.4,8.6,14.89,4.28,Epithermal
Baoshan epi,729-1-1,"Zhang et al., 2022",12023,1341,0.111854755,44,9.91,0.5,0.8,3319,2.5,25.5,1.11,0.54,Epithermal
Baoshan epi,729-1-1,"Zhang et al., 2022",27652,1170,0.118462334,12,3.57,0.3,0.7,5120,0.7,2.1,1.03,1.18,Epithermal
Baoshan epi,729-1-1,"Zhang et al., 2022",27299,1182,0.124344784,25,4.61,0.4,1.5,5028,1.1,8.8,3.56,1.81,Epithermal
Baoshan epi,729-1-1,"Zhang et al., 2022",21755,961,0.119668797,243,23.01,4.7,5.2,3931,2.3,123.6,22.73,4.63,Epithermal
Baoshan epi,729-1-1,"Zhang et al., 2022",41509,4791,0.115072525,601,17.8,0.4,6.9,7225,5.2,444.8,19.34,14.13,Epithermal
Baoshan epi,729-1-1,"Zhang et al., 2022",53296,4222,0.131731071,80,13.19,2,7.3,7188,0.2,14.3,21.39,5.31,Epithermal
Baoshan epi,729-1-1,"Zhang et al., 2022",46247,2758,0.110078658,169,10.55,3.5,7.2,5736,0.1,12.7,32.95,4.92,Epithermal
Baoshan epi,729-1-1,"Zhang et al., 2022",40299,2200,0.118673555,2530,28.04,19.5,5.6,4290,0.1,7.5,36.85,22.13,Epithermal
Baoshan epi,729-1-1,"Zhang et al., 2022",38265,2792,0.112020609,309,15.98,5.5,17.4,5080,0.4,18.7,43.67,54.96,Epithermal
Baoshan epi,729-1-1,"Zhang et al., 2022",51721,2571,0.096171619,2429,6.1,4.4,155.7,4603,4.4,19.1,98.62,1272.38,Epithermal
Baoshan epi,729-1-1,"Zhang et al., 2022",93956,4270,0.113597814,2888,10.33,7.6,49.6,5407,20.2,19.6,289.28,2951.49,Epithermal
Baoshan epi,729-1-1,"Zhang et al., 2022",43987,2460,0.101341716,4476,8.72,4.6,27.7,5749,6.9,25,87.16,976.57,Epithermal
Baoshan epi,729-1-1,"Zhang et al., 2022",32353,3557,0.109292101,1268,34.62,0.7,2.5,5824,11.1,998.7,5.1,1.21,Epithermal
Baoshan epi,729-1-1,"Zhang et al., 2022",79434,3842,0.145383238,1464,6.08,2.8,22.9,6408,8.2,21.7,89.5,644.02,Epithermal
Baoshan epi,729-1-1,"Zhang et al., 2022",40965,1930,0.103623076,3156,8.89,7.8,16.4,5435,0.4,12.7,62.04,1562.87,Epithermal
Baoshan epi,729-1-1,"Zhang et al., 2022",39454,2258,0.103564446,4362,9.15,8.1,18.2,5316,4.4,25.1,97.99,2556.31,Epithermal
Baoshan epi,729-1-2,"Zhang et al., 2022",47829,1973,0.117150494,72,11.72,3.8,4.2,6669,0.1,10.9,12.92,6.77,Epithermal
Baoshan epi,729-1-2,"Zhang et al., 2022",43965,1845,0.113783331,123,10.81,3.2,5.9,5780,0.1,9.7,3.57,7.68,Epithermal
Baoshan epi,729-1-2,"Zhang et al., 2022",41271,1637,0.102078662,41,5.71,1.4,2.7,5649,0.1,9.2,12.08,2.97,Epithermal
Baoshan epi,729-1-2,"Zhang et al., 2022",40891,1659,0.108621065,33,6.86,1.6,1.4,5138,0.1,5,3.66,5.8,Epithermal
Baoshan epi,729-1-2,"Zhang et al., 2022",38679,1618,0.11205568,77,9.45,3,6.3,5477,0.2,17.1,25.47,27,Epithermal
Baoshan epi,729-1-2,"Zhang et al., 2022",34466,2182,0.111510682,184,8.17,0.5,17.2,4520,0.9,51.2,16.78,74.3,Epithermal
Baoshan epi,729-1-2,"Zhang et al., 2022",35466,2674,0.11901661,389,18.29,0.7,15.3,4749,3.9,213.8,27.52,64,Epithermal
Baoshan epi,729-1-3,"Zhang et al., 2022",30068,1316,0.136890772,90,2.77,0.3,0.8,6676,0.3,0.9,0.198340084,0.2,Epithermal
Baoshan epi,729-1-3,"Zhang et al., 2022",24895,1004,0.113146813,228,15.46,4.7,7.4,4749,0.1,13.7,105.33,5.09,Epithermal
Baoshan epi,729-1-3,"Zhang et al., 2022",29903,1516,0.137972176,108,6.8,1.5,14.6,5799,3.8,34,45.15,23.35,Epithermal
Baoshan epi,729-1-3,"Zhang et al., 2022",24566,1085,0.122549761,823,46.94,16.5,29.9,4703,0.6,53.7,387.98,26.03,Epithermal
Baoshan epi,729-1-3,"Zhang et al., 2022",11582,1285,0.129168104,82,13.31,1.5,15.4,3943,3.3,31.1,33.1,14.03,Epithermal
Baoshan epi,729-1-3,"Zhang et al., 2022",12688,866,0.116312129,47,4.17,1.8,3.7,3358,2.1,25.5,2.35,5.04,Epithermal
Baoshan epi,729-1-3,"Zhang et al., 2022",12872,1483,0.113879938,216,18.79,1.2,1.8,3945,11,139.7,1.08,2.68,Epithermal
Baoshan epi,729-1-3,"Zhang et al., 2022",10474,1049,0.110716392,19,3.4,2,0.7,3968,1.9,8.2,2.5,15.28,Epithermal
Baoshan epi,729-1-3,"Zhang et al., 2022",11761,996,0.109699255,40,5.72,2.1,2,3109,4,19.4,2.77,122.68,Epithermal
Baoshan epi,729-1-3,"Zhang et al., 2022",37366,2722,0.255472029,820,10.68,7.1,5.9,4116,3.7,429.3,42.02,20.42,Epithermal
Baoshan epi,729-1-3,"Zhang et al., 2022",50388,1826,0.124456236,225,18.61,0.2,16,3834,68.7,110.3,25.01,201.88,Epithermal
Baoshan epi,729-1-3,"Zhang et al., 2022",21833,1186,0.121545568,52,5.39,0.9,2.7,4050,1.8,32.6,7.61,3.03,Epithermal
Baoshan epi,729-1-3,"Zhang et al., 2022",9039,762,0.112961214,77,8.88,0.070049687,4.3,2458,2.3,37.5,8.35,4.34,Epithermal
Baoshan epi,729-1-7,"Zhang et al., 2022",17149,2397,0.133994696,282,14.38,0.3,5.5,4114,8.5,201.8,20.31,5.85,Epithermal
Baoshan epi,729-1-7,"Zhang et al., 2022",12574,1208,0.113932176,226,31.45,2.2,7.6,3486,6.2,91,20.46,18.08,Epithermal
Baoshan epi,729-1-7,"Zhang et al., 2022",10702,1273,0.114983959,283,30.44,1.6,9,3498,4.9,150,30.7,16.19,Epithermal
Baoshan epi,731-4-5,"Zhang et al., 2022",2780,2285,0.107140773,312,9.4,10.7,33.5,6093,4,81.4,51.03,9.83,Epithermal
Baoshan epi,731-4-5,"Zhang et al., 2022",2604,2007,0.101671172,826,3.98,9.5,60.7,6098,8.9,199.3,118.01,26.81,Epithermal
Baoshan epi,731-4-5,"Zhang et al., 2022",2404,2275,0.110290409,3115,15.03,21.8,182.7,7687,56.1,907.3,429.24,78.69,Epithermal
Baoshan epi,731-4-5,"Zhang et al., 2022",1191,2228,0.116774552,1693,5.67,10.9,135,10069,15.2,478.5,111.28,87.11,Epithermal
Baoshan epi,731-4-5,"Zhang et al., 2022",947,2406,0.110299445,613,23.98,19,45.2,8480,1.6,35.6,130.45,15.43,Epithermal
Baoshan epi,731-4-5,"Zhang et al., 2022",461,5532,0.119293231,1178,78.84,79.5,90.4,10907,2.8,36.6,181.34,41.23,Epithermal
Baoshan epi,731-4-5,"Zhang et al., 2022",393,4085,0.118826334,81,19.02,0.6,16.1,11179,1.3,15.3,13.2,8.12,Epithermal
Baoshan epi,731-4-5,"Zhang et al., 2022",591,1248,0.112102059,1143,45.28,66.3,51.7,7164,4,119.7,145.97,20.17,Epithermal
Baoshan epi,731-4-5,"Zhang et al., 2022",35498,2607,0.110552889,10464,64.45,17.4,37.8,7461,23,1046.7,111.2,11.91,Epithermal
Baoshan epi,731-4-5,"Zhang et al., 2022",8932,1693,0.107661099,3104,113.64,12,51.3,7915,23.3,1749.6,85.48,11.08,Epithermal
Baoshan epi,731-4-6,"Zhang et al., 2022",3553,1859,0.115386996,2279,5.71,6.9,147.5,9437,14.2,580.3,212.17,76.14,Epithermal
Baoshan epi,731-4-6,"Zhang et al., 2022",13879,2162,0.14460365,3173,32.62,40.2,159.5,10793,59.8,420.6,39.04,103.1,Epithermal
Baoshan epi,731-4-6,"Zhang et al., 2022",855,2086,0.122885222,1582,12.76,6.5,90.1,14028,10.7,329.4,153.72,67.08,Epithermal
Baoshan epi,731-4-6,"Zhang et al., 2022",1271,1418,0.110480244,814,20.3,8,22.6,7816,10.4,474.8,47.33,10.12,Epithermal
Baoshan epi,731-4-6,"Zhang et al., 2022",22590,1800,0.119784474,15637,33.35,17.3,31.1,6789,13.6,1012.2,42.31,4.61,Epithermal
Baoshan epi,731-4-6,"Zhang et al., 2022",1322,1008,0.108719738,376,25.96,0.076800817,6.8,5094,74.7,231.5,6.77,4.67,Epithermal
Baoshan epi,731-4-6,"Zhang et al., 2022",2656,1013,0.10446316,761,8.28,0.076328914,10.5,4902,79.6,552.8,3.43,1.17,Epithermal
Baoshan epi,801-10-5,"Zhang et al., 2022",48613,1635,0.107879102,754,26.39,0.079283492,3.2,3861,436.4,376.7,6.89,1.12,Epithermal
Baoshan epi,801-10-5,"Zhang et al., 2022",33980,1154,0.107305867,597,20.36,0.3,3.8,2596,256,132.6,9.29,14.15,Epithermal
Baoshan epi,801-10-5,"Zhang et al., 2022",36061,1290,0.103987503,1034,21.67,0.3,2.6,2733,243.4,90.3,2.33,45.43,Epithermal
Baoshan epi,801-10-5,"Zhang et al., 2022",41995,1343,0.102862539,411,21.07,0.078055445,2.3,3092,307,118,6.01,1.64,Epithermal
Baoshan epi,801-10-5,"Zhang et al., 2022",47256,1689,0.11463021,619,20.86,0.3,5.8,3441,349.3,114.6,8.17,19.64,Epithermal
Baoshan epi,801-10-5,"Zhang et al., 2022",36006,1190,0.095686496,837,19.52,0.3,2.5,2597,338,354.2,2.55,5.61,Epithermal
Baoshan epi,801-10-5,"Zhang et al., 2022",46410,1663,0.112348991,629,26.25,0.4,5.7,3247,422.1,108.4,2.63,29.57,Epithermal
Baoshan epi,801-10-5,"Zhang et al., 2022",40858,1339,0.094909355,455,27.53,0.4,1.7,2754,389.7,92.9,3.35,0.33,Epithermal
Baoshan epi,801-10-5,"Zhang et al., 2022",46714,1559,0.105001172,1987,24.17,0.4,7.3,3137,433.4,1384,2.23,1.55,Epithermal
Baoshan epi,801-10-5,"Zhang et al., 2022",41871,1434,0.105510611,424,25.33,0.2,2.9,2836,268.1,191.8,4.49,2.99,Epithermal
Baoshan epi,801-10-5,"Zhang et al., 2022",38800,1207,0.096642114,600,18.83,0.3,1.9,2645,247,264.4,0.156038149,0.58,Epithermal
Baoshan epi,801-10-5,"Zhang et al., 2022",51104,1698,0.114870553,330,21.49,0.086665754,2.1,3388,282.8,86.7,1.11,3.16,Epithermal
Baoshan epi,801-10-5,"Zhang et al., 2022",52597,1749,0.11624588,280,18.29,0.2,1.9,3528,242.3,87.4,0.88,2.03,Epithermal
Baoshan epi,801-10-5,"Zhang et al., 2022",43444,1475,0.110192928,303,16.81,0.2,3.7,2939,210.7,69.1,8.35,5.55,Epithermal
Baoshan epi,801-10-5,"Zhang et al., 2022",45444,1397,0.104321064,697,26.85,0.2,4.3,3122,256.9,307.1,11.01,3.06,Epithermal
Baoshan epi,801-10-5,"Zhang et al., 2022",45412,1518,0.107133367,330,14.12,0.3,2,3055,248,72.5,1.81,5.74,Epithermal
Baoshan epi,801-10-5,"Zhang et al., 2022",47134,1483,0.106245844,411,22.16,0.2,1.8,3240,238.9,103.6,1.65,0.32,Epithermal
Baoshan epi,801-10-5,"Zhang et al., 2022",42082,1403,0.106274067,581,32.17,0.3,2.3,2933,289.1,227,0.174855792,0.14,Epithermal
Baoshan epi,801-10-5,"Zhang et al., 2022",39766,1227,0.103981576,3189,25.88,0.3,5.2,2734,367.8,527.9,10.58,96.4,Epithermal
Baoshan epi,801-10-5,"Zhang et al., 2022",44972,1532,0.113547995,565,30.68,0.5,2.7,3095,444.8,167.6,0.186770526,0.09,Epithermal
Baoshan epi,801-10-5,"Zhang et al., 2022",39996,1309,0.107555761,802,21.12,0.4,3.4,2705,412.2,174.2,4.08,9.89,Epithermal
Baoshan epi,801-10-5,"Zhang et al., 2022",41706,1408,0.111851085,373,29.79,0.4,2.4,2913,221.4,77.8,4.47,5.57,Epithermal
Baoshan epi,801-10-5,"Zhang et al., 2022",43858,1355,0.110718037,323,13.73,0.090580745,1.4,3028,265.9,79.1,0.182272093,0.13,Epithermal
Baoshan epi,801-10-8,"Zhang et al., 2022",49293,1400,0.106697965,482,22.47,0.7,4.2,3301,383.9,91.1,5.81,15.72,Epithermal
Baoshan epi,801-10-8,"Zhang et al., 2022",52970,1671,0.131842464,827,27.94,0.8,3.6,3582,391.2,414.8,4.37,4.36,Epithermal
Baoshan epi,801-10-8,"Zhang et al., 2022",51437,1618,0.122547141,429,15.93,0.102361079,2,3459,424.7,80.4,2.77,1.19,Epithermal
Baoshan epi,801-10-8,"Zhang et al., 2022",46723,1524,0.119985701,1036,33.37,0.4,3.3,3205,393.3,475.1,0.204910061,0.98,Epithermal
Baoshan epi,801-10-8,"Zhang et al., 2022",39751,1263,0.113820202,574,28.93,0.094764844,1.7,2750,333.4,201.4,0.19564047,1.25,Epithermal
Baoshan epi,801-10-8,"Zhang et al., 2022",37425,1074,0.107172582,714,26.55,0.4,2.5,2592,330.3,216,1.86,5.33,Epithermal
Baoshan epi,801-10-9,"Zhang et al., 2022",40663,1163,0.10596074,694,27.56,0.3,3.4,2762,557.2,56.5,2.64,4.92,Epithermal
Baoshan epi,801-10-9,"Zhang et al., 2022",42448,1163,0.116338266,686,18.47,0.3,3.2,2969,594.4,49.7,6.7,2.82,Epithermal
Baoshan epi,801-10-9,"Zhang et al., 2022",41907,1145,0.096464462,556,29.09,0.5,1.8,2895,481.4,64.8,0.171483835,1.42,Epithermal
Baoshan epi,801-10-9,"Zhang et al., 2022",37734,919,0.123687503,540,19.23,0.5,4,2528,449.4,54.6,7.31,9.88,Epithermal
Baoshan epi,815-12-6,"Zhang et al., 2022",3006,2394,0.11239754,2364,157.05,13,131.4,4986,120.6,993.4,206.37,354.63,Epithermal
Baoshan epi,815-12-6,"Zhang et al., 2022",2534,2151,0.107796988,3480,60.33,4.2,59.6,4853,84.2,2337.7,128.59,17.8,Epithermal
Baoshan epi,815-12-6,"Zhang et al., 2022",660,2577,0.12132008,982,18.06,25.7,74,6197,4.4,185.9,178.3,15.96,Epithermal
Baoshan epi,815-12-6,"Zhang et al., 2022",806,1398,0.109803496,690,68.14,5.4,3.8,4181,92.3,507.6,4.49,0.47,Epithermal
Baoshan epi,815-12-6,"Zhang et al., 2022",351,2057,0.101447555,1002,168.62,4.9,23.8,5472,32.5,171.4,78.78,19.97,Epithermal
Baoshan epi,815-12-6,"Zhang et al., 2022",1919,1427,0.102991949,737,121.44,5.2,17.2,4435,12.6,158,38.89,5.49,Epithermal
Baoshan epi,815-12-6,"Zhang et al., 2022",6725,1635,0.092391845,3368,184.52,30.5,95.2,4574,80.6,606.2,309.5,16.88,Epithermal
Baoshan epi,815-12-6,"Zhang et al., 2022",290,2777,0.108236358,2021,27.95,41.5,92.9,3856,3.8,32.9,187.13,58.53,Epithermal
Baoshan epi,815-12-6,"Zhang et al., 2022",370,2568,0.130908687,1004,91.89,24.5,60.1,5289,7.2,43.6,232.52,18.22,Epithermal
Baoshan epi,815-12-6,"Zhang et al., 2022",330,1646,0.122764824,1614,133.14,34.6,87.6,5903,41.9,134.6,293,37.79,Epithermal
Baoshan epi,815-12-6,"Zhang et al., 2022",447,1335,0.123763714,802,70.86,8.6,64.6,4988,23.4,215,76.66,14.77,Epithermal
Baoshan epi,815-12-6,"Zhang et al., 2022",7061,4896,0.144509747,871,56.51,7.1,35.7,5627,60.8,391.6,62.29,23.62,Epithermal
Baoshan epi,815-12-6,"Zhang et al., 2022",17443,5412,0.137491461,5170,105.58,10.9,100.8,6049,51.8,563.8,88.68,53.54,Epithermal
Baoshan epi,815-12-6,"Zhang et al., 2022",2312,4668,0.124542779,3617,55.87,26.6,216.8,5671,19.8,314.9,253.24,87.67,Epithermal
Baoshan Skarn,472,"Zhang et al., 2022",40236,333,327.91,498,0.09,1.6,4,2809,365.6,1.1,0.02,1.01,Skarn
Baoshan Skarn,472,"Zhang et al., 2022",39800,284,327.22,850,0.09,1.7,7,2849,390.6,1,0.13,1.43,Skarn
Baoshan Skarn,472,"Zhang et al., 2022",40549,338,315.18,8407,0.22,1.8,67.2,2634,479.3,6.1,3.49,7.26,Skarn
Baoshan Skarn,472,"Zhang et al., 2022",41476,355,320.92,7408,0.19,1.3,67,2593,469.7,8.4,5.9,4.63,Skarn
Baoshan Skarn,472,"Zhang et al., 2022",35338,258,898.34,1917,0.14,1.5,34.8,2960,961.2,23.7,9.56,13.6,Skarn
Baoshan Skarn,472,"Zhang et al., 2022",35815,277,907.71,2922,0.07,1.9,28.1,2874,502.9,22.4,3.93,9.89,Skarn
Baoshan Skarn,472,"Zhang et al., 2022",39793,290,871.47,2490,0.0344,1.6,6.6,3058,450.9,1.7,0.04,2.61,Skarn
Baoshan Skarn,472,"Zhang et al., 2022",43932,271,820.66,2525,0.14,1.7,13.4,2919,667,5.3,1.48,4.82,Skarn
Baoshan Skarn,472,"Zhang et al., 2022",43462,277,821.86,2061,0.28,2,8.7,3001,567.6,7.4,5.83,3.26,Skarn
Baoshan Skarn,472,"Zhang et al., 2022",40161,265,840.09,1084,0.23,1.5,4.3,3012,555.2,15.5,0.03,4.02,Skarn
Baoshan Skarn,472,"Zhang et al., 2022",45721,293,811.82,3593,0.19,1.2,5.6,3022,502.7,4,0.25,1.12,Skarn
Baoshan Skarn,472,"Zhang et al., 2022",39907,259,872.06,1917,0.22,2,11.6,3016,470.6,8.2,0.25,2.78,Skarn
Baoshan Skarn,472,"Zhang et al., 2022",41345,282,822.09,1539,0.0362,1.6,9.5,3031,489.4,3.6,3.93,2.4,Skarn
Baoshan Skarn,472,"Zhang et al., 2022",37507,226,916.87,1512,0.09,1.5,16.8,2939,462,20.7,5.94,6.09,Skarn
Cerro de Maimón,RD-CM-prov1,"Torró et al., 2022",551.7911803,406.0060505,0.070816223,82.05730054,69.63722667,1.008296576,2.635322306,3496.986393,10.18306541,0.253140389,0.366196679,1.942744679,VMS
Cerro de Maimón,RD-CM-prov1,"Torró et al., 2022",643.452137,533.3677161,0.068840668,110.4796799,80.86662737,0.78354966,2.75041453,3889.499098,10.24220079,0.502273403,0.130384344,10.4721433,VMS
Cerro de Maimón,RD-CM-prov1,"Torró et al., 2022",613.581863,494.0961547,0.054390081,116.3961172,95.44595118,0.972187906,3.447594676,3831.988116,9.979188208,0.358825871,0.510641698,18.52626644,VMS
Cerro de Maimón,RD-CM-prov1,"Torró et al., 2022",581.289,481.52,0.051838,130.907,91.6594,1.56623,3.1795,3740.67,10.0778,1.50175,0.202729,8.70398,VMS
Cerro de Maimón,RD-CM-prov1,"Torró et al., 2022",511.6,448.303,0.1144415,147.828,94.229,6.24523,3.13019,3600.86,9.98978,2.45563,3.30305,9.98375,VMS
Cerro de Maimón,RD-CM-prov1,"Torró et al., 2022",568.4,461.565,0.0592145,117.543,94.9672,1.22476,2.73645,3699.5,9.95165,0.300721,0.126049,6.55683,VMS
Cerro de Maimón,RD-CM-prov1,"Torró et al., 2022",572.774,478.161,0.0570055,107.62,79.9943,0.565349,3.10311,3766.84,9.69782,0.160783,0.0307231,3.24093,VMS
Cerro de Maimón,RD-CM-prov1,"Torró et al., 2022",527.774,474.9,0.0625195,124.971,95.6999,1.68068,3.94463,3829.27,9.80846,0.836989,0.182766,9.13268,VMS
Cerro de Maimón,RD-CM-prov1,"Torró et al., 2022",537,538.638,0.0530045,118.878,95.1165,0.568729,4.15885,3577.49,9.47941,0.211456,0.0263615,12.9142,VMS
Cerro de Maimón,RD-CM-prov1,"Torró et al., 2022",554.831,533.925,0.0616235,137.555,95.6522,0.985784,4.48771,3546.12,9.02229,0.276084,0.296641,23.2529,VMS
Cerro de Maimón,RD-CM-prov1,"Torró et al., 2022",541.049,465.606,0.05845,121.594,90.2247,1.50036,3.91933,3574.28,10.4562,0.600813,0.25839,30.4547,VMS
Cerro de Maimón,RD-CM-prov1,"Torró et al., 2022",577.205,446.434,0.0588875,113.962,85.4108,0.676787,3.71365,3709.72,11.2062,0.232058,0.0524017,5.93808,VMS
Cerro de Maimón,RD-CM-prov1,"Torró et al., 2022",595.995,472.237,0.057359,112.219,77.8348,0.804348,3.49604,3833.67,10.4011,0.26129,0.142462,12.5069,VMS
Cerro de Maimón,RD-CM-prov1,"Torró et al., 2022",636.077,416.674,0.072822,112.878,77.2696,0.72642,2.89789,3905.14,10.693,0.323736,0.235967,16.6007,VMS
Cerro de Maimón,RD-CM-prov2,"Torró et al., 2022",19.3213,466.472,0.0536035,150.983,77.993,0.339,9.27908,3553.87,5.94944,0.143664,0.0341484,5.82564,VMS
Cerro de Maimón,RD-CM-prov2,"Torró et al., 2022",4.67544,412.878,0.056564,163.285,72.6215,0.890383,21.3228,3702.94,7.32451,0.437788,0.156533,26.4075,VMS
Cerro de Maimón,RD-CM-prov2,"Torró et al., 2022",16.9781,439.863,0.052892,172.211,81.6913,0.23261,16.009,3413.38,8.59308,0.166405,0.0354539,7.30461,VMS
Qilinchang,HZQ7-8-1,"Oyebamiji et al., 2023",248355.5,45.51,0.04,898.4,2.57,325.31,24.25,943.81,0.04,2.68,13.5,32.47,MVT
Qilinchang,HZQ7-8-2,"Oyebamiji et al., 2023",259555.1,12.79,0.04,8.57,1.03,0.45,5.12,724.17,0.56,1.17,0.8,2.78,MVT
Qilinchang,HZQ7-8-3,"Oyebamiji et al., 2023",933310.7,77.96,0.05,55.68,3.78,14.8,27.265,898.71,0.19,3,9.99,40.78,MVT
Qilinchang,HZQ7-8-4,"Oyebamiji et al., 2023",552288.7,102.83,0.04,72.98,9.07,12.62,40.395,1018.61,0.24,5.53,15.62,28.53,MVT
Qilinchang,HZQ7-8-5,"Oyebamiji et al., 2023",635583.7,54.4,0.04,19.4,1.99,3.49,12.71,808.88,0.21,1.58,7.17,12.8,MVT
Qilinchang,HZQ11d-6,"Oyebamiji et al., 2023",233953.1,17.93,0.06,175.37,1.27,21.34,106.28,1097.89,0.01,0.67,133.84,128.39,MVT
Qilinchang,HZQ11d-7,"Oyebamiji et al., 2023",96555.91,85.04,0.07,375.46,1.33,30.55,523.255,810.13,0.01,0.54,38.73,176.31,MVT
Qilinchang,HZQ11d-8,"Oyebamiji et al., 2023",229541.7,100.18,0.06,605.65,0.03,1.16,368.785,872.38,0.01,0.21,11.26,80.64,MVT
Qilinchang,HZQ11d-9,"Oyebamiji et al., 2023",839045.2,21.26,0.06,778.67,1.63,129.43,461.95,893.42,0.01,0.36,49.14,153.83,MVT
Qilinchang,HZQ11d-10,"Oyebamiji et al., 2023",263536.7,24.58,0.15,369.3,1.72,3.08,154.555,956.57,0.13,0.76,61.95,414.72,MVT
Qilinchang,HZQ13-6-1,"Oyebamiji et al., 2023",276451.9,22.14,0.16,89.66,2.8,1.92,44.6,888.86,1.17,0.88,22.29,39.17,MVT
Qilinchang,HZQ13-6-2,"Oyebamiji et al., 2023",485404.9,23.35,0.12,77.45,0.91,0.92,49.45,797.29,0.42,0.84,17.9,26.97,MVT
Qilinchang,HZQ13-6-3,"Oyebamiji et al., 2023",642763.5,24.05,0.33,121.5,1.86,1.52,39.135,892.25,0.77,1.4,41.42,65.32,MVT
Qilinchang,HZQ13-6-3,"Oyebamiji et al., 2023",470786.6,33.15,0.51,106.26,1.32,1.9,42.63,958.58,0.27,1.34,30.94,45.23,MVT
Qilinchang,HZQ13-6-4,"Oyebamiji et al., 2023",100247.1,14.29,0.23,342.83,1.12,0.92,147.28,889.42,0.31,0.46,69.39,82.49,MVT
Qilinchang,HZQ13-6-5,"Oyebamiji et al., 2023",944942.5,75.17,0.11,878.59,0.29,52.44,37.285,822.4,0.01,0.22,10.83,12.26,MVT
Qilinchang,HZQ13-6-6,"Oyebamiji et al., 2023",522788.6,90.06,0.1,1447.49,0.09,46.54,71.79,807.92,0.01,0.32,5.12,4.25,MVT
Qilinchang,HZQ13-6-7,"Oyebamiji et al., 2023",53050.12,80.69,0.13,1582.56,0.32,48.41,33.065,795.39,0.01,0.17,3.86,9.77,MVT
Qilinchang,HZQ13-6-8,"Oyebamiji et al., 2023",842902.8,232.79,0.22,495.01,0.51,3.36,64.005,1089.15,0.03,0.31,11.14,11.38,MVT
Qilinchang,HZQ13-6-9,"Oyebamiji et al., 2023",574319.5,195.96,0.27,612.99,0.52,4.08,41.805,786.38,0.02,0.24,3.58,4.67,MVT
Qilinchang,HZQ-3-1-7,"Oyebamiji et al., 2023",146665.4,10.95,0.21,6783.05,320.98,129.13,14.87,862.16,14.75,13.61,142.81,9.48,MVT
Qilinchang,HZQ-3-1-8,"Oyebamiji et al., 2023",132291,10.47,0.2,3864.3,225.14,107.92,21,950.06,9.96,9.23,149.34,15.23,MVT
Qilinchang,HZQ-3-1-9,"Oyebamiji et al., 2023",153833.8,12.83,0.33,222.5,22.63,7.96,9.74,1321.08,0.02,0.3,14.62,11.79,MVT
Qilinchang,HZQ-3-1-10,"Oyebamiji et al., 2023",182010.7,12.99,0.17,256.45,26.86,9.67,5.995,1110.03,2.51,3.07,7.6,5.49,MVT
Qilinchang,HZ13-11-1,"Oyebamiji et al., 2023",184573.6,18.72,3.63,440.24,6.25,16.42,92.6,870.97,0.11,0.85,45.75,484.06,MVT
Qilinchang,HZ13-11-1,"Oyebamiji et al., 2023",358569.4,17.11,0.48,385.64,6.18,22.23,47.795,1065.14,0.15,0.92,30.69,249.61,MVT
Qilinchang,HZ13-11-6,"Oyebamiji et al., 2023",181210.4,15,0.17,11.18,0.64,0.67,3.2,825.47,0.48,0.23,0.51,0.56,MVT
Qilinchang,HZ13-11-7,"Oyebamiji et al., 2023",299452.7,18.05,0.15,14.37,0.73,0.77,5.59,817.82,0.78,0.3,1.73,1.68,MVT
Qilinchang,HZ13-11-8,"Oyebamiji et al., 2023",201818,29.45,0.12,9.15,0.83,0.72,4.33,919.52,0.07,0.28,0.63,1.39,MVT
Qilinchang,HZ13-11-9,"Oyebamiji et al., 2023",100184,22.58,0.17,12.42,0.51,2.05,4.91,812.74,0.39,0.49,3.26,4.97,MVT
Qilinchang,HZ13-11-10,"Oyebamiji et al., 2023",423237.4,33.97,0.13,5.42,0.29,0.95,2.275,849.06,0.31,0.22,0.3,0.37,MVT
Qilinchang,HZQ-5-7-6,"Oyebamiji et al., 2023",149995.2,113.4,0.2,863.7,0.005,271.3,29.8,1357.5,0.005,0.4,2.9,0.005,MVT
Qilinchang,HZQ-5-7-7,"Oyebamiji et al., 2023",125800.3,70.4,0.1,361.5,0.2,102.8,42.1,1475.9,0.005,0.2,20.1,0.005,MVT
Qilinchang,HZQ-5-7-8,"Oyebamiji et al., 2023",290878.3,6.2,6.2,525,0.005,27.1,149.5,884.4,0.2,0.005,415.9,0.005,MVT
Qilinchang,HZQ-5-7-9,"Oyebamiji et al., 2023",4857.4,9.2,0.005,65.5,4.2,10.7,9.2,1692.3,0.2,0.1,20,0.005,MVT
Qilinchang,HZQ-5-7-10,"Oyebamiji et al., 2023",3388.4,9,0.005,65.6,4.6,4.2,32.1,1774.1,0.5,0.5,30.5,0.005,MVT
Qilinchang,HZQ-5-2-1,"Oyebamiji et al., 2023",27832.3,14.3,0.1,15,0.3,0.7,15.2,1272,1.3,0.2,1.1,0.005,MVT
Qilinchang,HZQ-5-2-2,"Oyebamiji et al., 2023",25058.4,11.8,0.005,21.8,3.6,0.8,8.1,1006.6,8.9,0.1,0.005,0.005,MVT
Qilinchang,HZQ-5-2-3,"Oyebamiji et al., 2023",22236.9,9.4,0.005,40.6,3.9,0.8,4.5,1015.5,33.9,0.2,0.1,0.005,MVT
Qilinchang,HZQ-5-2-4,"Oyebamiji et al., 2023",22000.8,9.4,0.005,37.4,4.6,0.7,3.1,983.9,31.7,0.005,0.4,0.005,MVT
Qilinchang,HZQ-5-2-5,"Oyebamiji et al., 2023",20267.2,13.6,0.2,72.4,4.1,0.8,61.9,1085.3,38.1,0.3,8.6,0.005,MVT
Qilinchang,HZQ-5-2-6,"Oyebamiji et al., 2023",21267.8,9.7,0.1,35.1,5.9,1.3,1.6,977.3,28.3,0.1,0.2,0.005,MVT
Qilinchang,HZQ-5-2-7,"Oyebamiji et al., 2023",22724.6,13.1,0.1,108.8,8.8,21.2,9.6,968.5,0.5,15.5,3.1,0.005,MVT
Qilinchang,HZQ-5-2-8,"Oyebamiji et al., 2023",25479.3,14.7,0.005,137.4,8.7,34.4,11.9,1016.4,0.2,6.7,1.1,0.005,MVT
Qilinchang,HZQ-5-2-9,"Oyebamiji et al., 2023",26272.5,14.9,0.005,109.2,3.9,28,32.6,1035,0.005,0.8,4.1,0.005,MVT
Qilinchang,HZQ-5-2-10,"Oyebamiji et al., 2023",35980.2,21.7,0.005,202.2,5.1,61,8,1122.6,0.005,0.7,2,0.005,MVT
Qilinchang,HZQ-5b-7-6,"Oyebamiji et al., 2023",14596.2,13,0.005,445.9,0.5,1.3,50.1,1071.1,3.8,1.2,7.2,0.005,MVT
Qilinchang,HZQ-5b-7-7,"Oyebamiji et al., 2023",6458.6,9,0.005,33.6,1,1.3,20.8,1003,2.4,1.1,10,0.005,MVT
Qilinchang,HZQ-5b-7-8,"Oyebamiji et al., 2023",34829.7,36.7,0.005,269.4,1.2,6.5,145.6,1093.9,6,0.9,120.6,0.005,MVT
Qilinchang,HZQ-5b-7-9,"Oyebamiji et al., 2023",78351.6,130.2,0.005,25.2,0.5,3.2,9.8,1623.5,0.005,0.9,21,0.005,MVT
Qilinchang,HZQ-5b-7-10,"Oyebamiji et al., 2023",18207.1,21.5,0.005,526,1.1,0.5,22.5,979.3,7,1.2,1.6,0.005,MVT
Qilinchang,HZQ-11a-7,"Oyebamiji et al., 2023",62434.6,33.2,0.1,12.9,0.1,2.1,11.3,1502.2,0.005,0.2,10,0.005,MVT
Qilinchang,HZQ-11a-8,"Oyebamiji et al., 2023",61119.3,32.3,0.005,257.1,1.2,90.2,15.7,1464.8,0.005,0.4,0.2,0.005,MVT
Qilinchang,HZQ-11a-9,"Oyebamiji et al., 2023",51686,27.9,0.005,7.8,0.1,0.1,37.3,1639.7,0.005,0.3,12,0.005,MVT
Qilinchang,HZQ-11a-10,"Oyebamiji et al., 2023",59419.3,31,0.1,261.5,1.1,93.3,23.4,1507.7,0.005,0.2,5.8,0.005,MVT
Qilinchang,HZQ-11c-6,"Oyebamiji et al., 2023",41325.4,35.3,0.005,356.4,1.5,118.1,26.7,1132.9,0.005,1.2,38.6,0.005,MVT
Qilinchang,HZQ-11c-7,"Oyebamiji et al., 2023",32261.5,24,0.005,234.6,1.1,72.1,24.6,1191.8,0.005,1.1,40.5,0.005,MVT
Qilinchang,HZQ-11c-8,"Oyebamiji et al., 2023",31905.2,31.6,0.005,273.3,1,90,23,1124.7,0.005,0.4,27,0.005,MVT
Qilinchang,HZQ-11c-9,"Oyebamiji et al., 2023",48836.7,48.8,0.005,421.8,1.4,136.9,78.5,1115.2,0.005,1.1,60.5,0.005,MVT
Qilinchang,HZQ-11c-10,"Oyebamiji et al., 2023",112680.3,115.2,0.005,24.1,0.1,5.9,53.4,1770.9,0.005,0.1,10.4,0.005,MVT
Qilinchang,HZQ-13-10-1,"Oyebamiji et al., 2023",33261.3,157.4,0.005,202.8,2.9,55.1,11.1,1767.6,0.3,1.5,7.7,0.005,MVT
Qilinchang,HZQ-13-10-2,"Oyebamiji et al., 2023",49078.8,122.3,0.005,27.3,0.5,19.7,8.1,1237.7,0.005,0.2,6.8,0.005,MVT
Qilinchang,HZQ-13-10-3,"Oyebamiji et al., 2023",1888.9,22.2,0.005,402.2,71.2,55.7,6.5,1108,2.3,0.2,43.8,0.005,MVT
Qilinchang,HZQ-13-10-4,"Oyebamiji et al., 2023",1916.2,23.3,0.005,408.8,55.6,55.1,10.4,1420.4,0.6,0.005,60.3,0.005,MVT
Qilinchang,HZQ-13-10-5,"Oyebamiji et al., 2023",1896.2,4.6,0.1,9.3,1.7,0.6,5.5,1170.7,0.7,0.4,1.5,0.005,MVT
Qilinchang,HZQ-13-10-6,"Oyebamiji et al., 2023",855.8,39.3,0.005,244.9,35.6,35.6,22.1,1077.4,2.5,7.4,10.3,0.005,MVT
Qilinchang,HZQ-13-10-7,"Oyebamiji et al., 2023",19345.9,8.3,0.005,23.2,2,0.6,11.8,773.5,7.1,0.2,5.4,0.005,MVT
Qilinchang,HZQ-13-10-8,"Oyebamiji et al., 2023",42921,18.1,0.005,10.1,0.5,0.4,49.4,1116.9,0.005,0.3,7.7,0.005,MVT
Qilinchang,HZQ-13-10-9,"Oyebamiji et al., 2023",21476,13.7,0.005,44,0.6,2.9,25.5,1063.8,1.5,1.4,4.7,0.005,MVT
Qilinchang,HZQ-13-10-10,"Oyebamiji et al., 2023",22936,7.8,0.1,17.2,1.2,0.5,18.3,784.4,0.6,0.2,10.8,0.005,MVT
Qilinchang,HZQ-13-16-1,"Oyebamiji et al., 2023",20816.29,14.89,0.11,69.14,5.76,6.78,35.16,1018.69,0.65,1.48,537.65,0.005,MVT
Qilinchang,HZQ-13-16-3,"Oyebamiji et al., 2023",22343.05,98.06,0.04,126.44,5.57,27.44,47.22,1062.74,0.09,0.94,33.2,0.005,MVT
Qilinchang,HZQ-13-16-4,"Oyebamiji et al., 2023",47753.2,109.12,0.01,617.9,5.94,158.02,50.58,1128.8,0.05,1.59,31.1,0.005,MVT
Qilinchang,HZQ-13-16-5,"Oyebamiji et al., 2023",1301.25,19.43,0.01,62.35,4.75,4.97,3.75,879.14,4.7,16.95,1.8,0.005,MVT
Qilinchang,HZQ-13-16-6,"Oyebamiji et al., 2023",8572.47,5.15,0.03,36.67,1.01,1.1,36.48,751.4,2.31,0.27,25.5,0.005,MVT
Qilinchang,HZQ-13-16-7,"Oyebamiji et al., 2023",30392.55,12.31,0.005,8.09,0.57,0.72,4.95,811.66,0.82,0.23,0.8,0.005,MVT
Qilinchang,HZQ-13-16-8,"Oyebamiji et al., 2023",22875.12,135.37,0.03,220.58,3.71,61.24,8.6,1198.43,0.26,2.3,10.09,0.005,MVT
Qilinchang,HZQ-13-16-9,"Oyebamiji et al., 2023",19880.35,7.81,0.1,18.08,4.22,0.13,4.57,694.98,6.15,0.12,0.46,0.005,MVT
Qilinchang,HZQ-13-16-10,"Oyebamiji et al., 2023",17411.19,120.17,0.005,361.26,16.02,102.13,9.48,1026.26,0.07,1.41,1.38,0.005,MVT
Qilinchang,HZQ-3-3-Sph - 1,"Oyebamiji et al., 2023",1812.49,10.67,0.02,35.57,12.3,7.96,6.79,1222.42,0.01,0.43,4.19,2.14,MVT
Qilinchang,HZQ-3-3-Sph - 2,"Oyebamiji et al., 2023",1023.14,6,0.02,237.69,89.63,55.85,8.28,629.16,1.71,0.47,17.32,2.37,MVT
Qilinchang,HZQ-3-3-Sph - 3,"Oyebamiji et al., 2023",1353.83,8.48,0.02,65.21,36.61,14.27,1.65,906.64,0.11,0.25,0.07,0.05,MVT
Qilinchang,HZQ-3-3-Sph - 4,"Oyebamiji et al., 2023",144.28,27.85,0.02,685.36,13.71,204.7,28.57,900.91,0.62,5.73,61.35,5.35,MVT
Qilinchang,HZQ-3-3-Sph - 5,"Oyebamiji et al., 2023",1595.28,9.29,0.02,21.13,8.87,3.02,5.21,1082.27,1.38,3.44,0.96,1.58,MVT
Qilinchang,HZQ-3-3-Sph - 6,"Oyebamiji et al., 2023",1406.94,7.01,0.02,36.74,16.41,6.29,0.56,994.94,0.63,5.06,0.03,0.06,MVT
Qilinchang,HZQ-3-3-Sph - 7,"Oyebamiji et al., 2023",929.98,6.55,0.02,48.04,13.59,3.99,6.02,843.83,7.08,17.36,0.12,1.34,MVT
Qilinchang,HZQ-3-3-Sph - 8,"Oyebamiji et al., 2023",895.31,6.37,0.02,33.49,10.46,3.26,13.17,838.45,6.47,11.92,0.9,1.97,MVT
Qilinchang,HZQ-3-3-Sph - 9,"Oyebamiji et al., 2023",1136.05,7.8,0.02,64.08,31.4,10.48,3.62,983.91,0.84,3.64,0.54,0.97,MVT
Qilinchang,HZQ-3-3-Sph - 10,"Oyebamiji et al., 2023",2081.54,13.7,0.02,182.6,15.1,14.87,49.25,1608.48,0.03,0.45,118.21,24.13,MVT
Qilinchang,HZQ-4-1-Sph - 1,"Oyebamiji et al., 2023",12792.11,11.16,0.02,2.13,0.01,0.09,1.17,824.3,0.005,0.06,0.02,0.01,MVT
Qilinchang,HZQ-4-1-Sph - 2,"Oyebamiji et al., 2023",9562.18,9.31,0.03,5.06,0.88,0.12,2.51,743.79,0.005,0.06,0.02,0.01,MVT
Qilinchang,HZQ-4-1-Sph - 3,"Oyebamiji et al., 2023",11499.43,10.84,0.02,57.56,1.38,26.38,5.95,776.84,0.005,0.16,0.56,1.45,MVT
Qilinchang,HZQ-4-1-Sph - 4,"Oyebamiji et al., 2023",11111.6,10.43,0.02,82.84,2.86,37.07,1.68,804.73,0.01,0.24,0.02,0.04,MVT
Qilinchang,HZQ-4-1-Sph - 5,"Oyebamiji et al., 2023",9793.46,9.84,0.02,2.29,0.12,0.08,1.45,849.96,0.01,0.06,0.48,0.66,MVT
Qilinchang,HZQ-4-1-Sph - 6,"Oyebamiji et al., 2023",11354.87,10.57,0.02,6.04,0.28,0.35,16.79,770.16,0.005,0.06,2.78,5.14,MVT
Qilinchang,HZQ-4-1-Sph - 7,"Oyebamiji et al., 2023",16352.4,13.09,0.02,2.84,0.03,0.08,3.94,869.68,0.005,0.06,0.04,0.21,MVT
Qilinchang,HZQ-4-1-Sph - 8,"Oyebamiji et al., 2023",14739.62,12.51,0.02,37.73,0.65,18.05,2.48,774.35,0.005,0.15,0.02,0.03,MVT
Qilinchang,HZQ-4-1-Sph - 9,"Oyebamiji et al., 2023",13911.12,11.85,0.02,2.2,0.15,0.09,3.05,777.87,0.005,0.06,0.02,0.08,MVT
Qilinchang,HZQ-4-1-Sph - 10,"Oyebamiji et al., 2023",12334.48,10.65,0.02,50.25,1.78,22.29,2.53,771.55,0.01,0.75,0.06,0.4,MVT
Qilinchang,HZQ-5-9-Sph - 1,"Oyebamiji et al., 2023",10443.8,11.17,0.03,17.55,0.46,2.17,18.54,761.72,0.22,0.2,13.97,13.42,MVT
Qilinchang,HZQ-5-9-Sph - 2,"Oyebamiji et al., 2023",7742.1,9.83,0.03,12.55,0.15,0.49,16.92,677.93,0.01,0.07,13.76,7.43,MVT
Qilinchang,HZQ-5-9-Sph - 3,"Oyebamiji et al., 2023",7826,10.57,0.03,11.95,1.52,0.24,17.28,656.32,0.05,0.07,2.13,9.65,MVT
Qilinchang,HZQ-5-9-Sph - 4,"Oyebamiji et al., 2023",7398.03,7.45,0.02,15.61,2.87,0.78,10.6,662.75,9.43,0.17,4.93,17.46,MVT
Qilinchang,HZQ-5-9-Sph - 5,"Oyebamiji et al., 2023",11987.62,11.64,0.05,10.86,0.76,0.3,11.86,710.54,0.04,0.1,3.5,11.46,MVT
Qilinchang,HZQ-5-9-Sph - 6,"Oyebamiji et al., 2023",10070.1,14.47,0.02,227.13,25.89,89.93,13.11,697.29,0.39,9.63,3.9,6.33,MVT
Qilinchang,HZQ-5-9-Sph - 7,"Oyebamiji et al., 2023",11637.81,11.12,0.02,26.39,3.2,7.11,5.86,692.33,0.66,0.98,5.64,5.76,MVT
Qilinchang,HZQ-5-9-Sph - 8,"Oyebamiji et al., 2023",12332.72,13.57,0.02,119.57,3.23,53.26,20,739.19,0.09,1.7,5.95,12.27,MVT
Qilinchang,HZQ-5-9-Sph - 9,"Oyebamiji et al., 2023",8807.31,9.14,0.05,69.22,2.19,46.09,37.64,708.65,0.09,1.03,11.47,52.06,MVT
Qilinchang,HZQ-5-9-Sph - 10,"Oyebamiji et al., 2023",10362.54,12.8,0.02,54.74,1.64,19.42,19.9,694.15,0.06,0.3,10.31,27.54,MVT
Qilinchang,HZQ-7-3-Sph - 1,"Oyebamiji et al., 2023",12975.03,11.74,0.02,4.18,0.04,0.14,10.72,764.67,0.01,0.06,1.91,3.48,MVT
Qilinchang,HZQ-7-3-Sph - 2,"Oyebamiji et al., 2023",9801.53,9.48,0.02,3.12,1.19,0.3,0.85,829.89,0.005,0.07,0.02,0.02,MVT
Qilinchang,HZQ-7-3-Sph - 3,"Oyebamiji et al., 2023",9275.43,8.83,0.02,2.26,0.49,0.1,1.12,728.2,0.005,0.07,0.02,0.06,MVT
Qilinchang,HZQ-7-3-Sph - 4,"Oyebamiji et al., 2023",8625.99,8.19,0.02,57.88,2.57,25.34,1.21,731.14,0.005,0.33,0.11,0.17,MVT
Qilinchang,HZQ-7-3-Sph - 5,"Oyebamiji et al., 2023",9290.34,8.93,0.02,1.57,0.15,0.09,1.02,871.46,0.005,0.06,0.02,0.02,MVT
Qilinchang,HZQ-7-3-Sph - 6,"Oyebamiji et al., 2023",9917.01,9.75,0.02,1.48,0.03,0.09,1.5,923.72,0.005,0.06,0.02,0.02,MVT
Qilinchang,HZQ-7-3-Sph - 7,"Oyebamiji et al., 2023",9631.88,9.39,0.02,2.11,0.06,0.09,2.37,835.76,0.005,0.06,0.03,0.02,MVT
Qilinchang,HZQ-7-3-Sph - 8,"Oyebamiji et al., 2023",9719.32,9.73,0.02,63.54,3.88,27.38,3.45,765.13,0.01,0.37,0.08,0.13,MVT
Qilinchang,HZQ-7-3-Sph - 9,"Oyebamiji et al., 2023",9314.73,9.33,0.02,2.29,0.03,0.12,2.5,942.48,0.005,0.06,0.02,0.02,MVT
Qilinchang,HZQ-7-3-Sph - 10,"Oyebamiji et al., 2023",8706.01,8.08,0.03,91.71,8.67,38.44,3.51,778.72,0.005,0.8,0.08,0.59,MVT
San Vicente,2019-SV-02,"Torró et al., 2023",7767.09604,8.720774059,50.6513405,3,0.184627857,44.11916104,20.14509599,1339.471832,0.0059,0.184132547,0.035214875,418.173143,MVT
San Vicente,2019-SV-02,"Torró et al., 2023",7562.612082,5.247911065,53.147012,4,0.132073104,43.51835535,12.48025419,1452.491308,0.0066,0.129284705,0.03,2083.977596,MVT
San Vicente,2019-SV-02,"Torró et al., 2023",6755.32491,8.446079346,44.26812263,4.7,0.19672925,45.94786215,17.92738086,1446.72738,0.0079,0.150705178,0.039,456.2379019,MVT
San Vicente,2019-SV-02,"Torró et al., 2023",6309.072806,6.260626312,45.42614753,4,0.183331827,54.65535654,14.56385555,1567.432982,0.008,0.13580786,0.037,641.0606203,MVT
San Vicente,2019-SV-02,"Torró et al., 2023",14817.64854,12.98144949,56.38609403,3.4,0.111894615,37.45216162,21.07524015,1513.977052,0.005,0.15244119,0.03,714.1295342,MVT
San Vicente,2019-SV-02,"Torró et al., 2023",8905.391865,11.05985308,40.71369781,4.9,0.535262291,46.26621926,14.74623093,1165.139561,0.008,0.148710526,0.04,540.2316923,MVT
San Vicente,2019-SV-02,"Torró et al., 2023",19557.27124,41.23091111,55.21552841,3.4,0.399390294,60.52005072,38.45224567,545.9105669,0.005,0.212498615,0.03,551.2574002,MVT
San Vicente,2019-SV-04,"Torró et al., 2023",14440.03816,68.1502035,46.20157154,3,0.066851846,44.63491072,16.40422045,749.8710886,0.0049,0.200010247,0.025,690.277646,MVT
San Vicente,2019-SV-04,"Torró et al., 2023",14774.70634,60.72668816,43.25699523,3,0.569163763,66.79904472,9.324558993,2458.025249,0.015814429,0.163851702,0.03,1102.84542,MVT
San Vicente,2019-SV-04,"Torró et al., 2023",9395.344563,69.4883765,36.05473967,3,3.202385269,41.79647876,9.228667913,1672.494723,0.024080617,0.264640827,0.028,674.8729074,MVT
San Vicente,2019-SV-04,"Torró et al., 2023",16866.8535,91.45304906,36.36776442,3.4,1.75447914,56.64017073,19.14844676,2065.466693,0.01931705,0.190830647,0.028,979.5028975,MVT
San Vicente,2019-SV-04,"Torró et al., 2023",13399.36984,55.90244523,37.9799351,3,1.552644679,59.18170343,10.75452932,1882.447369,0.016797915,0.230920977,0.028,914.678073,MVT
San Vicente,2019-SV-04,"Torró et al., 2023",11005.76763,11.39422787,60.26238159,3.3,0.433463966,45.71209113,6.099194209,1541.807159,0.011113145,0.176084989,0.029,526.8342253,MVT
San Vicente,2019-SV-04,"Torró et al., 2023",9473.072051,17.50569902,51.76923612,3.8,0.507342932,50.97722104,7.068073394,1460.706338,0.012362757,0.165714843,0.03,706.2034588,MVT
San Vicente,2019-SV-04,"Torró et al., 2023",21269.21512,20.58700688,68.35619959,4.945074162,0.438688114,39.06282921,11.38925282,1824.752987,0.006,0.206229418,0.03,518.0044914,MVT
San Vicente,2019-SV-04,"Torró et al., 2023",12197.85968,11.51174706,55.93586975,4.6,0.267161999,56.35172054,7.384939396,1253.995167,0.008747234,0.213440574,0.035,477.6351366,MVT
San Vicente,2019-SV-06A,"Torró et al., 2023",18475.07364,97.37651094,0.12,3.4,1.120982211,82.38180263,2.513133431,360.8805163,0.011767485,0.312971419,0.024,490.2047288,MVT
San Vicente,2019-SV-06A,"Torró et al., 2023",21183.55964,39.16517818,0.238572253,3,3.325067242,43.24857592,4.575161323,455.8346376,0.028561294,0.541026808,0.026,147.9855561,MVT
San Vicente,2019-SV-06A,"Torró et al., 2023",12995.55999,66.93202703,0.146050869,3.8,5.019298308,86.04498069,10.390758,540.8706242,0.231209066,1.993262421,0.03,150.3629498,MVT
San Vicente,2019-SV-06A,"Torró et al., 2023",22788.32968,25.56590093,0.12,3,5.380127839,44.57183058,8.252566198,557.9563448,0.016888837,0.410440285,0.027,75.12582469,MVT
San Vicente,2019-SV-06A,"Torró et al., 2023",12546.90213,20.3106374,0.207076329,4.812113779,3.484381694,112.6772535,11.0589204,552.8086438,0.008452218,0.323281259,0.024,75.18727143,MVT
San Vicente,2019-SV-06A,"Torró et al., 2023",20567.76697,32.91910408,0.11,3,2.207878235,31.27250755,2.410973271,535.7565559,0.006367443,0.245990918,0.026,90.55828742,MVT
San Vicente,2019-SV-06A,"Torró et al., 2023",19687.09436,74.9171649,0.2142311,3,6.64960671,96.25354211,7.677701324,518.943294,0.040928342,0.599818173,0.029,130.8855041,MVT
San Vicente,2019-SV-06A,"Torró et al., 2023",23232.19283,72.42359537,0.161357779,3.3,6.679140766,52.86061534,4.720816684,704.4934509,0.05966087,0.870001406,0.025,94.84020943,MVT
San Vicente,2019-SV-06B,"Torró et al., 2023",13394.99201,21.30214308,0.407433173,3,1.572696261,93.30525791,12.21255746,560.1637971,0.0058,0.374648694,0.025,74.59698603,MVT
San Vicente,2019-SV-06B,"Torró et al., 2023",17475.18928,35.33967272,0.299794909,3,0.086784285,50.85756609,3.812940812,476.0501429,0.006,0.193892675,0.026,378.8701094,MVT
San Vicente,2019-SV-06B,"Torró et al., 2023",10482.57881,27.5844466,0.506148914,3.970960274,0.14298295,99.25418118,5.067000879,247.3402279,0.0059,0.238459425,0.027,298.3201531,MVT
San Vicente,2019-SV-06B,"Torró et al., 2023",8429.94086,41.23128333,0.393773276,3.3,1.275877095,59.6839767,5.002589881,487.6298313,0.010902059,0.363928258,0.028,1195.10634,MVT
San Vicente,2019-SV-06B,"Torró et al., 2023",11073.57618,26.39554379,0.37775216,3,4.693679328,133.4777597,10.21677953,634.588955,0.01634153,0.401419251,0.029,164.3325807,MVT
San Vicente,2019-SV-06B,"Torró et al., 2023",10926.99336,26.89851442,0.32317994,4.7,9.039428457,134.2749491,21.52557653,724.4934232,0.067424802,0.838534738,0.036,108.9051124,MVT
San Vicente,2019-SV-06B,"Torró et al., 2023",13289.48545,46.88863377,0.33481604,3.5,0.905935887,118.4275747,5.193551876,516.7415431,0.008521815,0.275800773,0.028,285.3617648,MVT
San Vicente,2019-SV-06B,"Torró et al., 2023",18009.86503,21.59181022,0.261966245,3,0.9806985,53.81399148,5.5428057,478.6850216,0.0059,0.281128672,0.025,25.44413501,MVT
San Vicente,2019-SV-06B,"Torró et al., 2023",19462.62288,47.28411819,0.413964899,3.5,13.28728761,82.89416439,13.40562238,500.5081152,0.042791297,1.102433376,0.058602598,86.94950184,MVT
San Vicente,2019-SV-07,"Torró et al., 2023",87.73977653,1.2,0.791055793,43.10540763,0.755758444,177.1575066,6.534737224,1362.919438,0.006,0.184743029,0.029,4.891309045,MVT
San Vicente,2019-SV-07,"Torró et al., 2023",5641.109894,14.1315245,0.1,3.787957622,0.990054686,13.49846932,3.185248442,786.2511165,0.088864663,0.285428763,0.023,20.73593571,MVT
San Vicente,2019-SV-07,"Torró et al., 2023",6682.437423,25.48798542,0.12,10.33415017,0.459115638,87.50470452,7.408693314,873.1612802,0.006,0.194637512,0.027,180.8785793,MVT
San Vicente,2019-SV-07,"Torró et al., 2023",16730.96816,15.44795437,0.256363807,3.6,3.936267544,94.99532137,16.75203603,576.3082425,0.059758574,0.376388363,0.026,34.66485838,MVT
San Vicente,2019-SV-07,"Torró et al., 2023",10035.44427,8.904365809,0.164773244,3.7,0.770835285,37.18521991,19.45695699,840.5238418,0.006,0.304624012,0.026,29.8074563,MVT
San Vicente,2019-SV-07,"Torró et al., 2023",28217.75347,62.759472,0.12,3.6,15.81479943,43.00236485,2.645212597,1099.411373,0.050582883,0.986830299,0.023,312.1491008,MVT
San Vicente,2019-SV-07,"Torró et al., 2023",14380.74739,83.87137659,0.279170778,3.5,7.269981201,108.8395088,1.892991576,484.2501266,0.059604066,0.619395265,0.025,2210.103204,MVT
San Vicente,2019-SV-07,"Torró et al., 2023",12757.14083,75.94843793,0.238128516,5,7.796440437,118.4667647,2.002216259,487.1706078,0.089391633,0.650516123,0.038,2483.552895,MVT
San Vicente,2019-SV-07,"Torró et al., 2023",3000.395106,49.19254343,0.12,8.788976537,3.207636039,92.91670645,33.18550572,1564.785129,0.00849893,0.248032747,0.03,158.0962312,MVT
San Vicente,2019-SV-07,"Torró et al., 2023",10122.43119,24.60939458,0.13,4,1.113176086,23.61605542,6.28504085,736.8131492,0.017806669,0.359500604,0.034,63.93853916,MVT
San Vicente,2019-SV-07,"Torró et al., 2023",17761.54673,19.497384,0.238127923,4.5,20.38307953,136.4048454,11.34582808,617.7806526,0.087591448,3.163399475,0.038,41.07450611,MVT
San Vicente,2019-SV-08A,"Torró et al., 2023",26958.4778,19.57486014,0.141051659,3.8,47.61730841,34.13267925,21.34495331,1251.799672,0.147387879,1.392978906,0.029,79.34995265,MVT
San Vicente,2019-SV-08A,"Torró et al., 2023",22527.44686,48.31927389,0.13,3.7,3.394730873,45.3381278,5.02242023,1228.973634,0.017016085,0.38412204,0.026,409.0908265,MVT
San Vicente,2019-SV-08A,"Torró et al., 2023",12156.55835,70.14330421,0.176582728,3.8,8.308797276,128.6247041,2.989908,537.7344891,0.067800331,0.771683261,0.027,1323.342421,MVT
San Vicente,2019-SV-08A,"Torró et al., 2023",32944.53707,70.4909779,0.154310774,3.7,12.4654152,40.34050905,2.400472391,1429.580897,0.043287808,0.602260094,0.024,362.1302,MVT
San Vicente,2019-SV-08A,"Torró et al., 2023",23364.38892,71.71867543,0.11,3.5,11.81588904,42.31158937,2.945866152,1173.942338,0.071330274,0.985026643,0.027,415.6265367,MVT
San Vicente,2019-SV-08A,"Torró et al., 2023",19598.92707,95.87567664,0.13,3.8,25.48924303,68.70386515,28.47273943,1102.804158,0.261991698,2.591450291,0.094298742,504.1754353,MVT
San Vicente,2019-SV-08A,"Torró et al., 2023",16458.53739,41.1641414,0.17,4.8,0.86664933,39.38738611,11.37296693,873.7994514,0.05948657,0.616638905,0.037,160.4525618,MVT
San Vicente,2019-SV-08A,"Torró et al., 2023",11004.75674,45.22843819,0.12,3.7,1.74859052,79.20239923,8.874449184,421.0684166,0.011144503,0.334195255,0.024,1757.190424,MVT
San Vicente,2019-SV-08A,"Torró et al., 2023",9742.196155,37.72163491,0.12,3.7,0.809519013,60.50161556,4.548842843,410.315029,0.009713321,0.306166772,0.024,1487.790659,MVT
San Vicente,2019-SV-08B,"Torró et al., 2023",10442.74034,42.07457013,0.12,3.9,0.687592456,24.72150152,4.041854488,452.7866632,0.131693012,0.993089686,0.03388845,80.86191516,MVT
San Vicente,2019-SV-08B,"Torró et al., 2023",12135.00041,7.369191721,0.166164999,3.6,0.088074241,59.46938728,6.489176696,400.4608447,0.0068,0.184601762,0.029,18.9962294,MVT
San Vicente,2019-SV-08B,"Torró et al., 2023",21779.94711,68.76007598,0.12,3.7,6.457789358,36.60959151,2.953889571,820.2334155,0.057951664,0.548080809,0.026,121.1690457,MVT
San Vicente,2019-SV-08B,"Torró et al., 2023",20666.3087,32.46797008,0.382224556,3.6,9.399147037,71.54354015,12.76059374,729.6272937,0.074102718,0.854998123,0.025,616.1474785,MVT
San Vicente,2019-SV-08B,"Torró et al., 2023",9530.901035,25.34345009,0.61241949,3.6,3.138542917,35.32497692,2.445117597,387.6263152,0.035703718,0.385756633,0.03,1048.523935,MVT
San Vicente,2019-SV-08B,"Torró et al., 2023",14899.31478,12.85625345,0.500816988,3.9,26.49365304,46.01988458,10.47906725,841.0706527,0.061574421,0.964309648,0.029,55.67642304,MVT
San Vicente,2019-SV-08B,"Torró et al., 2023",6305.160313,17.81145158,0.483788504,3.7,4.544012288,22.92698238,2.391891996,699.274194,0.028929207,0.516047323,0.03,576.2208014,MVT
San Vicente,2019-SV-08B,"Torró et al., 2023",10413.83741,15.15147967,0.402821924,3.5,11.80658177,66.0934,24.76717579,1603.127635,0.023997803,0.325858709,0.023,85.53713949,MVT
San Vicente,2019-SV-08B,"Torró et al., 2023",17677.10772,38.27620326,0.125794781,3.4,80.2473318,19.06838777,28.75114889,3784.187958,0.191078155,2.457615158,0.028597199,113.8704156,MVT
San Vicente,2019-SV-08B,"Torró et al., 2023",9694.626691,25.89631159,0.26366416,3.9,21.95450486,89.95539738,10.05203146,1245.376488,0.107422902,0.976091505,0.026,115.6882438,MVT
San Vicente,2019-SV-08B,"Torró et al., 2023",9328.914575,37.48231089,0.196367894,4,2.032416357,23.2835127,3.063821074,892.4473934,0.015705467,0.580489581,0.028,161.0964446,MVT
San Vicente,2019-SV-08B,"Torró et al., 2023",7538.565261,8.968140251,0.513735418,4,16.61880812,118.2109333,21.673128,1597.573601,0.053722031,0.784450022,0.035,59.96295922,MVT
San Vicente,2019-SV-08B,"Torró et al., 2023",9555.548497,81.52784753,0.277864191,4,10.22086732,30.46431407,13.0287947,1150.641781,0.061005624,0.977297005,0.03,97.70597914,MVT
San Vicente,2019-SV-08B,"Torró et al., 2023",4179.305377,3.040728201,0.657119558,3.7,10.93425817,33.84723394,9.399245871,1564.050271,0.008,0.289099124,0.029,40.99909884,MVT
San Vicente,2019-SV-09,"Torró et al., 2023",17823.58266,23.8195017,0.13,3.8,1.51756385,25.62041248,4.553919756,1267.206031,0.007590366,0.228385352,0.029,62.93020215,MVT
San Vicente,2019-SV-09,"Torró et al., 2023",12253.58877,20.98052971,0.13,3.8,1.184707677,99.27438904,6.479248315,737.4962884,0.010220535,0.21404617,0.028,53.94876388,MVT
San Vicente,2019-SV-09,"Torró et al., 2023",14888.82163,8.044072607,0.13,3.7,0.651987935,74.57284584,10.72210328,1202.207873,0.006,0.20128014,0.026,23.01158575,MVT
San Vicente,2019-SV-09,"Torró et al., 2023",16838.89584,20.7612832,0.13,4,1.057630017,33.51201376,5.564342137,853.5408846,0.008,0.350594959,0.03,51.54335527,MVT
San Vicente,2019-SV-09,"Torró et al., 2023",25873.0485,17.2347496,0.309068021,4,5.514402757,111.4848271,9.978076302,428.3500165,0.026315668,0.42202581,0.025,38.62339241,MVT
San Vicente,2019-SV-09,"Torró et al., 2023",16696.74748,15.37737908,0.255173724,3.7,2.26231559,63.34397911,8.830972938,435.539962,0.006,0.316071053,0.027,39.21392056,MVT
San Vicente,2019-SV-09,"Torró et al., 2023",19583.51372,52.15382182,0.255937483,3.7,3.577896121,50.74450668,2.977049628,492.7906144,0.015620274,0.639787924,0.029,270.0549295,MVT
San Vicente,2019-SV-09,"Torró et al., 2023",14490.34946,47.08109379,0.22674293,4,3.904280519,166.9184743,6.884496443,312.2923081,0.010964146,0.294062879,0.028,315.3988856,MVT
San Vicente,2019-SV-09,"Torró et al., 2023",19930.1708,81.44360726,0.342539007,7.780788887,5.835594723,73.3223861,6.367888381,435.3233793,0.0396265,0.703118117,0.043116846,271.5262284,MVT
San Vicente,2019-SV-09,"Torró et al., 2023",17250.97636,31.58907082,0.154286989,4,2.500688129,58.71099277,4.837560565,502.6248233,0.013278627,0.318585551,0.029,140.4400831,MVT
San Vicente,2019-SV-11A,"Torró et al., 2023",9773.559684,35.61626249,12.09976151,3.9,0.121572168,73.94295015,2.681817669,500.427741,0.010217652,0.261185032,0.025,416.9722065,MVT
San Vicente,2019-SV-11A,"Torró et al., 2023",18998.10788,55.86125151,9.835400988,3.9,0.049311974,37.34335387,1.808524942,973.7304756,0.0069,0.157789176,0.028,238.700557,MVT
San Vicente,2019-SV-11A,"Torró et al., 2023",10581.32423,24.36900979,12.49530632,4,0.182424288,143.9852852,4.330342078,733.2436364,0.007463119,0.249462733,0.029,180.0446336,MVT
San Vicente,2019-SV-11A,"Torró et al., 2023",10597.74633,19.11505043,14.57065933,5.54257446,0.077825671,136.7262773,3.680843779,759.4294764,0.008,0.369307961,0.025,126.0530432,MVT
San Vicente,2019-SV-11A,"Torró et al., 2023",21148.88974,35.45014965,13.7564114,3.9,0.03771318,41.53824074,2.165611722,753.471333,0.0068,0.137948786,0.027,85.9275019,MVT
San Vicente,2019-SV-11A,"Torró et al., 2023",20535.99635,23.81560605,20.16601639,3.9,0.056421371,71.11201588,2.9204335,597.9784049,0.0067,0.164355173,0.026,64.44617542,MVT
San Vicente,2019-SV-11A,"Torró et al., 2023",16762.10582,27.38137679,14.32725191,3.9,0.046900597,43.38356285,2.389542438,660.0445763,0.006914964,0.203339323,0.024,67.85503231,MVT
San Vicente,2019-SV-11A,"Torró et al., 2023",16234.8069,21.91909167,17.2583473,4.545939683,0.04907087,62.72659826,2.578097608,531.0636235,0.007,0.157148642,0.026,50.01250368,MVT
San Vicente,2019-SV-11B,"Torró et al., 2023",20996.94529,16.39570851,19.58293145,4,0.06769101,65.00258846,3.415282228,745.9317348,0.0069,0.191149641,0.026,25.65169631,MVT
San Vicente,2019-SV-11B,"Torró et al., 2023",12378.41005,27.66344784,16.28666666,3.9,0.120140915,54.47816608,4.855911361,603.0515163,0.013011056,0.154675375,0.023,165.649494,MVT
San Vicente,2019-SV-11B,"Torró et al., 2023",21542.45567,36.47870286,15.3660724,3.6,0.069909018,39.48043176,2.143338772,783.8466187,0.008600072,0.141105991,0.025,105.7272496,MVT
San Vicente,2019-SV-11B,"Torró et al., 2023",19421.7872,20.63949457,18.80278785,3.9,0.095179149,83.1551768,3.355387846,770.0685579,0.008,0.202794264,0.027,85.75359538,MVT
San Vicente,2019-SV-11B,"Torró et al., 2023",8341.63965,23.28643621,8.404272495,4.003878097,0.064611331,50.14379734,2.652617759,311.6111752,0.008456081,0.199896358,0.026,755.8379574,MVT
San Vicente,2019-SV-11B,"Torró et al., 2023",38866.87566,56.97846745,19.25922734,8,0.174615414,93.7198894,6.833848944,529.0042418,0.016183591,0.305594102,0.055,41.4858883,MVT
San Vicente,2019-SV-11B,"Torró et al., 2023",26853.04526,32.32311976,13.40941562,8,0.135991279,167.7277302,6.14521254,342.4055141,0.014,0.314257776,0.05,24.56576949,MVT
San Vicente,2019-SV-11B,"Torró et al., 2023",43271.26414,58.61482057,12.34364694,8,0.176425094,132.2588888,6.251235935,432.8306195,0.022038906,0.327285952,0.058,46.33217575,MVT
San Vicente,2019-SV-11B,"Torró et al., 2023",34371.36416,48.75237912,6.557895732,7.9,0.842348995,116.5228968,5.287142529,328.1164492,0.01445429,0.297156957,0.05,45.70339679,MVT
San Vicente,2019-SV-11B,"Torró et al., 2023",26178.26677,26.00647634,37.22817582,7,0.108708351,179.6769597,7.790043456,428.2649718,0.013,0.215905619,0.05,22.42732801,MVT
San Vicente,2019-SV-11B,"Torró et al., 2023",32313.96081,38.61187103,31.79106238,7,0.236575759,106.2489063,6.06981966,550.4058547,0.012,0.249667723,0.05,38.87988056,MVT
San Vicente,2019-SV-11B,"Torró et al., 2023",33634.64227,46.35426776,30.16673756,7,0.153322737,69.81366275,5.755264303,573.8868475,0.013,0.236934769,0.04,41.20776458,MVT
San Vicente,2019-SV-11C,"Torró et al., 2023",29300.67424,23.90085084,22.57028272,6,0.064193221,127.0441872,4.34340867,638.7241662,0.012,0.208046269,0.045,12.97656699,MVT
San Vicente,2019-SV-11C,"Torró et al., 2023",19512.16646,51.21421534,12.37534477,6,0.061931241,118.9794819,5.292130312,404.9845603,0.012,0.292306181,0.04,113.9769559,MVT
San Vicente,2019-SV-11C,"Torró et al., 2023",24787.78592,28.39210809,9.469594347,6,0.105658848,145.3932472,5.260208859,435.0326693,0.012,0.311453515,0.04,47.45559343,MVT
San Vicente,2019-SV-11C,"Torró et al., 2023",23085.83603,34.92621248,9.240777233,6.395024107,0.076364515,80.30615101,6.732500335,467.7499242,0.009,0.260184702,0.04,58.150424,MVT
San Vicente,2019-SV-12A,"Torró et al., 2023",20394.57061,171.6830769,23.38286351,6.9,5.558525103,73.44118775,5.256761219,683.4977381,0.2822979,1.623867361,0.05,346.9607101,MVT
San Vicente,2019-SV-12A,"Torró et al., 2023",43217.20955,49.59155273,35.38524839,5.5,0.229251273,72.43368679,4.780181233,605.753997,0.01,0.246772444,0.036,37.83320812,MVT
San Vicente,2019-SV-12A,"Torró et al., 2023",10056.80403,22.88242559,32.05352391,5.9,0.220124563,62.35298069,13.21600244,311.1699264,0.012383382,0.313886084,0.04,26.64781647,MVT
San Vicente,2019-SV-12A,"Torró et al., 2023",30904.38723,50.14627072,20.23439543,5,0.595650944,42.48157364,5.135923276,994.8264566,0.017247788,0.377430598,0.036,71.4652468,MVT
San Vicente,2019-SV-12A,"Torró et al., 2023",29581.79865,76.64431994,15.65197085,5,0.288718083,48.25121625,2.727159116,939.2276728,0.01,0.295714221,0.035,160.5529338,MVT
San Vicente,2019-SV-12A,"Torró et al., 2023",13195.75674,97.24388707,18.76957291,4.8,1.208250361,49.77203127,2.365808814,474.3201225,0.046254198,0.412683283,0.03,1110.961323,MVT
San Vicente,2019-SV-12A,"Torró et al., 2023",17684.21381,67.57975056,15.76770734,5.318806298,1.223200263,49.72793382,5.405572763,939.9338772,0.01376916,0.746067886,0.03,206.8214632,MVT
San Vicente,2019-SV-12B,"Torró et al., 2023",18177.11556,87.63553804,17.8179726,4.8,1.20790083,54.69415633,5.29690085,830.9084213,0.043814009,0.47673754,0.03,338.3720779,MVT
San Vicente,2019-SV-12B,"Torró et al., 2023",11177.56872,43.56741559,20.13974811,4.9,0.471957653,89.95333491,6.475673655,860.5176816,0.047992203,0.318733002,0.036,48.65555997,MVT
San Vicente,2019-SV-12B,"Torró et al., 2023",18594.33817,23.49591207,19.06830036,4.8,0.569251852,52.00705662,5.084910694,855.2792161,0.022892343,0.451049469,0.035,60.81074011,MVT
San Vicente,2019-SV-12B,"Torró et al., 2023",20654.71294,16.30786191,20.3728005,4,1.071012374,69.46055756,4.251780342,925.1280784,0.018871475,0.486801741,0.03,51.6237357,MVT
San Vicente,2019-SV-13,"Torró et al., 2023",40.71721467,174.4245619,0.09,14.29061471,25.21732563,77.76466692,17.28008573,3406.740402,0.811114774,0.544552683,0.029,117.4110968,MVT
San Vicente,2019-SV-13,"Torró et al., 2023",56.04000325,238.7772127,0.1,5.716221949,14.94392021,150.393872,19.55540665,3068.890513,0.069099898,0.889174761,0.026,313.8056971,MVT
San Vicente,2019-SV-13,"Torró et al., 2023",91.63673363,367.7795371,0.1,3.5,44.3225543,294.192995,10.37325929,4211.554006,0.48273503,0.753759913,0.027,1345.433377,MVT
San Vicente,2019-SV-13,"Torró et al., 2023",68.28656247,242.7316646,0.099,22.17096817,63.86673397,114.682345,32.73577611,4025.563729,0.172044693,0.645826279,0.029,117.1168095,MVT
San Vicente,2019-SV-13,"Torró et al., 2023",106.7363692,247.8396094,0.1,3.4,25.62334841,242.9139824,5.779741689,3170.48234,0.390706618,0.650712051,0.028,1192.60439,MVT
San Vicente,2019-SV-13,"Torró et al., 2023",122.0713945,310.699627,0.11,3.8,53.76994637,309.6131212,12.85199853,3254.925842,0.362928577,0.452581088,0.027,1186.996661,MVT
San Vicente,2019-SV-14,"Torró et al., 2023",25.26312054,278.3297432,0.1,3.5,17.16252083,175.839897,14.35767117,2273.979403,0.128015441,0.269342795,0.027,817.2703998,MVT
San Vicente,2019-SV-14,"Torró et al., 2023",20.06620295,208.7481529,0.1,18.22639406,16.81924847,65.82921663,25.58355142,3364.155927,0.908187711,0.375177176,0.027,122.9340909,MVT
San Vicente,2019-SV-14,"Torró et al., 2023",33.02430269,318.1223299,0.13,18.11788209,71.65617718,201.5745529,32.10508896,3058.446491,0.769227181,1.122807916,0.035,694.5646065,MVT
San Vicente,2019-SV-14,"Torró et al., 2023",47.21670218,308.3783194,0.1,4.111895892,18.6334505,154.9465912,14.77205181,2920.388077,0.189226201,0.369830208,0.029,634.2774436,MVT
San Vicente,2019-SV-14,"Torró et al., 2023",14.57991143,375.9283429,0.1,10.33199964,50.47225462,200.6273026,21.93752038,3440.177576,1.200592988,2.476323997,0.033395987,738.3958508,MVT
San Vicente,2019-SV-14,"Torró et al., 2023",28.92622143,336.439505,0.12,3.8,47.36895401,156.4249045,13.76545877,3645.056131,0.94956297,1.140199306,0.03,730.2488361,MVT
San Vicente,2019-SV-15A,"Torró et al., 2023",19,371.4151489,0.19,235.9568509,305.6984778,13.70174022,105.5825807,5964.829248,8.614431963,2.703753335,0.05,48.82997838,MVT
San Vicente,2019-SV-15A,"Torró et al., 2023",10,966.8421271,0.1,323.8130444,25.41169191,342.083551,761.1550909,7783.268553,0.256072416,0.321080555,0.027,318.6916517,MVT
San Vicente,2019-SV-15A,"Torró et al., 2023",15,466.1828484,0.16,369.7022201,13.69569677,1095.629888,1958.705936,6361.034676,0.538255646,2.135590227,0.04,1091.752036,MVT
San Vicente,2019-SV-15A,"Torró et al., 2023",10,614.4355502,0.1,3.5,0.21360639,1284.214181,2584.827047,7191.62081,0.008360172,0.28918032,0.027,14.18466488,MVT
San Vicente,2019-SV-15A,"Torró et al., 2023",10,365.0172209,0.12,640.1909005,50.48454321,513.5035079,589.705583,5703.595361,9.961604633,4.304698425,0.026,33.60183351,MVT
San Vicente,2019-SV-15A,"Torró et al., 2023",14,1160.801288,0.14,116.0271723,2.326343912,145.6170314,205.0780736,9924.134853,0.07589255,0.461527716,0.04,162.4945203,MVT
San Vicente,2019-SV-15A,"Torró et al., 2023",17,683.3187044,0.18,545.9798403,161.4110667,620.725949,1335.181644,6253.593503,2.639859299,0.397706207,0.048,276.5980404,MVT
San Vicente,2019-SV-15A,"Torró et al., 2023",11,339.9263218,0.1,55.22138366,30.68084048,1860.869589,3028.772008,4280.604064,0.46934731,0.320888791,0.03,12.63882276,MVT
San Vicente,2019-SV-15A,"Torró et al., 2023",13,187.2764473,0.14,432.7033165,388.972057,41.36502609,106.5483881,3887.581318,18.06362277,8.672100556,0.034,0.136603638,MVT
San Vicente,2019-SV-15A,"Torró et al., 2023",57.22494586,271.2237326,0.13,626.2408387,63.83351663,375.1760548,414.2215771,4229.51946,8.13235027,5.838064388,0.533284644,31.20893884,MVT
San Vicente,2019-SV-15A,"Torró et al., 2023",11,532.7912858,0.12,1149.445886,9.601627423,855.1733447,846.9605485,5631.852249,1.317515216,0.924703869,0.070852578,20.72492792,MVT
San Vicente,2019-SV-15A,"Torró et al., 2023",10,425.2221512,0.12,1651.431046,996.7676785,566.4016732,866.5223074,5126.123037,12.52774262,16.4893038,0.026,49.10119797,MVT
San Vicente,2019-SV-15B,"Torró et al., 2023",11,204.3955227,0.12,1377.768497,5.471512475,966.5046176,627.4148884,4641.456633,2.214173687,1.04467621,0.350815089,4.987198252,MVT
San Vicente,2019-SV-15B,"Torró et al., 2023",13,266.0502535,0.14,93.1886486,87.54359422,0.178155834,15.4150106,4697.036123,3.749962412,0.335291997,0.029,0.097924982,MVT
San Vicente,2019-SV-15B,"Torró et al., 2023",10,524.2807609,0.11,2083.591136,5.98827181,1534.155649,1563.404362,8252.637702,1.241425681,0.697369465,0.03,171.6416131,MVT
San Vicente,2019-SV-15B,"Torró et al., 2023",11,593.3372932,0.13,206.0426198,195.3720511,0.14,30.08153125,4805.124322,4.493872087,0.276699573,0.03,4.241446513,MVT
San Vicente,2019-SV-15B,"Torró et al., 2023",13,272.9793877,0.15,112.4836629,99.06363399,0.163768307,13.95157864,3817.263527,4.994188507,0.223348553,0.036,1.450265985,MVT
San Vicente,2019-SV-15B,"Torró et al., 2023",11,381.1759444,0.13,96.2452808,93.02549873,0.136372284,21.91558794,4497.392421,3.854579606,0.439722668,0.027,6.287556472,MVT
San Vicente,2019-SV-15B,"Torró et al., 2023",11,381.7437532,0.12,95.80216033,92.34030108,0.232892746,27.23876142,4355.983123,3.762377339,0.276684046,0.03,8.290849888,MVT
San Vicente,2019-SV-15B,"Torró et al., 2023",12,486.4453303,0.15,172.3626378,170.7528554,2.051840833,46.11165413,4726.818814,5.822238324,1.439076712,0.03,75.94642204,MVT
San Vicente,2019-SV-15B,"Torró et al., 2023",10,139.1170444,0.11,270.6608173,200.16994,39.32777095,43.18793309,3489.126292,8.189949456,0.638765325,0.024,0.216326498,MVT
San Vicente,2019-SV-15B,"Torró et al., 2023",15,145.7118857,0.18,18.5846412,14.3654803,6.732504923,8.735268976,4981.835622,3.383162542,0.324402555,0.045,0.263031764,MVT
San Vicente,2019-SV-15B,"Torró et al., 2023",11,613.5066237,0.13,1729.871047,228.4889587,1207.45215,1120.505099,7568.994071,7.159863014,2.154265604,1.238534762,84.47191439,MVT
San Vicente,2019-SV-15B,"Torró et al., 2023",11,287.2547407,0.12,1170.820737,11.64709267,702.4729424,567.859061,7180.133692,2.621556278,0.305953011,1.794610279,42.48342333,MVT
San Vicente,2019-SV-16,"Torró et al., 2023",21206.14057,42.83266429,26.32165278,3.6,0.234772164,67.73453839,13.79507013,533.5540847,0.0059,0.255853725,0.027,207.9003668,MVT
San Vicente,2019-SV-16,"Torró et al., 2023",41021.4679,281.3199521,60.86144461,5.796814018,9.384483004,91.40056053,16.87387039,990.0025723,0.654850827,7.717355039,2.272828916,844.571002,MVT
San Vicente,2019-SV-16,"Torró et al., 2023",16650.92669,55.58476718,24.03113039,3.7,0.778568987,71.46494944,16.62567406,1023.187605,0.0057,0.259059855,0.028,850.107594,MVT
San Vicente,2019-SV-16,"Torró et al., 2023",20196.63532,64.43112809,24.23247298,3.9,4.028698985,68.78858234,15.18859145,1240.525796,0.206957362,2.175145565,0.062777047,784.7856599,MVT
San Vicente,2019-SV-16,"Torró et al., 2023",11532.83464,20.61339413,24.98953899,5.5,0.051896552,62.35085455,7.041799757,184.9772668,0.008,0.299485172,0.035660839,199.628366,MVT
San Vicente,2019-SV-16,"Torró et al., 2023",12906.1775,22.07728002,24.41278553,3.7,0.043738156,54.02453625,9.882461854,407.9582827,0.007,0.203174779,0.024,219.8358333,MVT
San Vicente,2019-SV-16,"Torró et al., 2023",5425.569902,7.393524537,33.41185834,3.6,0.106017169,155.9864662,7.057326642,290.2676839,0.0059,0.271663,0.023,95.69482248,MVT
Shalipayco,2019-SH-231,"Torró et al., 2023",1819.519405,1.7,0.19,294.2440729,0.090155543,370.6274369,376.0403768,5824.133015,0.01,0.189121005,92.79576088,65.14211394,MVT
Shalipayco,2019-SH-231,"Torró et al., 2023",622.0514651,7.458189331,0.13,9.906712243,0.094439937,14.99823192,6.986057762,4309.078968,0.0068,0.272382486,292.4518823,423.401394,MVT
Shalipayco,2019-SH-231,"Torró et al., 2023",1031.61987,6.177507894,0.21,45.68877834,0.152593014,181.4265717,266.736454,2425.495985,0.01,0.244175739,62.1399066,68.5704559,MVT
Shalipayco,2019-SH-231,"Torró et al., 2023",1049.104635,1.709558857,0.12,22.75041697,0.061490231,385.9492618,695.2013357,4402.108853,0.00590077,0.176217792,7.414614816,10.39806153,MVT
Shalipayco,2019-SH-231,"Torró et al., 2023",951.9789017,7.883435972,0.13,13.85888206,0.171319254,36.42058518,6.677004527,3835.883531,0.0069,0.245547335,407.186847,609.1200262,MVT
Shalipayco,2019-SH-231,"Torró et al., 2023",1583.423987,1.2,0.14,281.8492002,0.530299201,671.6724308,954.0482904,4684.542772,0.0077,0.168521428,129.3409767,92.31627987,MVT
Shalipayco,2019-SH-231,"Torró et al., 2023",791.7925271,1.1,0.14,3.9,0.03352544,965.9353457,1599.796117,3060.786561,0.008435099,0.174480741,22.17651855,35.36700848,MVT
Shalipayco,2019-SH-231,"Torró et al., 2023",881.8995947,3.213507184,0.14,548.5176662,0.157231167,1119.372713,1469.294756,3010.479454,0.0089,0.207399021,44.65655798,43.06435121,MVT
Shalipayco,2019-SH-231,"Torró et al., 2023",914.0300439,6.92014382,0.12,262.0843367,0.080648117,809.5809545,1247.823192,3385.151718,0.0068,0.179441111,51.32988891,50.22229173,MVT
Shalipayco,2019-SH-231,"Torró et al., 2023",1821.310182,1.9048442,0.14,561.2180116,3.088260336,397.4173812,465.821352,4780.541484,0.0069,0.241369698,150.8778924,80.17249654,MVT
Shalipayco,2019-SH-231,"Torró et al., 2023",1199.964892,1.2,0.13,4,0.076214289,309.7447307,648.4188875,6273.880067,0.0068,0.205253714,10.60741924,11.7007381,MVT
Shalipayco,2019-SH-120,"Torró et al., 2023",15130.0935,6.857737094,0.152499538,4,1.264236178,30.50195077,54.44373855,2480.587301,0.006,0.202580818,50.16264786,40.8715596,MVT
Shalipayco,2019-SH-120,"Torró et al., 2023",34858.97851,14.15334454,0.416288353,4,0.062377632,115.1043141,11.65294345,2295.433774,0.007,0.179278281,188.0083801,188.7136958,MVT
Shalipayco,2019-SH-120,"Torró et al., 2023",37888.12474,13.54975443,0.562626311,3.7,0.031668712,268.8405787,25.90264931,1501.109494,0.0056,0.155668632,129.7688519,53.35672584,MVT
Shalipayco,2019-SH-120,"Torró et al., 2023",3116.436392,1.4,0.16,4.8,1.035983787,4.492887248,14.13304366,2531.67877,0.0077,0.285074567,6.281184436,4.368017469,MVT
Shalipayco,2019-SH-120,"Torró et al., 2023",19664.87929,7.785429218,0.569209958,3.9,1.209033943,182.7591049,51.84537489,2089.569117,0.0067,0.272165951,143.5647856,140.0565485,MVT
Shalipayco,2019-SH-120,"Torró et al., 2023",18937.31271,13.91244572,0.405443674,3.8,0.411829205,41.75637133,19.57672252,1709.666283,0.006,0.256296815,412.2373908,349.4607147,MVT
Shalipayco,2019-SH-167,"Torró et al., 2023",1641.904636,3.205747688,0.13,3.9,0.060802596,249.2552106,430.6133977,7687.135545,0.006,0.299117904,53.09526278,57.91539178,MVT
Shalipayco,2019-SH-167,"Torró et al., 2023",1128.860329,1.1,0.12,3.7,0.040525703,300.9533658,478.1943829,4327.010877,0.007,0.249505448,5.737564153,4.685375404,MVT
Shalipayco,2019-SH-167,"Torró et al., 2023",917.3131766,1.2,0.13,5.750305673,2.833731105,315.6210761,461.9330079,4501.814931,0.028084123,0.281761432,12.26918424,10.89442817,MVT
Shalipayco,2019-SH-167,"Torró et al., 2023",784.4923907,1.4,0.16,16.39230329,0.110417234,786.5355235,1118.834443,3906.764645,0.0078,0.229322249,51.66049205,54.33809925,MVT
Shalipayco,2019-SH-167,"Torró et al., 2023",666.1808136,1.4,0.16,210.2396988,15.88087771,149.5915128,30.20630131,2633.976997,0.023264332,0.316180843,20.44199013,8.942850917,MVT
Shalipayco,2019-SH-167,"Torró et al., 2023",800.7976599,1.2,0.14,998.8060172,15.83461408,467.8834905,60.87283167,3428.026056,0.160693704,0.150712316,150.1053784,56.33300164,MVT
Shalipayco,2019-SH-167,"Torró et al., 2023",180.8942503,1,0.12,3.7,0.077677516,733.6153464,763.1686434,7048.087379,0.006,0.231506719,80.79214871,67.73511571,MVT
Shalipayco,2019-SH-167,"Torró et al., 2023",411.6036976,1.4,0.15,4.8,0.066991231,636.382267,516.6295671,5968.569073,0.008,0.255534024,7.5472345,10.94010442,MVT
Shalipayco,2019-SH-167,"Torró et al., 2023",522.7268902,1,0.12,5090.08475,474.8947737,731.2898971,184.925962,4031.614114,1.14578886,0.248372822,2237.537587,226.6032341,MVT
Shalipayco,2019-SH-167,"Torró et al., 2023",384.3810335,1.1,0.12,3.9,0.099169916,503.4532037,320.2117998,7264.537953,0.0059,0.264253443,6.66196547,9.213764452,MVT
Shalipayco,2019-SH-167,"Torró et al., 2023",436.6822043,1.1,0.13,4,0.243159539,383.7325361,511.8643755,4936.322142,0.007,0.20346144,11.47596535,9.161369606,MVT
Shalipayco,2019-SH-167,"Torró et al., 2023",820.3095303,1,0.12,441.9866159,0.102164857,433.5357145,234.6147835,4442.709162,0.006,0.249862511,37.11211218,15.44006274,MVT
Shalipayco,2019-SH-187,"Torró et al., 2023",6145.859871,2.191585044,18.73769373,4,0.063550763,107.0749515,323.4856351,2434.465304,0.007758037,0.184293326,75.48077359,56.52993035,MVT
Shalipayco,2019-SH-187,"Torró et al., 2023",16415.84776,3.473049467,18.73373649,4,0.468521484,62.14569644,176.8928209,4178.747357,0.007,0.178136053,108.5267115,66.77203481,MVT
Shalipayco,2019-SH-187,"Torró et al., 2023",9880.64965,1.8027309,25.78349153,4.896957356,0.056882306,3.980657221,5.619331073,3346.420087,0.0068,0.17416021,1.167153065,1.854327506,MVT
Shalipayco,2019-SH-187,"Torró et al., 2023",22783.40219,6.987306452,28.50095336,4.5,0.839601212,16.65738269,36.2681191,3309.585367,0.008,0.1652191,31.29450708,52.69147249,MVT
Shalipayco,2019-SH-187,"Torró et al., 2023",8139.237145,5.698126627,13.85443428,4.7,0.865787277,6.889709416,50.10891628,3504.303553,2.584695196,0.274571332,5.644305053,18.22643207,MVT
Shalipayco,2019-SH-187,"Torró et al., 2023",8034.85275,5.229872224,11.17866155,4.5,0.028,2.669911735,126.230459,3494.345249,0.008,0.154448786,14.61659772,35.44222409,MVT
Shalipayco,2019-SH-187,"Torró et al., 2023",10975.05681,1.1,18.38192849,4,1.048595533,51.89195998,163.0175874,5956.520227,0.032828984,0.19637129,99.96843032,75.16522306,MVT
Shalipayco,2019-SH-212,"Torró et al., 2023",1002.835577,1.1,0.14,87.58884653,10.10095364,98.67262637,70.20601593,3787.905524,0.079445921,0.517072811,5.485631019,2.61761797,MVT
Shalipayco,2019-SH-212,"Torró et al., 2023",706.2349959,1.1,0.13,140.6824805,23.13614093,296.9330572,325.5221309,2134.246871,0.186369837,4.287638426,8.245997622,6.543055225,MVT
Shalipayco,2019-SH-212,"Torró et al., 2023",1082.189881,2.183137036,0.15,4.5,1.01061843,27.50862717,43.95404603,4819.681929,0.009,0.244868448,0.06958793,0.066914389,MVT
Shalipayco,2019-SH-212,"Torró et al., 2023",785.9204514,1.1,0.14,30.82188408,31.29302111,303.6898989,539.9274003,2505.229707,0.069010785,0.556686852,21.69417034,9.207428083,MVT
Shalipayco,2019-SH-212,"Torró et al., 2023",1360.453406,1.549967951,0.14,6.431738307,8.969958001,114.1158876,234.2630062,5028.757805,0.019544708,0.282685101,21.88298358,9.51100587,MVT
Shalipayco,2019-SH-212,"Torró et al., 2023",485.9156451,1.1,0.14,4,0.178944186,379.3236234,544.6268042,4058.028544,0.008,0.199792467,8.323819647,14.67872045,MVT
Shalipayco,2019-SH-212,"Torró et al., 2023",424.2803532,1.1,0.13,5.303435524,0.073207285,370.1359411,603.5420136,3400.172848,0.0067,0.181914022,5.675600235,11.34637214,MVT
Shalipayco,2019-SH-212,"Torró et al., 2023",666.1224557,1.5,0.19,163.6792372,19.03664172,236.1028749,176.2566777,2179.77666,0.570950269,3.939076187,5.512703495,3.781163602,MVT
Shalipayco,2019-SH-227,"Torró et al., 2023",577.1730735,1.1,0.14,3.9,0.544423417,206.6037649,356.2082198,3652.426635,0.0077,0.187212142,4.160046627,3.473981336,MVT
Shalipayco,2019-SH-227,"Torró et al., 2023",1375.709774,1.2,0.13,101.3986812,31.8258158,303.9202147,388.7881986,4056.726034,0.133385946,0.265017421,23.95170992,12.53545613,MVT
Shalipayco,2019-SH-227,"Torró et al., 2023",641.7035884,1.1,0.14,1148.653021,19.06687879,466.7320336,72.7486826,3828.776392,0.007,0.22324403,273.214801,95.16276677,MVT
Shalipayco,2019-SH-227,"Torró et al., 2023",659.3763567,1.2,0.16,4.4,3.121579534,156.399996,274.1923409,3547.793609,0.009,0.22771308,3.872971709,4.817003482,MVT
Shalipayco,2019-SH-227,"Torró et al., 2023",1077.176223,1.1,0.14,12.49359227,1.118259389,336.8456675,494.6100858,4269.810814,0.006,0.202210373,29.05401166,32.78298906,MVT
Shalipayco,2019-SH-227,"Torró et al., 2023",479.4484536,1.2,0.14,1346.955426,20.38667748,640.1910758,68.40162877,2651.176219,0.008,0.229978452,309.2696767,79.28317174,MVT
Huacrash,FSV2605,"Torró et al., 2023",11.25058609,257.310085,0.094533123,15.56841439,61.23165193,73.01948968,53.48342229,8200.46863,1.2618469,2.560885368,0.015318683,395.6622946,MVT
Huacrash,FSV2605,"Torró et al., 2023",17.55823262,292.391029,0.071708265,16.12577357,56.4964302,24.17229009,22.38608869,8105.354893,0.708540956,0.611117587,0.00732372,90.26557233,MVT
Huacrash,FSV2605,"Torró et al., 2023",4816.096137,114.2416049,0.077951874,10.79268291,4.075709606,104.5516715,85.15611578,3491.033345,2.507828726,3.542171103,0.006279788,2433.573121,MVT
Huacrash,FSV2605,"Torró et al., 2023",3492.733752,248.0375295,0.077117109,15.98538953,27.88984022,213.2087963,84.18395391,6044.423482,1.872296794,6.604699077,0.101180541,2132.492891,MVT
Huacrash,FSV2605,"Torró et al., 2023",21.39930724,300.4583195,0.080443425,28.17299884,69.93542368,40.00348478,26.3324745,8168.14802,0.372645127,0.329361538,0.00759456,150.412913,MVT
Huacrash,FSV2605,"Torró et al., 2023",16.5254704,321.9399477,0.073932852,26.83944188,59.28244315,56.31019799,29.00260398,8021.696576,0.459967361,0.613413735,0.01033174,186.8518482,MVT
Huacrash,FSV2605,"Torró et al., 2023",1759.281348,497.341648,0.106494688,31.85075978,99.53362645,671.6431031,191.7763661,8056.347407,3.167426552,13.35743409,0.76135497,1472.547244,MVT
Huacrash,FSV2605,"Torró et al., 2023",8.602917509,551.283918,0.076262599,35.66129476,103.9660157,722.1039117,222.3272643,7961.138368,2.938645531,10.48883497,0.428125183,1770.64727,MVT
Huacrash,FSV2605,"Torró et al., 2023",2232.116506,512.8468841,0.077879127,33.98260214,101.1618551,855.0819171,330.1659949,7977.879013,2.538641349,8.600007258,0.321122258,2597.743486,MVT
Huacrash,FSV2605,"Torró et al., 2023",8.280909025,306.6944651,0.071081516,11.7029999,47.03851759,11.31838467,14.12266656,7898.439612,0.822619322,1.598735179,0.038008779,44.04608306,MVT
Huacrash,FSV2605,"Torró et al., 2023",8.347868437,264.0764548,0.080189787,13.67667828,59.9448794,18.7950696,17.15306835,7838.170645,1.35469752,1.562330151,0.00626318,57.45156518,MVT
Huacrash,FSV2605,"Torró et al., 2023",8.385047,289.5200634,0.07187183,9.624442133,62.17206469,35.87048283,28.01024249,8008.233262,1.143194209,1.696244715,0.006426667,199.6729814,MVT
Huacrash,FSV2605,"Torró et al., 2023",9.417834076,304.7337629,0.085658128,12.25075844,53.79667859,30.99755069,28.18487909,7653.311333,1.22762221,1.103965234,0.00558155,179.5661344,MVT
Huacrash,FSV2605,"Torró et al., 2023",2859.047423,335.1355065,0.070562902,20.72770921,22.95332999,491.7218724,156.1698069,6875.010091,1.713467091,5.644364461,0.088294501,2204.148966,MVT
Huacrash,FSV2605,"Torró et al., 2023",3395.370211,300.9424709,0.080867944,22.80082347,63.09479733,545.2337512,187.2812417,7598.764599,2.741382087,10.59513121,0.328722155,3264.903443,MVT
Huacrash,FSV2605,"Torró et al., 2023",8.15906663,541.5892577,0.06700219,31.1809219,96.8775528,612.4321832,168.7099828,7729.931835,3.057938258,11.85139691,0.521295428,1132.698813,MVT
Huacrash,FSV2605,"Torró et al., 2023",8.183145515,637.37828,0.076935629,35.51288801,99.55149642,723.2488248,203.4714684,7663.849022,2.598962916,9.718651944,0.388820992,1525.602627,MVT
Huacrash,FSV2605,"Torró et al., 2023",4878.577252,565.031538,0.075331343,31.12105761,107.1887422,698.960238,188.6873575,7414.826577,3.472842259,13.1958654,3.335457442,1482.310268,MVT
Huacrash,FSV2605,"Torró et al., 2023",386.5466231,721.5319965,0.071594021,37.17913375,97.92081615,787.510258,229.67198,7760.219124,2.53154144,8.867594398,0.628992431,1814.910359,MVT
Huacrash,FSV2605,"Torró et al., 2023",6934.261482,588.6477408,0.070866051,31.18196718,103.2880725,700.4792357,166.480007,7566.00556,3.565576844,13.81410365,2.602577787,1314.809498,MVT
Huacrash,FSV2605,"Torró et al., 2023",2303.623271,317.011669,0.087336357,17.10731575,34.40905815,448.8469528,159.1621121,6317.082298,1.395248707,5.004004339,0.062390347,2468.595133,MVT
Huacrash,FSV2605,"Torró et al., 2023",1186.822664,241.9175563,0.074269189,14.05807677,74.58862252,67.74544886,33.69738825,7461.656381,1.507442885,4.839963014,0.213651009,954.0662245,MVT
Huacrash,FSV2605,"Torró et al., 2023",2334.862161,307.9411258,0.081925714,20.24520611,32.77660403,628.6216661,215.1305682,6140.085064,1.180041548,5.766482657,0.132672342,2911.593887,MVT
Huacrash,FSV2605,"Torró et al., 2023",4139.653014,328.2542136,0.078435001,16.05473116,35.21408892,205.0066332,65.25707992,6438.477868,1.533755113,7.790651012,0.111052469,1869.436007,MVT
Huacrash,FSV2605,"Torró et al., 2023",8.260454882,267.9950029,0.072535598,14.60595979,60.49532382,31.66966693,19.71156634,7797.227286,0.938110401,1.87360851,0.006437829,139.907626,MVT
Huacrash,FSV2605,"Torró et al., 2023",16.05621957,255.7233063,0.067600991,16.12733525,68.19692403,10.01699419,16.53565504,7390.578666,0.811268602,1.122704904,0.010993009,50.84269844,MVT
Huacrash,FSV2605,"Torró et al., 2023",8.154430493,299.7035664,0.073413944,15.32107324,58.35223234,15.96929865,14.3309328,7712.801431,0.847868167,1.26076873,0.0076142,44.85365122,MVT
Chilpes,FSV401-coarse,"Torró et al., 2023",8.448824476,472.390347,0.080050741,1893.304119,1133.92698,66.94678258,214.3860547,6024.135593,28.15314375,34.21503435,2.006714753,81.6611062,MVT
Chilpes,FSV401-coarse,"Torró et al., 2023",8.411056174,482.084918,0.082317861,1526.952691,1139.057699,75.4276799,62.2583018,6062.233213,34.05174055,53.18618402,0.666324716,18.99485533,MVT
Chilpes,FSV401-coarse,"Torró et al., 2023",10.41341886,431.4232661,0.097478177,1041.793818,939.6275342,17.69943331,26.30248846,5438.904517,27.4462343,175.6517756,0.485900478,15.20106335,MVT
Chilpes,FSV401-coarse,"Torró et al., 2023",8.709747024,440.2833588,0.07595477,970.9590792,854.6922396,19.53749635,12.18337589,5209.245487,21.49230663,202.1408159,0.084722002,0.714747602,MVT
Chilpes,FSV401-coarse,"Torró et al., 2023",8.735979112,580.3816686,0.081799584,4033.600659,2967.876554,219.8490944,30.25241143,6121.1802,61.23677161,625.753441,0.323064345,6.514770799,MVT
Chilpes,FSV401-coarse,"Torró et al., 2023",10.76507833,559.7875824,0.089034499,1750.842643,1242.655743,101.6298019,25.56553561,5648.620147,40.48691588,174.1610063,10.21996188,17.37710452,MVT
Chilpes,FSV401-coarse,"Torró et al., 2023",8.596418899,547.7313466,0.079290866,2825.058795,127.7830234,1079.063559,108.173684,7590.591627,0.462094467,0.149716068,0.043361956,44.70295928,MVT
Chilpes,FSV401-coarse,"Torró et al., 2023",8.863313392,669.8750021,0.084132031,2763.684621,1935.054977,402.1368023,33.93342619,8313.636865,31.75372944,16.15076732,0.0093716,8.445902575,MVT
Chilpes,FSV401-coarse,"Torró et al., 2023",8.736621626,611.3533194,0.07917081,2377.621751,842.0904579,771.9031376,61.07756053,8205.332635,11.28727412,1.989382243,0.005319883,21.86822491,MVT
Chilpes,FSV401-coarse,"Torró et al., 2023",9.047950939,610.5942309,0.075241945,2396.293477,737.3826714,836.8866878,60.65339155,8098.849328,9.331240504,1.658160098,0.009332151,24.28996841,MVT
Chilpes,FSV401-coarse,"Torró et al., 2023",8.934383261,372.4588316,0.081885299,1099.027058,5.720511091,286.0341745,34.32312482,4139.010582,0.018832364,0.091979731,0.006324518,16.83933329,MVT
Chilpes,FSV401-coarse,"Torró et al., 2023",8.866312954,439.6494241,0.07661513,1101.991716,2.33804107,163.630329,122.9260249,5289.622171,0.012256708,0.061967189,0.009469432,58.3302766,MVT
Chilpes,FSV401-coarse,"Torró et al., 2023",9.160778596,434.9263257,0.075077777,1167.99534,15.94040885,360.3472892,42.38637524,4794.249281,0.061254705,0.104067536,0.045916453,30.2639766,MVT
Chilpes,FSV401-coarse,"Torró et al., 2023",9.189902719,446.397987,0.077594843,1245.173442,36.96996755,420.144035,35.39182244,4947.84318,0.153559374,0.130967399,0.057342309,13.68435201,MVT
Chilpes,FSV401-coarse,"Torró et al., 2023",9.345503943,262.0335231,0.077696683,1390.727481,0.058638175,133.5400308,147.9457141,4981.220544,0.001539736,0.046399157,0.007434005,84.22787111,MVT
Chilpes,FSV401-coarse,"Torró et al., 2023",9.086770869,281.0037827,0.071117376,1206.450414,0.0822698,115.7373792,119.4715457,5158.721037,0.033009773,0.04138755,0.010477307,74.21081372,MVT
Chilpes,FSV401-coarse,"Torró et al., 2023",9.064401802,267.3720619,0.080213311,1494.504348,5.81535653,88.4934367,309.9387933,5537.668872,0.130907889,2.732675603,0.082666297,158.8653726,MVT
Chilpes,FSV401-coarse,"Torró et al., 2023",9.128488521,247.7916979,0.071489618,1980.334534,0.132604361,132.523278,346.665554,5025.764393,0.043810239,0.049933022,0.009242479,133.6401816,MVT
Chilpes,FSV401-coarse,"Torró et al., 2023",9.185785032,251.9933944,0.081100886,1864.87763,0.09677063,137.1573563,202.5373379,4936.663913,0.036411419,0.042397313,0.006961682,78.77802886,MVT
Chilpes,FSV401-coarse,"Torró et al., 2023",9.161430949,261.5480593,0.070784587,1716.112374,0.117603586,130.088997,145.5362834,4842.686989,0.005664278,0.039046053,0.008835117,61.54333101,MVT
Chilpes,FSV401-coarse,"Torró et al., 2023",9.328781353,370.8633648,0.073086308,25.39332941,0.047475071,0.260762395,4.734466517,7824.292032,0.037359684,0.047652079,0.010777058,2.041295586,MVT
Chilpes,FSV401-coarse,"Torró et al., 2023",9.336123544,357.8993679,0.081145247,413.1864706,0.039958947,12.26141482,79.87773509,7817.351577,0.042009227,0.047200712,0.009509877,24.74826318,MVT
Chilpes,FSV401-vein,"Torró et al., 2023",9.202978261,660.1576967,0.076336297,3757.40438,1785.778232,1138.381867,63.04517373,8437.300655,28.85987663,35.97249284,0.008355882,10.85736066,MVT
Chilpes,FSV401-vein,"Torró et al., 2023",9.589028319,643.2075404,0.07798478,3708.097406,1659.7942,1252.005501,87.28135146,8499.087386,27.06627754,30.02821366,0.042243016,11.96152347,MVT
Chilpes,FSV401-vein,"Torró et al., 2023",9.346720865,627.9307351,0.077272994,3580.00326,2518.641357,603.4817098,82.05594844,7015.344113,35.96769375,81.31711752,0.00903889,2.046858253,MVT
Chilpes,FSV401-vein,"Torró et al., 2023",9.344174057,628.9836477,0.079746041,2869.969857,590.463701,1529.879026,96.58846082,7792.017172,3.735744825,0.468959767,0.013902326,12.16414088,MVT
Chilpes,FSV401-vein,"Torró et al., 2023",9.362952834,540.6470723,0.077691282,1015.040743,163.7734009,429.9335603,29.75570476,7228.859408,6.582910838,125.7849313,0.099823808,11.31527211,MVT
Chilpes,FSV401-vein,"Torró et al., 2023",9.338323903,715.8713008,0.08181358,3767.212369,2819.198856,239.7670751,61.09946963,7751.463076,77.74334317,353.7455224,0.605017548,5.463290765,MVT
Chilpes,FSV401-vein,"Torró et al., 2023",9.341445427,655.9330265,0.08376788,3328.435619,1161.366816,1528.511971,99.84364674,8292.589549,8.041454071,1.009865498,0.065814262,10.86532597,MVT
Chilpes,FSV401-vein,"Torró et al., 2023",9.493546906,664.8116966,0.081758044,3221.722597,913.2583725,1667.377613,99.81939399,8000.000714,5.126690945,0.741864154,0.007493171,11.29002866,MVT
Chilpes,FSV401-vein,"Torró et al., 2023",9.31478256,622.5979621,0.081303333,3078.686607,225.6383973,1734.736792,112.5961781,8618.5026,1.49202193,12.93895614,0.345625114,37.37080544,MVT
Chilpes,FSV401-vein,"Torró et al., 2023",9.313640829,641.9842318,0.068515304,3127.55352,188.2306852,1744.632613,130.88573,9171.358594,0.944591144,0.835427205,0.00996213,44.6457075,MVT
Chilpes,FSV401-vein,"Torró et al., 2023",9.531930982,599.4696956,0.073237654,2855.844241,1746.777467,701.658372,97.90685865,7017.323883,20.38205274,7.688587916,0.004458581,2.113564595,MVT
Chilpes,FSV401-vein,"Torró et al., 2023",9.274843771,641.5719252,0.080166419,2375.057975,1187.800484,898.9929705,97.08416143,7387.132186,11.0149625,3.672874734,0.008362453,5.879674939,MVT
Chilpes,FSV401-vein,"Torró et al., 2023",9.24023731,634.1097709,0.079966017,2484.310339,728.2062745,1238.868822,48.89780202,7070.032858,4.41524589,0.821505887,0.011651989,5.302498974,MVT
Chilpes,FSV401-vein,"Torró et al., 2023",9.272184077,599.4235803,0.083498685,2533.115649,160.0348698,1618.528588,70.53904145,7544.586487,0.779630425,0.608621059,0.009977914,12.39939998,MVT
Chilpes,FSV401-vein,"Torró et al., 2023",9.002547045,632.6517309,0.080297534,4016.377656,2734.327692,405.5058598,97.02816357,8389.873649,64.52536519,11.65129218,0.296463658,20.24700927,MVT
Chilpes,FSV401-vein,"Torró et al., 2023",9.164945953,530.8037531,0.082790901,4018.302926,2721.811722,447.0722085,59.0398257,7107.84664,91.6163821,215.7515242,0.266004063,8.909389357,MVT
Chilpes,FSV401-vein,"Torró et al., 2023",9.02860368,500.5164456,0.075133204,4120.420172,2656.643349,503.2613761,91.73981532,6574.581454,78.12343294,166.8681106,0.303399612,38.94748446,MVT
Chilpes,FSV401-vein,"Torró et al., 2023",9.121353116,501.3438266,0.073585713,4521.080537,3383.283758,438.9857016,48.17750902,6139.506223,87.49254234,253.9167642,0.128222787,14.65619971,MVT
Chilpes,FSV401-vein,"Torró et al., 2023",9.111599917,502.0468349,0.077188859,4734.532776,3646.09645,378.1378291,31.82001102,5725.675014,81.99994491,343.7296547,0.006299994,2.951417731,MVT
Chilpes,FSV401-vein,"Torró et al., 2023",9.072271765,545.0227092,0.082183022,4839.936818,3942.693334,391.7166685,47.98001105,6008.80473,84.21054745,210.3766487,0.075568563,2.313170245,MVT
Chilpes,FSV401-vein,"Torró et al., 2023",8.964906782,594.4255309,0.080939917,4312.071323,3089.879437,436.1377801,73.42180405,7663.211297,92.14205136,146.830106,0.272921066,13.90005284,MVT
Chilpes,FSV401-vein,"Torró et al., 2023",8.821788407,714.2112335,0.089543035,15.02476732,0.232398547,1.480818516,7.290508061,9956.016328,0.042282739,0.045395033,0.006032924,1.205474779,MVT
Chilpes,FSV401-vein,"Torró et al., 2023",8.994685331,693.1644036,0.084580746,10.72067223,0.107135855,0.916947814,6.236269141,9630.226487,0.034183317,0.06085867,0.009735295,0.948818719,MVT
Chilpes,FSV401-vein,"Torró et al., 2023",8.960271356,705.4900002,0.073814547,88.65686103,0.190051513,33.59374894,8.39675979,10310.39185,0.009178119,0.125617517,0.00897982,4.605716815,MVT
Chilpes,FSV401-vein,"Torró et al., 2023",8.805056085,664.8045761,0.072237128,72.5585888,0.185978955,29.8760921,4.183526743,9693.433759,0.007908817,0.127514132,0.010821179,3.135025799,MVT
Chilpes,FSV401-vein,"Torró et al., 2023",8.758037378,594.661897,0.076997738,332.2393914,0.248414775,23.40430883,71.63161302,7811.571171,0.005210009,0.048682255,0.007821053,36.62447954,MVT
Chilpes,FSV401-vein,"Torró et al., 2023",8.853999276,560.6204102,0.075774226,369.82661,0.181270785,31.16832357,69.42063577,7431.180049,0.006221121,0.045263837,0.009390205,39.39298414,MVT
Chilpes,FSV401-vein,"Torró et al., 2023",8.958989763,606.0007472,0.077612883,53.11573042,9.573398827,2.811748919,7.391659869,7831.797348,0.561219994,16.83658412,0.458873157,2.959300255,MVT
Chilpes,FSV401-vein,"Torró et al., 2023",8.822519155,622.9905284,0.077350372,4.63886177,0.157225184,0.084726866,1.918982842,8211.480772,0.00732786,0.064990309,0.007182074,0.279506206,MVT
Chilpes,FSV434,"Torró et al., 2023",8.79758238,140.3502849,0.081946794,96.31191718,0.978508381,11.88744129,7.702965133,4244.966967,0.012572911,0.815041336,0.009058412,3.695017195,MVT
Chilpes,FSV434,"Torró et al., 2023",8.932958367,144.2195786,0.069809477,138.8307319,1.839692642,19.51800419,7.839724012,4281.335239,0.011092755,0.891408744,0.008770716,1.688784418,MVT
Chilpes,FSV434,"Torró et al., 2023",9.001199385,134.8206033,0.081004312,56.52205595,1.238035089,9.451169232,5.094236396,4023.667346,0.030328524,9.331935975,0.04669814,6.538643407,MVT
Chilpes,FSV434,"Torró et al., 2023",8.875150421,133.6418278,0.070999843,45.0770274,1.358772778,10.63910777,5.055757425,4171.156877,0.02135899,2.639097982,0.0075993,6.523157138,MVT
Chilpes,FSV434,"Torró et al., 2023",8.927838838,137.9385929,0.080048683,83.75573873,1.115836308,15.91309293,7.25137894,4147.693276,0.042922736,0.196067339,0.006970394,0.979045782,MVT
Chilpes,FSV434,"Torró et al., 2023",9.648976387,170.1903288,0.084080158,120.1660405,0.678213064,9.114383163,15.32939485,4353.259102,0.025533991,0.061993378,0.00948831,14.76609283,MVT
Chilpes,FSV434,"Torró et al., 2023",9.112681122,137.9913846,0.076786425,79.27671415,0.262231539,10.95814643,6.885796951,4185.336902,0.038937994,0.042198579,0.00964739,1.092066778,MVT
Chilpes,FSV434,"Torró et al., 2023",9.160647549,171.6143056,0.077038048,167.188769,0.643356221,23.11358106,11.60503676,4189.627417,0.029171951,0.254135775,0.061236963,5.652863283,MVT
Chilpes,FSV434,"Torró et al., 2023",9.339315951,179.97007,0.075641103,173.8579522,0.661474302,23.86871042,14.14246077,4410.662284,0.018607776,0.113310124,0.00880112,7.707089416,MVT
Chilpes,FSV434,"Torró et al., 2023",9.107868891,154.8245849,0.076416212,173.2819142,0.302514965,13.39609368,13.53849671,4162.721554,0.007570651,0.134038493,0.04664042,14.06166774,MVT
Chilpes,FSV434,"Torró et al., 2023",9.441595155,168.0099597,0.077885178,38.30476209,0.115680986,5.312712434,4.147050896,4820.725104,0.006218224,0.133257924,0.007957473,1.632583046,MVT
Chilpes,FSV434,"Torró et al., 2023",9.34202603,156.98164,0.073768251,139.4551004,0.138690528,3.669331375,14.97701006,4686.539647,0.005999074,0.105031449,0.008052902,20.54203119,MVT
Chilpes,FSV434,"Torró et al., 2023",13.06123513,153.875094,0.111485036,157.3184944,0.235838269,7.656938672,15.99889488,4898.517332,0.008608204,0.131192592,0.068752078,15.38329167,MVT
Chilpes,FSV434,"Torró et al., 2023",9.382969061,192.1525345,0.081690347,27.23472921,19.4666068,4.098935698,2.190685253,4814.541603,0.278709105,0.096694552,0.010676767,0.051542078,MVT
Chilpes,FSV434,"Torró et al., 2023",9.405713104,197.4548532,0.076560184,19.47605923,13.00205345,2.876442719,2.781696431,4797.327826,0.178132885,0.106858754,0.010383,0.02660656,MVT
Chilpes,FSV434,"Torró et al., 2023",9.416529542,437.957239,0.078322588,1494.650125,114.1665616,736.4285507,51.86619127,6085.832595,1.24378734,2.921778016,0.267653739,26.90124939,MVT
Chilpes,FSV434,"Torró et al., 2023",9.508534961,383.0601496,0.072929899,1336.318201,139.4697918,600.9465315,31.19660363,5468.653711,1.036976654,3.641392635,0.30450649,6.691013513,MVT
Chilpes,FSV434,"Torró et al., 2023",9.623534391,236.3800782,0.077740008,7.335586021,7.957021478,0.082041252,1.491471411,4324.75657,0.474393242,0.585718786,0.011171505,0.021337946,MVT
Chilpes,FSV434,"Torró et al., 2023",10.12772078,268.2764481,0.084527917,53.22202109,50.72483176,0.172546806,1.735093871,4565.84774,3.041466324,2.255178858,0.012308024,0.017132521,MVT
Chilpes,FSV434,"Torró et al., 2023",9.589540248,170.2479215,0.075812048,165.5983022,0.444511591,23.73815504,9.885850769,4415.058517,0.011958638,0.198962816,0.010254298,4.29494387,MVT
Chilpes,FSV434,"Torró et al., 2023",9.330449954,177.3625829,0.073143686,136.7468962,0.567414803,26.1518094,8.296996098,4439.98047,0.0069758,0.201405433,0.008374699,3.667438983,MVT
Chilpes,FSV434,"Torró et al., 2023",9.437753328,179.1632651,0.07840731,111.2164202,0.550884355,25.60944077,4.941342678,4624.962226,0.007031617,0.188486732,0.012648978,0.967618783,MVT
Chilpes,FSV434,"Torró et al., 2023",9.472117804,132.5635351,0.075722794,87.78904117,0.443501808,19.84405828,4.249295953,4411.735304,0.040453983,0.041190518,0.011649497,0.734502904,MVT
Chilpes,FSV434,"Torró et al., 2023",9.427738881,129.3356702,0.08237961,94.52181509,0.494435827,21.47120852,4.917683405,4519.689546,0.039022711,0.044569637,0.010004256,0.688912824,MVT
Chilpes,FSV434,"Torró et al., 2023",9.276589732,149.922584,0.068145256,208.0698726,0.611511198,44.71553179,10.50729251,4510.668211,0.032719835,0.036881945,0.009058462,2.461560548,MVT
Chilpes,FSV434,"Torró et al., 2023",11.35434033,241.6906954,0.095974633,56.11956939,40.39470734,11.40917566,2.457508748,4841.357418,0.396104712,0.671187456,0.012333187,0.050091963,MVT
Chilpes,FSV434,"Torró et al., 2023",9.4534157,215.6339997,0.0760263,29.90548398,28.57070397,3.578272563,2.345138138,4768.546759,0.415359542,0.280066866,0.008452919,0.036460657,MVT
Chilpes,FSV434,"Torró et al., 2023",9.646398775,201.7371566,0.077500935,33.3768401,23.63324335,7.182060183,2.20784415,4685.578582,0.34959609,0.675974401,0.009881655,0.313332281,MVT
Chilpes,FSV434,"Torró et al., 2023",9.596986783,289.9277755,0.08451142,10.70087794,5.372867059,1.408146528,5.044512724,7070.856187,0.174453467,0.0391906,0.007035923,6.889807876,MVT
Chilpes,FSV434,"Torró et al., 2023",9.686502107,203.6629922,0.07492825,10.34968079,7.368495867,1.324631975,3.020788079,5138.571862,0.146981167,0.079339145,0.009672678,0.485078282,MVT
Chilpes,FSV434,"Torró et al., 2023",9.377570144,154.0704192,0.07499163,44.20896778,1.31214752,11.16685113,3.509434193,4297.738721,0.010522931,0.111203371,0.009672654,2.283556914,MVT
Chilpes,FSV434,"Torró et al., 2023",9.46460434,141.3142947,0.077440165,28.31870136,0.820863555,5.613098308,2.889609217,4307.967931,0.007885673,1.387721543,0.010388576,2.477542872,MVT
Chilpes,FSV434,"Torró et al., 2023",9.133120949,142.6048817,0.078201023,41.28454309,1.363956712,6.417309098,4.499304917,4266.457744,0.006060478,1.336963312,0.012151407,3.333236475,MVT
Chilpes,FSV434,"Torró et al., 2023",9.459148484,144.0896103,0.079508887,33.24891887,1.378515759,6.417703187,3.115118221,4533.566371,0.010443828,1.482028142,0.008208279,1.576467219,MVT
Chilpes,FSV434,"Torró et al., 2023",9.179782981,141.4974447,0.08575543,28.66068459,0.718598521,5.542259436,2.571255242,4506.62962,0.011337218,1.509557445,0.00985056,1.38474114,MVT
Chilpes,FSV434,"Torró et al., 2023",9.027188369,143.2070242,0.085041405,25.77578079,1.077968804,7.287037913,2.123069884,4421.910868,0.011881535,0.329981393,0.009830935,0.729763509,MVT
Chilpes,FSV434,"Torró et al., 2023",9.065115586,123.3649787,0.074567052,34.47739983,0.820586739,9.693141741,2.342603934,4452.454761,0.013280982,0.311553019,0.00658554,0.702220744,MVT
Chilpes,FSV434,"Torró et al., 2023",9.003612778,129.48841,0.075108462,3.207728949,0.040244706,0.06361568,1.144782238,4850.318137,0.033119628,0.041498893,0.00823329,0.085378903,MVT
Chilpes,FSV434,"Torró et al., 2023",9.06575385,122.2872595,0.075941702,50.76872763,0.643911086,6.237048564,4.727030599,4326.578369,0.009019624,0.145655049,0.009802105,4.851727443,MVT
Chilpes,FSV434,"Torró et al., 2023",9.069563206,166.8082567,0.078321007,133.0682795,14.57178506,46.76420864,4.182866785,4545.292349,0.047033433,2.80981139,0.01106613,1.229750486,MVT
Chilpes,FSV434,"Torró et al., 2023",8.771014316,144.2596148,0.071991823,19.05870427,0.997847415,4.906329495,2.201023399,4492.707107,0.005339221,2.391868912,0.011283647,0.77614664,MVT
Chilpes,FSV434,"Torró et al., 2023",8.969181711,174.9618346,0.075227007,57.26114231,37.79174769,11.60393844,2.153384605,4404.764401,0.462711036,0.268702932,0.007568409,1.235442726,MVT
Chilpes,FSV50-diss,"Torró et al., 2023",110.2468361,1.357181338,0.0745755,20.49852818,0.069547681,179.0021288,58.76322211,12797.26728,0.014066782,0.064912852,0.009493785,18.59667484,MVT
Chilpes,FSV50-diss,"Torró et al., 2023",98.45875557,1.37488308,0.068681325,21.99023024,1.081020742,173.9837938,36.00833042,11845.4257,0.081510568,0.208177464,0.008498697,12.14765535,MVT
Chilpes,FSV50-diss,"Torró et al., 2023",63.56493457,8.021799134,0.072973891,16.0197939,1.440878968,107.4063618,43.61301857,7650.074486,0.05293257,0.307820089,0.007202156,5.008211672,MVT
Chilpes,FSV50-diss,"Torró et al., 2023",104.6528729,1.746488414,0.073555063,32.90936385,10.20809727,219.102721,297.7635999,6428.105215,0.286490582,1.734822135,0.00815277,4.147736955,MVT
Chilpes,FSV50-diss,"Torró et al., 2023",73.39520681,34.56023622,0.066373978,52.02859773,19.08151024,258.1625941,131.3073938,8966.188415,0.573429769,0.966521332,0.008849528,15.26655561,MVT
Chilpes,FSV50-diss,"Torró et al., 2023",136.0064132,1.370794791,0.07267891,17.02500192,0.313454075,37.80821223,12.72401787,13037.089,0.016854633,0.140736392,0.007685321,11.78504903,MVT
Chilpes,FSV50-diss,"Torró et al., 2023",78.0568445,1.371067911,0.063263059,98.95718822,0.064819314,163.1865503,44.74297662,4530.356816,0.024351469,0.056918434,0.007693625,1.48816875,MVT
Chilpes,FSV50-diss,"Torró et al., 2023",128.0750309,1.789134003,0.090648055,38.03695701,0.116302175,54.92014533,43.78686469,11558.73784,0.010911698,0.126652333,0.009020751,8.316576466,MVT
Chilpes,FSV50-diss,"Torró et al., 2023",94.67139131,1.37980961,0.06563593,55.51981949,0.161752623,160.3893236,37.79811493,9317.827737,0.008091418,0.135220979,0.007074531,4.54147806,MVT
Chilpes,FSV50-diss,"Torró et al., 2023",150.0092336,1.364421436,0.07147858,14.80768172,0.256309346,34.58152465,12.77238144,9761.148481,0.04085384,0.067968646,0.00729551,5.658011146,MVT
Chilpes,FSV50-diss,"Torró et al., 2023",131.650675,1.501618845,0.076124609,71.67547804,4.196487871,78.54433103,53.89586061,12683.43532,0.021515936,1.237011881,0.0077155,13.51357387,MVT
Chilpes,FSV50-diss,"Torró et al., 2023",123.6898591,1.605183291,0.069950033,103.317671,0.036279672,101.8036986,68.36098876,13434.34399,0.028163114,0.062601472,0.008128019,14.56022127,MVT
Chilpes,FSV50-diss,"Torró et al., 2023",78.06810494,2.379698715,0.072827367,206.2247709,0.033937374,200.3053687,152.8601373,7341.505799,0.025796049,0.042897725,0.009143654,4.735423169,MVT
Chilpes,FSV50-diss,"Torró et al., 2023",68.13759436,96.45214251,0.078018115,251.3937639,59.62861845,201.9424477,163.2188503,7743.443035,0.318723515,6.975057178,0.009032267,57.01810301,MVT
Chilpes,FSV50-diss,"Torró et al., 2023",40.48020299,18.97521484,0.074350117,159.8113437,81.23489827,124.8831559,121.8512911,5511.041936,0.403383483,25.7809249,0.007845708,10.34406709,MVT
Chilpes,FSV50-diss,"Torró et al., 2023",19.83058394,515.0272,0.073622756,65.55308685,19.50604492,51.14620686,34.81139101,9007.725249,0.057488776,1.553763192,0.008723923,12.92403292,MVT
Chilpes,FSV50-diss,"Torró et al., 2023",8.8284379,803.0189597,0.073999309,83.89210937,15.03715712,85.93632626,70.10947628,6736.52087,0.107702642,1.326767893,0.006718068,2.744189548,MVT
Chilpes,FSV50-diss,"Torró et al., 2023",127.7872187,1.699539994,0.077440408,15.06723636,1.246496132,29.03966319,21.24745855,12455.22099,0.063822801,0.372603367,0.008683791,6.126370841,MVT
Chilpes,FSV50-diss,"Torró et al., 2023",111.6097441,1.68305162,0.065288539,72.96785248,1.991908947,124.396213,125.0465816,12432.98011,0.045235851,0.721553256,0.009930188,3.157239515,MVT
Chilpes,FSV50-diss,"Torró et al., 2023",144.0648289,1.693680779,0.071047151,38.13247341,0.120154199,54.77324678,56.96968241,13666.2108,0.017339798,0.042409119,0.010127371,18.47134503,MVT
Chilpes,FSV50-diss,"Torró et al., 2023",153.8863046,1.340087723,0.076612581,24.96698598,1.092611685,92.33813101,21.21431086,16422.39284,0.007945049,0.057376477,0.00688554,30.89761891,MVT
Chilpes,FSV50-diss,"Torró et al., 2023",98.72066474,1.356986367,0.07250919,59.20551833,0.327896598,224.6374126,29.55593651,12269.86282,0.00740139,0.792148429,0.010238463,10.02113335,MVT
Chilpes,FSV50-diss,"Torró et al., 2023",102.6354177,1.59919138,0.073745293,39.07839376,0.192092596,185.251334,17.37027348,12834.53475,0.0052135,0.03901024,0.008898441,8.319138527,MVT
Chilpes,FSV50-diss,"Torró et al., 2023",106.2610615,6.409779513,0.071162813,79.0337216,0.835115772,163.0117879,103.4292996,11424.27806,0.059231415,0.114455881,0.008445822,11.21436093,MVT
Chilpes,FSV50-diss,"Torró et al., 2023",115.8393024,1.342210283,0.06975355,69.55608511,0.483195914,138.3688845,84.1469196,11595.09135,0.316887071,0.11504263,0.0070231,10.84876049,MVT
Chilpes,FSV50-diss,"Torró et al., 2023",120.1231271,1.938946022,0.070846587,23.88436975,0.27815638,49.7950286,34.59334708,14317.94761,0.008816277,0.036867711,0.008616876,15.97832543,MVT
Chilpes,FSV50-diss,"Torró et al., 2023",60.60237505,6.72839281,0.072751189,4.612518859,1.076108398,0.314452865,1.527475938,7403.36535,0.024462085,0.05690316,0.007477668,0.10716129,MVT
Chilpes,FSV50-diss,"Torró et al., 2023",122.0375634,1.338014013,0.067127139,48.90063691,16.27521778,85.00693516,90.98529248,13793.51576,0.041985917,0.870794513,0.011389141,6.134149285,MVT
Chilpes,FSV50-diss,"Torró et al., 2023",119.0709921,91.05738516,0.07330827,50.84516757,12.47417209,62.18886085,76.71763807,14077.41363,0.064445544,0.738109327,0.008297375,16.77363639,MVT
Chilpes,FSV50-diss,"Torró et al., 2023",142.4824915,1.340291493,0.075553525,25.92117699,0.087119358,41.42248594,41.79791697,10108.37898,0.006402007,0.096324177,0.006527864,9.194088192,MVT
Chilpes,FSV50-diss,"Torró et al., 2023",155.6033732,1.353606349,0.071335346,17.60095783,0.12072544,32.61651081,22.51109527,13499.70529,0.004848216,0.0482621,0.011630342,13.52332984,MVT
Chilpes,FSV50-diss,"Torró et al., 2023",186.7066523,1.343114817,0.069205067,11.15609734,0.048203874,13.70784547,10.44483782,10021.37006,0.008538321,0.048766833,0.011826082,4.967277405,MVT
Chilpes,FSV50-diss,"Torró et al., 2023",126.2439514,1.30598676,0.076664012,43.32542474,0.376505284,126.0746695,43.65600673,15626.42848,0.004493555,0.09315561,0.008286067,26.84400769,MVT
Chilpes,FSV50-diss,"Torró et al., 2023",97.93107294,6.247371334,0.07565263,107.7308461,0.120214483,206.6483645,101.322163,9733.521142,0.011170314,0.036785315,0.009943052,12.462672,MVT
Chilpes,FSV50-diss,"Torró et al., 2023",93.45978194,1.94525622,0.068595746,58.72160026,0.09469399,235.5822321,45.90815176,11884.4824,0.010904947,0.040704687,0.010313991,17.42667694,MVT
Chilpes,FSV50-diss,"Torró et al., 2023",108.8059588,1.335671056,0.069749301,33.78843491,0.046414125,72.10486093,37.5018687,12681.58215,0.041101709,0.047314058,0.008517984,6.035842982,MVT
Chilpes,FSV50-diss,"Torró et al., 2023",113.053145,1.335219033,0.073501632,27.42197188,0.043119978,87.57265007,14.28139441,8027.466481,0.148211896,0.029822112,0.009504096,1.697871664,MVT
Chilpes,FSV50-diss,"Torró et al., 2023",153.3692632,1.314079828,0.068651969,13.83770491,0.141093575,21.11522652,19.56210118,11279.99329,0.006183163,0.170857553,0.009636111,10.87455729,MVT
Chilpes,FSV50-diss,"Torró et al., 2023",64.64176441,5.321342958,0.07231287,219.3496809,13.83374849,293.0184886,317.163365,8256.247491,0.051555251,0.989166467,0.007836244,47.24302158,MVT
Chilpes,FSV50-diss,"Torró et al., 2023",106.7819003,1.593964009,0.089182953,27.39839494,0.192487813,51.99462425,30.36357618,10945.52357,0.025121751,0.449362407,0.010451175,5.258392227,MVT
Chilpes,FSV50-diss,"Torró et al., 2023",80.70738348,1.338349319,0.069774731,100.8986689,0.070253657,156.7930775,77.71082839,6553.216862,0.013022462,0.130247019,0.008031965,3.224503638,MVT
Chilpes,FSV50-diss,"Torró et al., 2023",154.2407371,2.565783559,0.068911931,45.19290303,12.45256518,78.69357843,61.64473608,13698.4451,0.165427875,0.629468495,0.009162907,7.948322819,MVT
Chilpes,FSV50-diss,"Torró et al., 2023",68.69636102,1.358229609,0.066942279,115.5781079,128.5198771,28.487277,49.09632571,14142.47759,0.224827469,24.5096498,0.009459678,1.470123498,MVT
Chilpes,FSV50-diss,"Torró et al., 2023",180.3488406,1.360623536,0.067190562,8.893771771,0.109092537,9.323939696,6.65888683,10468.19501,0.040126099,0.04174762,0.010819501,3.140177128,MVT
Chilpes,FSV50-diss,"Torró et al., 2023",145.7895344,1.324758895,0.070469007,41.7985042,0.146312456,49.38262857,36.92419968,15055.21935,0.005024901,0.038738226,0.010323045,21.8727494,MVT
Chilpes,FSV50-diss,"Torró et al., 2023",151.8047571,1.346935188,0.071543634,27.41726597,0.192339277,29.53207312,23.60817299,16011.54181,0.022436501,0.060294788,0.008196729,13.86652146,MVT
Chilpes,FSV50-diss,"Torró et al., 2023",116.3149292,1.342120323,0.079373727,68.69149005,0.133945704,66.95968347,46.5012508,14639.89573,0.005949761,0.341994119,0.007394756,9.330988036,MVT
Chilpes,FSV50-diss,"Torró et al., 2023",159.8313506,1.311632113,0.071259376,16.28611758,0.447171262,15.39211167,12.19447101,14330.37324,0.009633539,0.056415222,0.007117126,8.157505921,MVT
Chilpes,FSV50-diss,"Torró et al., 2023",94.09534355,1.336299488,0.069253823,96.25174948,0.223204419,157.2755834,17.49399823,9606.391641,0.009263009,0.039360497,0.007020418,7.357329882,MVT
Chilpes,FSV50-diss,"Torró et al., 2023",96.92508168,1.35641606,0.073987206,107.9011982,0.802471509,100.7545747,69.62060257,11110.197,0.082069437,0.03776899,0.008507821,4.476820581,MVT
Chilpes,FSV50-diss,"Torró et al., 2023",94.12976641,1.393706242,0.079913046,205.4901362,0.112637753,174.3214771,126.7775211,10701.54081,0.02635853,0.048936423,0.011158101,6.162837199,MVT
Chilpes,FSV50-gn,"Torró et al., 2023",114.276238,1.386822151,0.07497384,135.9629632,0.639716222,121.4475099,98.62755908,13351.06932,0.0123475,0.215032562,0.010332064,31.78498435,MVT
Chilpes,FSV50-gn,"Torró et al., 2023",96.41122331,1.388235467,0.078404747,150.0021078,0.105277416,128.1678213,79.64007665,6848.888402,0.005948041,0.037573635,0.006899995,9.314604169,MVT
Chilpes,FSV50-gn,"Torró et al., 2023",127.4463227,10.77259748,0.122642867,16.69791048,0.220247191,17.70067433,12.19470777,12784.786,0.019954633,0.074837761,0.017370758,7.331320923,MVT
Chilpes,FSV50-gn,"Torró et al., 2023",98.02759795,1.3914406,0.075994566,167.2594536,0.234739465,147.7124202,113.581983,10759.92416,0.007988009,0.041963823,0.007846514,4.017763147,MVT
Chilpes,FSV50-gn,"Torró et al., 2023",125.5765135,19.33595608,0.071920945,90.99397808,0.259862584,202.0050338,141.566341,5115.074328,0.006625193,0.038720515,0.042243892,660.5370305,MVT
Chilpes,FSV50-gn,"Torró et al., 2023",84.47824331,246.6548927,0.075233288,88.38090551,3.40078875,162.4098606,159.1559958,5938.412552,0.302167995,0.069787601,0.081559309,463.5744789,MVT
Chilpes,FSV50-gn,"Torró et al., 2023",87.27550047,5.915428825,0.073917987,170.6603791,12.41231512,200.5631638,182.5921235,5534.307441,0.01893568,0.036101357,0.110409614,568.0462678,MVT
Chilpes,FSV50-gn,"Torró et al., 2023",81.48119183,7.127600726,0.071994353,78.04621474,0.087957689,282.8314771,256.8897369,5794.040577,0.013777059,0.03704591,0.101575915,1248.585586,MVT
Chilpes,FSV50-gn,"Torró et al., 2023",93.5290132,32.26700816,0.070318862,116.3713345,0.481866547,95.48441164,53.7289832,7533.037189,0.057300377,0.041485781,0.010055943,15.41147435,MVT
Chilpes,FSV50-gn,"Torró et al., 2023",74.15576899,62.80148439,0.078159072,160.7779872,0.067567746,140.2080843,79.74421695,7754.933939,0.101307255,0.049841922,0.007854315,30.57824277,MVT
Chilpes,FSV50-gn,"Torró et al., 2023",80.97181104,6.214061931,0.072765682,113.311434,0.740072059,95.94073812,59.55063441,8028.9627,0.021997613,0.123050625,0.009105542,8.019099482,MVT
Chilpes,FSV50-gn,"Torró et al., 2023",93.31286379,1.615064672,0.083739491,59.37744926,0.227456968,47.30246294,27.41066029,8985.010575,0.020031016,0.050221026,0.012181169,3.904608794,MVT
Chilpes,FSV50-gn,"Torró et al., 2023",93.5997956,5.617947642,0.075140569,200.4622539,26.59741362,129.6676544,73.91807834,9349.504719,0.477209245,7.470562846,0.009717722,7.414799564,MVT
Chilpes,FSV50-gn,"Torró et al., 2023",95.37958423,1.441471547,0.06683127,128.486538,0.572432052,111.7782773,59.20028816,13215.46627,0.352949593,0.043158452,0.005809836,8.379489036,MVT
Chilpes,FSV50-gn,"Torró et al., 2023",87.98194468,5.247179008,0.070460377,279.4939507,0.477731277,211.6142637,96.36635651,8523.667497,0.084112354,0.431323012,0.007036781,5.826376388,MVT
Chilpes,FSV50-gn,"Torró et al., 2023",119.0530379,3.354158655,0.077071227,63.46310788,0.089550817,50.80385589,27.03168477,14032.84781,0.012209187,0.053520194,0.009536455,11.44208632,MVT
Chilpes,FSV50-gn,"Torró et al., 2023",167.8986685,1.441564506,0.076092679,46.87978634,0.048422809,60.66463295,43.71327403,10082.11334,0.007729259,0.037083983,0.009621464,5.602625918,MVT
Chilpes,FSV50-gn,"Torró et al., 2023",60.70570916,1.402894816,0.066462498,57.36639117,0.100675254,130.5031358,145.3842271,7126.759507,0.006491209,0.040093517,0.111811686,311.4276066,MVT
Chilpes,FSV50-gn,"Torró et al., 2023",98.8334675,1.426480244,0.078887605,54.69218561,0.155994963,108.3153072,36.9226262,6253.030406,0.038120862,0.04895622,0.00844059,1.068132026,MVT
Chilpes,FSV50-gn,"Torró et al., 2023",97.47563141,1.41562776,0.075312034,53.04357568,0.024460998,92.11749121,57.46337436,9468.04777,0.029011322,0.084849256,0.00949158,2.868899226,MVT
Chilpes,FSV50-gn,"Torró et al., 2023",94.72026769,7.344052779,0.081441936,90.6051264,0.061334163,176.5251547,120.3254906,11265.73393,0.10301209,0.226880598,0.011033557,7.567047017,MVT
Chilpes,FSV50-gn,"Torró et al., 2023",134.6390467,5.014218344,0.087605288,55.34974605,0.120057236,100.5327745,110.6888394,16128.88541,0.083611006,0.056214018,0.008929886,22.82795721,MVT
Chilpes,FSV50-gn,"Torró et al., 2023",90.79456745,1.423279252,0.076394308,75.44251241,0.057523038,106.8406573,86.58583486,5297.766242,0.009285683,0.037478226,0.008529406,1.049022122,MVT
Chilpes,FSV50-gn,"Torró et al., 2023",101.9963581,6.653249982,0.070144077,86.78591737,0.249111299,135.2300929,118.6986324,9078.237065,0.025828652,0.080220171,0.004175791,2.834019653,MVT
Chilpes,FSV50-gn,"Torró et al., 2023",121.8527764,1.442581444,0.077811699,24.68466443,0.193155794,121.2708546,42.89131108,15994.06732,0.00981755,0.049126335,0.008519724,28.01334384,MVT
Chilpes,FSV50-gn,"Torró et al., 2023",92.82457121,17.63784374,0.077396785,43.22791458,1.558981483,167.3622019,67.97819108,13769.87388,0.035841104,0.303849478,0.008417405,13.27484565,MVT
Chilpes,FSV50-gn,"Torró et al., 2023",101.7963489,1.439969284,0.072372319,99.54886435,26.51699006,164.1879826,219.3451192,10098.56915,0.243497421,3.421749766,0.008923643,9.452599195,MVT
Chilpes,FSV50-gn,"Torró et al., 2023",97.79490844,1.437470944,0.076267457,51.91109788,1.814777404,95.39272897,41.8672373,10654.12352,0.017905307,0.728088719,0.00780855,10.07292812,MVT
Chilpes,FSV50-gn,"Torró et al., 2023",74.54488689,2.124914004,0.065854459,84.84222543,0.169279281,186.5391941,90.80431944,5240.978329,0.05213029,0.045436447,0.008231472,2.282750175,MVT
Chilpes,FSV50-gn,"Torró et al., 2023",81.00892704,1.466702682,0.078812917,35.98526563,0.044636712,216.9079728,20.06939617,6106.700267,0.015820836,0.047365652,0.00813475,4.100518428,MVT
Chilpes,FSV50-gn,"Torró et al., 2023",100.0736574,1.753507906,0.091291219,32.94962304,0.206845162,67.06244809,41.42636988,9010.289761,0.007880824,0.051762026,0.011618759,1.025046798,MVT
Chitudian,ZOB3-1,"Chen et al., 2023",85720.97972,4418.58051,0.466943362,141.2081895,3.32733457,0.291259428,1.853979859,1875.460367,197.1442753,0.220000988,0.005,0.062883313,Skarn
Chitudian,ZOB3-2,"Chen et al., 2023",85707.42979,4384.174564,1.506938391,106.5971261,4.589450968,0.391606602,1.044256391,1859.058761,195.1369319,0.194247183,0.005,0.029928412,Skarn
Chitudian,ZOB3-3,"Chen et al., 2023",87909.91315,4536.488462,1.418008292,194.4310632,4.011404213,0.324361684,1.626761712,1948.851671,192.6623301,0.210361465,0.005,0.521443449,Skarn
Chitudian,ZOB3-4,"Chen et al., 2023",86861.90782,4420.11539,1.384567278,113.6362646,4.145811219,0.005,1.113337779,1859.308056,187.1108332,0.195189544,0.005,0.063529276,Skarn
Chitudian,ZOB3-5,"Chen et al., 2023",87060.54535,4583.687738,0.762993525,121.6632949,4.764822793,0.41441158,1.077712701,1851.168586,189.7712955,0.198740262,0.005,0.158042589,Skarn
Chitudian,ZOB3-6,"Chen et al., 2023",83687.99976,4245.32239,1.744094009,104.8705524,4.52562353,0.278762961,0.833524446,1794.060759,184.5451125,0.262768998,0.005,0.086955362,Skarn
Chitudian,ZOB3-7,"Chen et al., 2023",105994.4766,5352.810539,3.984506942,151.0120919,6.697475175,0.513944444,1.217188243,1892.450837,239.9825774,0.200619699,0.005,0.592381529,Skarn
Chitudian,ZOB3-8,"Chen et al., 2023",141244.8637,7435.235288,5.052997261,197.2415361,9.176824508,0.005,1.467815794,1996.561794,321.7216964,0.507347566,0.073883313,0.191066674,Skarn
Chitudian,ZOB22-1,"Chen et al., 2023",87930.46556,3572.102967,1.729367954,84.16407714,3.311015265,0.426898717,0.75887889,1473.639928,134.3278451,0.090343487,0.074529514,0.527622116,Skarn
Chitudian,ZOB22-2,"Chen et al., 2023",88937.70947,3654.172557,1.317781364,85.54998538,3.566070639,0.411123497,0.80176136,1473.23763,135.0176356,0.127137367,0.005,0.005,Skarn
Chitudian,ZOB22-3,"Chen et al., 2023",89554.32038,3540.543495,0.309189568,82.07808793,3.649416501,0.545415389,0.863878002,1452.480005,133.3134836,0.088362582,0.005,0.005,Skarn
Chitudian,ZOB22-4,"Chen et al., 2023",87182.83801,3569.936506,1.183932349,82.25432294,3.16849524,0.476027064,0.782753111,1465.918662,131.8675693,0.126204568,0.005,0.005,Skarn
Chitudian,ZOB22-5,"Chen et al., 2023",88482.62495,3616.111822,1.19842502,83.59874181,3.425154652,0.446636345,1.134803791,1485.053097,135.9577914,0.126990619,0.114585802,0.035044248,Skarn
Chitudian,ZOB22-6,"Chen et al., 2023",87951.49004,3673.397316,0.260254696,80.60594834,3.471688121,0.524212989,1.055136618,1457.220257,134.8517759,0.122480147,0.005,0.007388554,Skarn
Chitudian,ZOB24-1,"Chen et al., 2023",72219.04669,3485.779067,0.0883305,60.56899361,1.519523934,0.293348215,0.492994164,1666.209451,102.6898014,0.073546369,0.005,0.102303796,Skarn
Chitudian,ZOB24-2,"Chen et al., 2023",47013.44455,2987.206574,0.099590879,150.2780014,0.532757928,0.37782487,1.942694255,1679.676137,106.5962623,0.095164215,0.005,5.559529068,Skarn
Chitudian,ZOB24-3,"Chen et al., 2023",55843.59308,3731.720428,0.05282805,68.9820992,0.887115379,0.383020871,3.21529274,1752.474134,115.5149336,0.094436349,0.005,7.285845729,Skarn
Chitudian,ZOB24-4,"Chen et al., 2023",96440.56087,6476.639158,0.422421739,114.8702963,2.747514647,0.776851045,0.856740362,1843.971375,186.0080429,0.226762874,0.005,0.721645536,Skarn
Chitudian,ZOB24-5,"Chen et al., 2023",84255.79249,3615.179062,0.061518814,63.00781784,1.146901658,0.50037106,0.640839543,1715.642424,103.4818673,0.058600599,0.005,0.122261177,Skarn
Chitudian,ZOB24-6,"Chen et al., 2023",82935.95477,4877.550935,0.070520466,89.2131256,2.490423871,0.757910475,0.540280392,1693.773802,146.9398954,0.125733822,0.005,0.072357609,Skarn
Chitudian,ZOB24-7,"Chen et al., 2023",95390.28998,5981.293576,0.082387869,106.8761436,2.796863037,0.65218877,0.54903547,1860.238626,175.9837422,0.112386275,0.005,0.126142972,Skarn
Chitudian,ZOB24-8,"Chen et al., 2023",85930.56107,3588.917112,0.193383672,66.37933938,1.531148765,0.498577243,0.590629879,1658.143759,104.8811892,0.078962864,0.005,0.105463851,Skarn
Chitudian,ZOB29-1,"Chen et al., 2023",88229.29521,8707.0355,2.698093201,84.07365712,2.955010041,0.470202908,0.748896886,1519.010147,135.0735787,0.096494209,0.005,0.07884185,Skarn
Chitudian,ZOB29-2,"Chen et al., 2023",85340.18674,8426.132921,3.206225671,120.2758941,2.443655186,0.349892745,1.15081188,1463.660291,135.3224702,0.115859918,0.005,0.51476983,Skarn
Chitudian,ZOB29-3,"Chen et al., 2023",87963.96443,8781.270363,2.332851381,101.7411625,2.651196775,0.334716993,1.994531964,1521.15946,137.5350363,0.06307129,0.091796463,1.17777348,Skarn
Chitudian,ZOB29-4,"Chen et al., 2023",90204.91735,8750.743795,3.689352483,83.14644177,3.179834331,0.53000854,0.592110302,1508.097026,136.2748904,0.12448,0.005,0.047114338,Skarn
Chitudian,ZOB29-5,"Chen et al., 2023",87935.43354,7671.552498,5.761419269,84.99577918,3.629637938,0.443812647,0.669693821,1440.623092,138.4839742,0.134068886,0.005,0.023790155,Skarn
Chitudian,ZOB29-6,"Chen et al., 2023",89199.0223,8962.641234,1.481643659,95.54499584,2.312417748,0.551909459,0.754244181,1482.333271,132.4482891,0.083206636,0.005,0.173336114,Skarn
Chitudian,ZOB29-7,"Chen et al., 2023",90847.6799,8969.233249,2.018805991,98.45499561,3.059100958,0.480049358,0.96611941,1457.392248,135.3658283,0.072240486,0.005,0.13964539,Skarn
Chitudian,YOB1-1,"Chen et al., 2023",148307.3778,672.8205483,0.072664904,131.9714132,25.68340043,1.171258831,94.14596376,4127.653035,331.6319616,61.47164313,3.593604443,40.73921233,Skarn
Chitudian,YOB1-2,"Chen et al., 2023",170865.1075,1024.198038,0.005,387.1487625,52.35265332,2.068811087,89.94763429,4882.665646,1460.934834,113.7160036,0.150815719,46.20041547,Skarn
Chitudian,YOB1-3,"Chen et al., 2023",158804.9737,927.6579508,0.06510021,419.7824077,43.29405587,1.114290505,153.7361453,5133.208299,1033.340514,131.7776758,8.150944957,68.02684242,Skarn
Chitudian,YOB1-4,"Chen et al., 2023",78626.31109,558.4580068,0.005,57.16887098,12.13912549,0.427845687,24.16554521,3523.038659,50.32285917,14.21910472,0.910596964,16.97733906,Skarn
Chitudian,YOB1-5,"Chen et al., 2023",83266.52125,593.4194158,0.005,174.2700078,22.4341012,0.451922377,29.14755112,3625.177364,250.7192834,34.50586936,0.388618054,25.0685689,Skarn
Chitudian,YOB1-6,"Chen et al., 2023",83165.93409,585.4112559,0.005,147.9196135,18.90686838,0.310229642,29.78145939,3912.385046,174.4842285,43.50848313,0.112298396,15.7686071,Skarn
Chitudian,YOB1-7,"Chen et al., 2023",84826.3102,605.3189336,0.005,212.3150019,21.27502417,0.501489703,63.72713891,3631.738451,324.4297438,43.96540468,13.4452946,125.4808997,Skarn
Chitudian,YOB1-8,"Chen et al., 2023",79888.79079,532.2389378,0.005,347.095616,23.1332582,0.514611736,35.29866264,3923.898892,166.3557246,26.24887365,3.281371146,188.5116693,Skarn
Chitudian,YOB2-1,"Chen et al., 2023",82647.09439,3167.104408,0.005,195.0763787,11.08403646,0.533802294,10.3869974,2978.481749,60.37365594,4.738857069,2.182274849,0.810788184,Skarn
Chitudian,YOB2-2,"Chen et al., 2023",83368.56401,2525.192116,0.347008841,349.3966379,12.61152402,0.487950894,14.97934359,2932.926918,87.55802759,11.45119127,9.467087512,3.47565811,Skarn
Chitudian,YOB2-3,"Chen et al., 2023",84597.28845,3120.739299,0.005,1682.573556,9.565286518,0.460284193,10.71871571,2965.786308,40.45511452,3.56473496,2.25178936,13.88877336,Skarn
Chitudian,YOB2-4,"Chen et al., 2023",85203.39957,1678.023057,1.359613033,500.2329942,14.94888514,0.296567625,11.9334529,2943.272009,177.6179977,27.65027182,3.738383117,1.559940354,Skarn
Chitudian,YOB2-5,"Chen et al., 2023",84387.19129,2921.063696,0.081978707,4564.239954,11.57830164,0.428297297,21.40288448,2920.211089,76.51689895,25.13267018,7.455576111,8.084010972,Skarn
Chitudian,YOB2-6,"Chen et al., 2023",88224.5333,3135.994113,0.029184625,49.19975191,8.631607287,0.005,3.694669732,2860.987895,31.27709143,2.149004534,0.005,0.211455326,Skarn
Chitudian,YOB7-1,"Chen et al., 2023",51007.68557,292.3719024,1.618308518,228.8285832,39.73861606,0.005,38.34600762,4514.863237,113.79444,102.0705269,7.502283245,7.160243788,Skarn
Chitudian,YOB7-2,"Chen et al., 2023",58631.66501,805.5837049,0.25879713,1470.585426,21.75626376,0.36205935,67.66039,4722.669234,1267.099791,22.75540398,7.001708269,41.83779863,Skarn
Chitudian,YOB7-3,"Chen et al., 2023",52262.19621,582.7428862,0.581863123,937.6100516,13.53477478,0.005,75.22419496,4434.20366,2113.689461,6.003320548,2.845697551,16.82967102,Skarn
Chitudian,YOB7-4,"Chen et al., 2023",59568.2747,758.5237065,0.109035075,1631.32374,6.96021115,0.393824792,70.60995401,4952.899936,1356.84335,3.786828402,5.025834944,298.3179083,Skarn
Chitudian,YOB7-5,"Chen et al., 2023",62921.03658,684.6210917,0.205151876,802.0031423,28.61319057,0.452683403,118.7539706,5145.273345,1544.378993,62.63407713,2.720104703,5.047168554,Skarn
Chitudian,YOB14-1,"Chen et al., 2023",26305.14504,221.5540077,0.572886908,414.3045873,31.33538181,0.005,9.94761051,2051.344355,47.44172257,332.7595825,0.005,0.073261092,Skarn
Chitudian,YOB14-2,"Chen et al., 2023",24120.51437,215.5735182,2.59451487,118.824539,32.80535438,0.005,10.41889995,1909.925952,24.26538763,70.9905641,0.005,1.617950984,Skarn
Chitudian,YOB14-3,"Chen et al., 2023",24322.45665,207.9501191,1.193249867,204.7108002,32.1141248,0.405145089,16.99698444,1877.330482,24.93381022,151.1628577,0.149989275,0.597785698,Skarn
Chitudian,YOB14-4,"Chen et al., 2023",58846.98801,397.6106867,0.048823024,168.774619,19.06084254,0.368420321,10.30805942,2499.615145,7.412330463,105.6824702,0.005,0.772624567,Skarn
Chitudian,YOB14-5,"Chen et al., 2023",56575.73548,270.3321708,0.080155324,680.8715348,15.2665462,0.360176439,22.82778459,2614.687819,4.429556462,68.0973432,0.632140032,13.79576453,Skarn
Chitudian,YOB14-6,"Chen et al., 2023",23563.53083,211.2506045,2.696103246,242.6714269,33.55022957,0.354446154,23.15868882,1804.457445,27.91049218,170.5825477,0.507838066,3.68869501,Skarn
Chitudian,YOB14-7,"Chen et al., 2023",24413.36133,185.1926959,2.781029027,79.51129348,27.82037086,0.356774623,18.03736776,1727.41214,17.20901296,44.51042936,0.327106668,5.951813941,Skarn
Chitudian,YOB16-1,"Chen et al., 2023",50300.07169,388.6164231,0.022099145,199.2088632,27.57971902,0.005,5.756710519,2501.723339,4.133428651,169.836907,0.192935955,0.512281927,Skarn
Chitudian,YOB16-2,"Chen et al., 2023",58181.42204,551.6113064,0.037713773,599.8796535,37.25943276,0.598425868,11.48760258,2781.398837,7.49075835,529.6285143,0.005,0.148587547,Skarn
Chitudian,YOB16-3,"Chen et al., 2023",56709.00555,589.7413156,0.033951384,1025.600748,36.54330786,0.406453426,11.84899903,2733.260389,9.407459783,948.9679006,0.005,0.3586035,Skarn
Chitudian,YOB16-4,"Chen et al., 2023",54377.5079,622.5613592,0.056325295,475.4369431,32.2901587,0.468422946,9.122446196,2320.668606,15.37028788,410.776562,0.237275605,0.197726702,Skarn
Chitudian,YOB16-5,"Chen et al., 2023",56765.32732,763.6164343,0.025551857,117.5146061,33.90143717,0.494679314,6.026935246,2748.613696,3.412587028,75.94803285,0.299286303,0.801358071,Skarn
Chitudian,YOB16-6,"Chen et al., 2023",53146.82094,618.6171946,0.023001687,89.41387823,23.03042344,0.31358994,6.474998364,2396.947084,2.631242913,54.38065413,0.190854037,2.587432447,Skarn
Chitudian,YOB17-1,"Chen et al., 2023",27799.64196,266.3796639,0.405478166,81.97957059,23.17835315,0.697935024,67.97845195,2625.700439,2.734716987,77.79784031,1.043276982,10.02808909,Skarn
Chitudian,YOB17-2,"Chen et al., 2023",29266.98071,272.8137449,0.126539562,134.9442801,33.769032,0.711238771,72.36396774,2672.479424,12.8331941,134.3910674,0.914062973,2.505608097,Skarn
Chitudian,YOB17-3,"Chen et al., 2023",55623.34833,518.350203,0.024589143,145.8226196,22.37652082,0.94608961,45.32897644,3114.370985,3.964438416,86.95931164,0.444637269,2.353290472,Skarn
Chitudian,YOB17-4,"Chen et al., 2023",29661.36138,278.3236743,0.336780536,88.15888511,34.47397199,0.740927105,100.5623153,2585.276321,2.688419595,71.49583703,0.420361885,8.928463568,Skarn
Chitudian,XG980-1-1,"Chen et al., 2023",40603.50996,301.7066568,0.426066267,146.1104298,18.01769942,0.518669343,11.87606244,3843.824117,1.394122003,121.1430239,0.858373304,5.876400064,Skarn
Chitudian,XG980-1-2,"Chen et al., 2023",39799.02901,267.3501067,0.488184258,18.10371663,13.70728639,0.29010584,4.730062587,3515.590088,4.404301099,0.65846217,0.160687387,1.108468122,Skarn
Chitudian,XG980-1-3,"Chen et al., 2023",41437.53147,289.727329,0.613219488,408.0103447,17.00991924,0.496115866,9.529337074,4136.187627,1.65597946,358.617898,0.303663499,1.429172744,Skarn
Chitudian,XG980-1-4,"Chen et al., 2023",44372.87747,336.7942875,0.389930045,633.6962038,14.25064751,0.403246244,13.90191988,3964.601076,4.658676044,576.0589671,0.79569716,3.641945424,Skarn
Chitudian,XG980-1-5,"Chen et al., 2023",46036.61703,375.1212811,0.744749263,20.18723327,13.7031854,0.290767831,5.415857009,3881.322587,2.306989816,1.96199159,0.309974845,2.066681664,Skarn
Chitudian,XG980-1-6,"Chen et al., 2023",38780.28044,275.9728707,0.61645116,305.4760948,16.5877159,0.375591554,15.77220614,3628.678756,1.634620939,272.011075,0.583036703,6.259562929,Skarn
Chitudian,XG980-1-7,"Chen et al., 2023",43410.80563,308.1042365,0.608299402,713.8179555,16.45652701,0.478424517,6.818809685,4504.790134,5.216268539,669.1484604,0.105827816,1.331632037,Skarn
Chitudian,XG980-1-8,"Chen et al., 2023",43541.45144,276.9484776,0.585849867,365.1326772,17.27558728,0.386855488,17.0333641,4566.624227,3.508538149,325.2406296,1.523782758,3.537028639,Skarn
Chitudian,XG980-4-1,"Chen et al., 2023",35977.04239,259.3565705,0.256401228,74.98507834,5.930572602,0.388839789,3.376391658,2400.215863,53.09436937,39.55469704,0.911318138,0.790458791,Skarn
Chitudian,XG980-4-2,"Chen et al., 2023",32242.20288,287.6421071,0.758735128,80.14413259,5.772509952,0.343835747,3.462492387,2477.920736,2.087169118,70.5448697,0.008496461,0.098936785,Skarn
Chitudian,XG980-4-3,"Chen et al., 2023",35386.61135,420.9443421,0.445655104,116.1052299,11.79084495,0.391576249,6.942438224,2459.599054,8.280598365,90.66823478,0.266458003,0.588028303,Skarn
Chitudian,XG980-4-4,"Chen et al., 2023",34574.718,385.8753463,0.234867912,37.91249499,6.185516194,0.45973192,2.271069162,2427.747308,33.15675939,13.21619062,0.080229862,0.202194964,Skarn
Chitudian,XG980-4-5,"Chen et al., 2023",32539.30606,284.7352441,0.184209167,97.87330526,9.760878169,0.334486517,10.07934731,2394.807544,78.32832262,47.21198467,0.328822791,3.50927087,Skarn
Chitudian,XG980-4-6,"Chen et al., 2023",32986.01955,284.8969972,0.356013988,255.8848507,10.86506212,0.425819188,10.13615804,2501.731999,80.19966874,185.1090184,0.18427088,1.56416422,Skarn
Chitudian,XG980-8-1,"Chen et al., 2023",35498.29944,312.0919092,0.142784694,24.2232817,10.76941724,0.412103224,10.18256755,2722.041139,1.683694586,9.439425635,4.629114411,4.53295798,Skarn
Chitudian,XG980-8-2,"Chen et al., 2023",50141.27721,329.6523411,0.118067729,156.7010477,10.36645107,0.442823129,7.17659057,2926.912683,1.30823895,138.7578739,1.119200621,3.10923052,Skarn
Chitudian,XG980-8-3,"Chen et al., 2023",35574.62828,330.5364016,0.075680037,36.42947364,9.775228452,0.442550645,7.734199581,2573.024908,3.205203043,19.98583162,3.647056585,7.352218165,Skarn
Chitudian,XG980-8-4,"Chen et al., 2023",38747.57827,324.5430351,0.103935727,314.7123303,16.29900306,0.672820622,3.841944518,2864.903462,0.747653499,263.5723878,0.399052095,1.321028044,Skarn
Chitudian,XG980-8-5,"Chen et al., 2023",37074.14617,255.1818984,0.129931729,16.5990656,8.825565679,0.370100927,7.728007433,2570.714066,5.707720639,1.333005899,1.128621612,2.503658973,Skarn
Chitudian,XG900-8-2,"Chen et al., 2023",28073.9387,434.2322655,0.005,730.2100346,85.21451762,1.082254345,10.268117,2574.399774,8.825865892,641.4853225,0.981576997,0.553375402,Skarn
Chitudian,XG900-8-3,"Chen et al., 2023",27030.98152,401.514218,0.081480647,5547.077697,206.0219076,1.58220863,45.74961657,2474.267988,7.756341854,5733.525871,1.960544489,1.258161607,Skarn
Chitudian,XG900-8-4,"Chen et al., 2023",28449.68378,380.7848272,0.14014916,10044.63722,243.2615787,2.067038109,40.89164445,2531.305441,3.720557149,9892.954679,2.978514854,8.817420734,Skarn
Chitudian,XG900-8-5,"Chen et al., 2023",30630.20719,427.1957792,0.057291034,4989.837732,202.0672344,1.146385816,29.2917682,2541.426764,3.408409457,4624.913163,0.838128982,0.64470877,Skarn
Chitudian,XG900-8-7,"Chen et al., 2023",31371.62834,425.4216478,0.082583701,4393.356915,182.6429715,1.122803133,28.28805435,2503.324861,9.002926625,4488.719996,0.700271035,0.507113016,Skarn
Chitudian,XG900-9-3,"Chen et al., 2023",29995.65301,834.493295,0.0233235,1544.926221,140.0892337,2.115945223,16.38411392,3838.944649,11.45717981,1274.134912,0.326121167,0.237144713,Skarn
Chitudian,XG900-9-4,"Chen et al., 2023",30364.54938,790.38632,0.005,7317.259748,129.9231569,3.121512045,26.63711097,3798.362465,23.25809774,6599.63363,3.420887291,0.59176598,Skarn
Chitudian,XG900-9-9,"Chen et al., 2023",30060.82854,784.2719303,0.042792945,2876.284338,141.6643469,2.055827809,31.60226469,3773.766262,24.67854634,2498.7988,3.175197056,2.983363688,Skarn
Chitudian,XG900-9-10,"Chen et al., 2023",30960.08191,826.3109335,0.050357135,3781.186816,149.6726407,3.049324789,41.49796427,3888.675189,15.09603485,3364.924075,6.534869686,4.735921987,Skarn
Chitudian,XG900-9-11,"Chen et al., 2023",31678.8432,784.0720009,0.041477936,4792.216709,126.1118761,2.869767676,43.2680957,3941.233278,19.20785677,4315.873448,2.931290018,1.649137829,Skarn
Chitudian,XG900-9-12,"Chen et al., 2023",31290.33707,765.5714814,0.022063688,2977.702284,123.7784727,3.18468405,16.63570757,4021.045534,14.88886379,2587.204305,1.658085067,0.973751511,Skarn
Chitudian,XG900-10-4,"Chen et al., 2023",21345.02965,467.9835441,0.052074889,2975.548105,104.7487237,1.880819097,16.31182965,2619.009721,5.019813416,3259.770876,1.085564079,0.28635783,Skarn
Chitudian,XG900-10-7,"Chen et al., 2023",22815.95553,511.8200274,0.005,1369.145425,255.0503903,0.524626776,11.30672179,2270.861136,211.0532488,1015.868393,0.218525163,0.305392133,Skarn
Chitudian,XG900-10-8,"Chen et al., 2023",24254.29575,498.6286297,0.084084816,7547.534237,332.9915401,1.047926816,25.59635864,2427.937075,89.94964003,6893.359888,0.641506184,0.895375449,Skarn
Chitudian,XG900-10-12,"Chen et al., 2023",22308.89256,568.4992314,0.025219949,716.0225917,212.2561448,0.944539514,5.356474341,2486.278275,21.22286827,395.9269322,0.221105498,0.011152218,Skarn
Chitudian,XG900-10-13,"Chen et al., 2023",23950.71809,580.5030385,0.016352713,1032.427352,203.5464596,1.404373388,14.77001901,2345.016561,17.6067006,791.4044283,0.399241001,0.518469015,Skarn
Chitudian,XG900-10-14,"Chen et al., 2023",23484.16992,536.2315467,0.005,817.384349,203.3217925,1.30324655,18.00176119,2311.713155,17.01746441,595.310123,0.846604931,1.754723537,Skarn
Chitudian,XG900-8-1,"Chen et al., 2023",24413.04265,400.0184312,0.015163177,43.37892868,33.67918739,0.450157189,4.114574493,2512.875677,20.06298033,4.224181068,1.614937651,12.20185306,Skarn
Chitudian,XG900-8-6,"Chen et al., 2023",29882.20558,427.0105804,0.005,103.5344866,98.92235655,0.456149154,2.948613466,2556.669821,16.4354449,6.045376417,0.218521523,0.272912208,Skarn
Chitudian,XG900-8-8,"Chen et al., 2023",31689.41746,410.3688732,0.005,64.25927136,51.6459961,0.423854256,2.616394243,2522.757217,19.05454852,5.058007903,0.200395047,0.24388669,Skarn
Chitudian,XG900-9-1,"Chen et al., 2023",30576.03554,659.7421643,0.005,137.9938394,71.80030329,0.005,13.71645431,3462.934246,132.5558365,6.659859024,0.985661364,1.211558121,Skarn
Chitudian,XG900-9-2,"Chen et al., 2023",28998.25718,685.4450061,0.005,151.2555621,67.84992286,0.005,12.74557562,3143.040077,190.1837669,3.5690736,0.973516952,0.995951774,Skarn
Chitudian,XG900-9-5,"Chen et al., 2023",32086.48365,734.1811184,0.005,253.8346222,149.6884118,0.005,10.40161149,3650.446879,147.6199089,28.36862146,0.066102792,0.077874824,Skarn
Chitudian,XG900-9-6,"Chen et al., 2023",31748.20817,769.0497858,0.005,209.3016135,109.6050117,0.005,5.04879485,3539.233216,191.3103041,16.1190907,0.005,0.099855219,Skarn
Chitudian,XG900-9-7,"Chen et al., 2023",31777.46609,675.0225945,0.005,181.3872381,102.4860368,0.005,9.161999278,3868.748943,137.27958,17.33310497,0.090885496,2.148199631,Skarn
Chitudian,XG900-9-8,"Chen et al., 2023",30372.85852,628.7241704,0.005,190.1611209,126.1268279,0.005,7.904953234,3418.987037,132.0436995,11.26723647,0.742896876,0.717064774,Skarn
Chitudian,XG900-10-1,"Chen et al., 2023",22520.17674,478.5037137,0.005,98.75594445,44.65436402,0.376968814,8.271146534,2377.777278,97.61660458,4.229208456,0.873639605,1.402406453,Skarn
Chitudian,XG900-10-2,"Chen et al., 2023",22268.67254,483.6837247,0.005,93.16426775,42.26997106,0.355934757,5.930661352,2416.121448,91.98155201,4.964286592,0.32199743,0.71653762,Skarn
Chitudian,XG900-10-3,"Chen et al., 2023",21102.57502,440.8423852,0.005,95.95493305,53.52608667,0.386527341,4.120054405,2615.848953,79.93502091,4.414173714,0.289868371,0.602861759,Skarn
Chitudian,XG900-10-5,"Chen et al., 2023",23346.67288,531.6185046,0.01551009,143.9528442,71.03509095,0.33227659,3.237930031,2337.706073,129.616186,11.04575133,0.138721532,0.44623379,Skarn
Chitudian,XG900-10-6,"Chen et al., 2023",23992.30198,559.9884881,0.005,549.7188847,340.5830079,0.450180754,4.664607613,2283.978372,349.4845907,54.9627446,0.078487308,0.157657636,Skarn
Chitudian,XG900-10-9,"Chen et al., 2023",21769.38341,413.8259653,0.005,102.6166493,59.10771622,0.324902041,4.158013176,2480.53121,92.2778493,5.10649347,0.315598707,0.609661625,Skarn
Chitudian,XG900-10-10,"Chen et al., 2023",23587.75584,548.4148814,0.005,165.615241,131.6342123,0.377839331,2.727541816,2345.402467,61.69243494,13.16709504,0.099192796,0.138065587,Skarn
Chitudian,XG900-10-11,"Chen et al., 2023",22057.93955,467.1386451,0.005,754.7462539,527.9684896,0.398939666,16.6143301,2370.837177,422.1422893,89.67963836,0.348007178,0.506984693,Skarn
Dalingkou,Sp2L,"Fan et al., 2023",6204,2433,1.1,55,26.3,5.2,4.5,3411,0.09,11.1,3.3,2.6,Epithermal
Dalingkou,Sp2L,"Fan et al., 2023",6894,2685,1.3,110,66.1,2.8,5.9,3573,0.24,25.4,5.2,3,Epithermal
Dalingkou,Sp2L,"Fan et al., 2023",8410,3344,1.3,130,79.3,2.6,6.7,3575,0.19,31.7,3.9,3.8,Epithermal
Dalingkou,Sp2L,"Fan et al., 2023",9909,4120,1.4,115,40.5,1.5,6.9,3394,0.23,52.4,2.8,5.2,Epithermal
Dalingkou,Sp2D,"Fan et al., 2023",22082,11162,0.3,3.6,2.1,1.4,1.5,2458,0.4,0.68,0.005,0.2,Epithermal
Dalingkou,Sp2D,"Fan et al., 2023",23910,15193,0.005,3.9,2.6,1.5,1.5,2638,0.78,0.52,0.005,0.4,Epithermal
Dalingkou,Sp2D,"Fan et al., 2023",13127,2593,6.3,5.2,0.77,1.2,8,2666,0.2,0.7,2.8,17.4,Epithermal
Dalingkou,Sp2D,"Fan et al., 2023",24463,5396,4.9,4.3,0.77,1.3,7.6,2421,0.02,0.5,3,7.2,Epithermal
Dalingkou,Sp2D,"Fan et al., 2023",32715,9325,2.1,24.1,0.5,1.8,2.5,2296,0.22,0.36,0.005,4.1,Epithermal
Dalingkou,Sp2D,"Fan et al., 2023",42291,11883,1.3,7.4,1.6,1.5,1.8,2498,0.03,0.22,0.005,5.7,Epithermal
Dalingkou,Sp2D,"Fan et al., 2023",32382,10326,0.68,2.5,1.2,1.8,1.3,2569,0.01,0.66,0.005,4.5,Epithermal
Dalingkou,Sp2D,"Fan et al., 2023",34014,10410,0.64,4.8,2,1.6,1.3,2559,0.01,1.2,0.005,2.9,Epithermal
Dalingkou,Sp2D,"Fan et al., 2023",22312,6938,1,2,0.53,1.5,1.5,2414,0.16,0.85,0.11,33,Epithermal
Dalingkou,Sp2D,"Fan et al., 2023",8687,2051,0.87,1.2,0.22,1.3,1.3,2660,0.29,0.29,0.005,13.5,Epithermal
Dalingkou,Sp2D,"Fan et al., 2023",28398,10998,0.62,20,0.87,1.3,2.2,2473,0.98,0.65,0.17,21.4,Epithermal
Dalingkou,Sp2D,"Fan et al., 2023",29090,16125,1.4,1.8,0.78,1.4,1.4,2343,0.48,0.25,0.005,14.1,Epithermal
Dalingkou,Sp2D,"Fan et al., 2023",50553,9292,0.62,27.6,2.3,1.6,6.2,2498,0.02,1.12,3.2,6.9,Epithermal
Dalingkou,Sp2D,"Fan et al., 2023",19984,3420,0.24,62.3,2,1.6,76.7,1904,0.09,2.62,50,15.8,Epithermal
Dalingkou,Sp2D,"Fan et al., 2023",7311,695,2.1,7.5,0.18,1.6,2,2590,0.09,0.23,0.08,8.4,Epithermal
Dalingkou,Sp2L,"Fan et al., 2023",5395,205,1.9,781,17.9,4.1,302,3760,0.02,0.64,230,41.7,Epithermal
Dalingkou,Sp2L,"Fan et al., 2023",6543,237,2.7,1648,12.2,2.8,205,3678,0.01,0.39,173,31.2,Epithermal
Dalingkou,Sp2L,"Fan et al., 2023",7332,242,2.8,1262,22.3,4.5,163,3906,0.005,0.46,249,44.6,Epithermal
Dalingkou,Sp2L,"Fan et al., 2023",6917,256,3.5,615,16.4,2.5,56.3,3900,0.005,0.28,30.1,15.8,Epithermal
Dalingkou,Sp2L,"Fan et al., 2023",6802,235,3.2,397,0.87,1.3,34.6,3834,0.005,0.005,16.3,10,Epithermal
Dalingkou,Sp2L,"Fan et al., 2023",8189,257,2.9,263,1,1.4,46.5,5002,0.005,0.38,44.4,7.8,Epithermal
Dalingkou,Sp2L,"Fan et al., 2023",7596,207,2.6,350,15.1,4.5,120,4052,0.005,0.46,198,31.3,Epithermal
Dalingkou,Sp2L,"Fan et al., 2023",6059,157,1.5,27.2,2.3,1.3,30.7,5443,0.08,0.68,15.3,6.1,Epithermal
Dalingkou,Sp2L,"Fan et al., 2023",2261,63.5,1,20.5,1,1.4,39.4,3304,0.02,0.42,13.8,5.2,Epithermal
Dalingkou,Sp2L,"Fan et al., 2023",2664,76.5,0.9,8.7,0.5,1.4,23,2935,0.07,0.57,0.43,0.9,Epithermal
Dalingkou,Sp2L,"Fan et al., 2023",3096,95.1,0.91,18.2,1.1,1.3,39,2903,0.02,0.46,6.4,5.5,Epithermal
Dalingkou,Sp2L,"Fan et al., 2023",3038,87.9,1.1,21.7,1.3,1.8,35.6,3275,0.07,0.58,13.7,4.2,Epithermal
Dalingkou,Sp2L,"Fan et al., 2023",3709,100,0.45,81,2.1,1.6,75.6,3375,0.35,2.26,89.5,14.7,Epithermal
Dalingkou,Sp2L,"Fan et al., 2023",5698,161,0.62,12.1,0.42,1.3,24.4,4182,0.02,0.44,0.34,3.3,Epithermal
Dalingkou,Sp2L,"Fan et al., 2023",6932,203,0.69,17.5,0.51,1.6,26.6,4992,0.005,0.54,0.23,8.8,Epithermal
Dalingkou,Sp2L,"Fan et al., 2023",6064,188,1,22.1,0.51,1.6,33.9,5155,0.005,0.56,13,6.8,Epithermal
Dalingkou,Sp2L,"Fan et al., 2023",6825,195,1.1,40.1,5.2,2.4,38.9,4985,0.005,0.53,28.5,8.4,Epithermal
Dalingkou,Sp2L,"Fan et al., 2023",6530,196,0.71,98.9,1.7,1.4,75,9864,0.005,0.73,113,22.2,Epithermal
Dalingkou,Sp2L,"Fan et al., 2023",5238,153,0.89,224,3.1,1.9,152,7007,0.02,0.56,280,42.8,Epithermal
Dalingkou,Sp2L,"Fan et al., 2023",3798,118,1.1,8.9,0.15,1.3,19.4,4604,0.005,0.47,0.06,0.6,Epithermal
Dalingkou,Sp2L,"Fan et al., 2023",3308,105,1.2,7.9,0.14,1.4,19.7,3746,0.005,0.36,0.005,0.2,Epithermal
Dalingkou,Sp2L,"Fan et al., 2023",3511,120,1.1,9.9,0.17,1.4,22.1,3761,0.005,0.44,0.88,0.6,Epithermal
Dalingkou,Sp2L,"Fan et al., 2023",3367,107,1.1,38.4,6.8,2.2,34.6,3331,0.43,0.85,24.9,6.4,Epithermal
Dalingkou,Sp2L,"Fan et al., 2023",2948,88,0.82,100,7.3,3,77.5,3014,0.43,2.02,101,20,Epithermal
Dalingkou,Sp2L,"Fan et al., 2023",3016,89.2,0.84,16.1,0.17,1.3,31.2,3536,0.02,0.39,0.14,9,Epithermal
Dalingkou,Sp2L,"Fan et al., 2023",2590,75.6,0.75,10.2,0.18,1.4,30.2,3313,0.02,0.58,0.14,2.6,Epithermal
Dalingkou,Sp2L,"Fan et al., 2023",2018,58.7,0.83,14.3,0.74,1.4,37.3,3118,0.15,0.62,4,4,Epithermal
Dalingkou,Sp2L,"Fan et al., 2023",2641,75,1.1,29.1,0.64,1.2,56.5,3256,0.12,0.69,18.6,12.7,Epithermal
Dalingkou,Sp2L,"Fan et al., 2023",8835,236,2.8,456,23.7,4,205,4256,0.005,0.65,388,55.5,Epithermal
Dalingkou,Sp2L,"Fan et al., 2023",10305,365,3,1459,11.2,2.9,285,5159,0.005,0.6,518,74.9,Epithermal
Dalingkou,Sp2L,"Fan et al., 2023",10863,477,2.5,3531,2.9,1.5,96.3,4560,0.005,1.73,65,35.4,Epithermal
Dalingkou,Sp2L,"Fan et al., 2023",8243,378,3.1,5483,5.4,1.7,188,3955,0.005,1.04,111,120,Epithermal
Dalingkou,Sp2L,"Fan et al., 2023",7649,395,3.7,4465,6.9,2,225,3891,0.005,0.82,92.8,154,Epithermal
Dalingkou,Sp2L,"Fan et al., 2023",7079,537,2.3,4071,4.9,1.7,221,3402,0.01,1.2,129,131,Epithermal
Dalingkou,Sp2L,"Fan et al., 2023",6913,2054,1.5,4393,10,2.2,337,3488,0.03,2.19,170,141,Epithermal
Dalingkou,Sp3,"Fan et al., 2023",8283,6939,23,8103,7.5,1.8,5710,1874,0.005,0.92,9865,766,Epithermal
Dalingkou,Sp3,"Fan et al., 2023",14911,600,20.8,38064,7,1.9,24890,1823,0.005,0.75,37781,1306,Epithermal
Dalingkou,Sp3,"Fan et al., 2023",7855,629,22.8,7691,6.5,2.2,6312,1983,0.005,0.65,9008,2843,Epithermal
Dalingkou,Sp3,"Fan et al., 2023",8353,509,22.6,6675,4.9,2.4,6374,1779,0.005,0.44,9328,3748,Epithermal
Dalingkou,Sp3,"Fan et al., 2023",8451,414,20.2,6103,4.4,2.1,6518,1839,0.005,0.42,9993,4741,Epithermal
Dalingkou,Sp3,"Fan et al., 2023",8243,365,20.7,7462,4.6,2.2,8861,1839,0.005,0.47,12734,4198,Epithermal
Dalingkou,Sp3,"Fan et al., 2023",6532,302,18.3,8890,3.8,2,8915,1797,0.005,0.56,14166,4814,Epithermal
Dalingkou,Sp3,"Fan et al., 2023",2667,337,9.1,1789,2.4,1.8,1793,2024,0.005,0.38,2799,1273,Epithermal
Dalingkou,Sp3,"Fan et al., 2023",2559,394,7.8,1458,2,1.7,1570,2384,0.005,0.42,2168,1306,Epithermal
Dalingkou,Sp3,"Fan et al., 2023",2756,431,6.8,1581,1.5,1.5,1871,2777,0.005,0.41,2499,1719,Epithermal
Dalingkou,Sp3,"Fan et al., 2023",3118,523,4.5,2681,0.92,1.7,3454,3221,0.005,0.4,4520,5115,Epithermal
Dalingkou,Sp3,"Fan et al., 2023",3264,625,4.1,2600,1.2,1.8,3552,3393,0.01,0.4,4490,6565,Epithermal
Dalingkou,Sp3,"Fan et al., 2023",3198,586,4.1,2783,1,1.5,3911,3367,0.005,0.58,5329,8018,Epithermal
Dalingkou,Sp3,"Fan et al., 2023",3157,585,3.8,2119,1.3,1.8,3006,3329,0.005,0.38,3856,12829,Epithermal
Dalingkou,Sp3,"Fan et al., 2023",3188,553,3.8,2405,1,1.7,3313,3453,0.005,0.42,4190,11785,Epithermal
Dalingkou,Sp3,"Fan et al., 2023",3058,540,3.8,2237,1.1,1.8,3268,3418,0.005,0.26,3976,17950,Epithermal
Dalingkou,Sp3,"Fan et al., 2023",2893,513,3.2,2119,1,1.5,3155,3235,0.005,0.35,3786,51214,Epithermal
Dalingkou,Sp3,"Fan et al., 2023",2840,502,3.1,2112,0.92,1.3,3135,3256,0.005,0.49,3825,50354,Epithermal
Dalingkou,Sp3,"Fan et al., 2023",2876,521,3.2,2456,0.93,1.7,3534,3354,0.005,0.38,4386,17062,Epithermal
Dalingkou,Sp3,"Fan et al., 2023",3063,555,3.5,2743,1,1.7,3917,3525,0.005,0.4,4802,12359,Epithermal
Dalingkou,Sp3,"Fan et al., 2023",3099,566,3.1,2766,1,1.5,4051,3594,0.01,0.47,4959,7092,Epithermal
Dalingkou,Sp3,"Fan et al., 2023",2768,496,3,2298,0.91,1.3,3426,3477,0.005,0.48,4158,18758,Epithermal
Dalingkou,Sp3,"Fan et al., 2023",2373,413,3,2710,1,2.1,3878,3419,0.005,0.39,5048,12661,Epithermal
Dalingkou,Sp3,"Fan et al., 2023",2042,304,2.6,2750,0.92,1.5,3767,3226,0.005,0.5,4813,7014,Epithermal
Dalingkou,Sp3,"Fan et al., 2023",1969,149,3,5419,1,1.7,5664,2995,0.005,0.28,7933,24855,Epithermal
Dalingkou,Sp3,"Fan et al., 2023",1736,193,3.1,2971,1.1,1.2,3845,2973,0.005,0.42,5023,3746,Epithermal
Dalingkou,Sp3,"Fan et al., 2023",1961,222,4.4,2899,1.5,1.6,3825,2855,0.005,0.36,5219,4617,Epithermal
Dalingkou,Sp3,"Fan et al., 2023",1986,222,4,2965,0.89,1.6,3925,2739,0.005,0.35,5207,6023,Epithermal
Dalingkou,Sp3,"Fan et al., 2023",1854,113,6,1923,1.4,1.6,2210,2681,0.005,0.25,3305,4158,Epithermal
Dalingkou,Sp3,"Fan et al., 2023",1909,133,8,1960,1.9,1.3,2086,2531,0.005,0.26,3158,2416,Epithermal
Dalingkou,Sp3,"Fan et al., 2023",4029,177,14.5,4367,3.3,1.8,4380,1977,0.01,0.36,7496,3300,Epithermal
Dalingkou,Sp3,"Fan et al., 2023",7519,328,21.1,6163,4.1,1.8,6367,1595,0.005,0.37,10870,4857,Epithermal
Dalingkou,Sp3,"Fan et al., 2023",8349,401,22.2,5594,3.8,1.7,6293,1408,0.005,0.46,9646,4243,Epithermal
Dalingkou,Sp3,"Fan et al., 2023",8719,408,23.5,5551,4.3,1.6,5833,1346,0.005,0.35,8687,3639,Epithermal
Dalingkou,Sp3,"Fan et al., 2023",9215,373,25.1,5610,4.5,1.7,5006,1305,0.005,0.47,7639,3173,Epithermal
Dalingkou,Sp3,"Fan et al., 2023",8426,634,24.6,4392,5.5,1.9,3600,1272,0.01,0.37,5984,4028,Epithermal
Dalingkou,Sp3,"Fan et al., 2023",7539,406,26.3,5417,7.7,2,4350,1298,0.005,0.42,7860,2183,Epithermal
Dalingkou,Sp3,"Fan et al., 2023",7285,569,33.9,5319,10.6,1.7,2612,1458,0.005,0.66,5042,2197,Epithermal
Dalingkou,Sp3,"Fan et al., 2023",6856,481,40.1,6801,17.2,2.4,3819,1729,0.01,0.36,8434,1174,Epithermal
Dalingkou,Sp3,"Fan et al., 2023",7320,538,24.7,7763,8.3,2,6638,1674,0.005,0.92,10382,1371,Epithermal
Dalingkou,Sp3,"Fan et al., 2023",7550,585,24.6,7290,6.2,1.8,6618,1710,0.005,0.87,9519,2524,Epithermal
Dalingkou,Sp3,"Fan et al., 2023",9313,430,27.4,6309,5.3,1.9,5646,1427,0.01,0.51,8926,3240,Epithermal
Dalingkou,Sp3,"Fan et al., 2023",9250,458,25.1,6637,5.1,2,6027,1557,0.005,0.31,9411,3948,Epithermal
Dalingkou,Sp3,"Fan et al., 2023",8753,514,23.1,5471,4.7,2,5706,1519,0.005,0.48,8095,4378,Epithermal
Dalingkou,Sp3,"Fan et al., 2023",10215,452,24.7,4149,4.4,1.6,5043,1230,0.005,0.5,7617,3978,Epithermal
Dalingkou,Sp3,"Fan et al., 2023",10030,423,22.9,4674,5.2,2.3,5615,1236,0.005,0.36,8496,4234,Epithermal
Dalingkou,Sp3,"Fan et al., 2023",9978,480,23.4,3538,4.2,1.9,4508,1271,0.005,0.4,6496,3639,Epithermal
Dalingkou,Sp3,"Fan et al., 2023",9786,479,22.7,2708,3.3,1.8,3628,979,0.005,0.48,5546,3671,Epithermal
Dalingkou,Sp3,"Fan et al., 2023",8351,374,22.7,4307,3.7,1.9,4949,1302,0.005,0.4,8306,4119,Epithermal
Dalingkou,Sp3,"Fan et al., 2023",2635,200,10.6,2685,2.9,1.7,3168,2138,0.005,0.5,4933,2834,Epithermal
Dalingkou,Sp3,"Fan et al., 2023",2249,272,7.1,2236,1.7,1.7,3005,2627,0.005,0.61,4648,5254,Epithermal
Dalingkou,Sp3,"Fan et al., 2023",2602,340,3.5,2920,1,1.4,4542,2866,0.005,0.33,6246,13195,Epithermal
Dalingkou,Sp3,"Fan et al., 2023",2486,293,2.7,3133,1,1.5,4664,2624,0.005,0.49,6529,6133,Epithermal
Dalingkou,Sp3,"Fan et al., 2023",2660,324,3,2794,1.1,1.3,3952,2986,0.005,0.28,5778,10573,Epithermal
Dalingkou,Sp3,"Fan et al., 2023",2805,287,3.6,2868,1.2,1.9,4635,2685,0.005,0.4,6518,7080,Epithermal
Dalingkou,Sp3,"Fan et al., 2023",2555,277,2.7,3204,0.92,1.4,4892,2485,0.005,0.52,6952,14953,Epithermal
Dalingkou,Sp3,"Fan et al., 2023",2653,282,3.2,4049,1.1,1.4,5994,2535,0.005,0.35,8342,10048,Epithermal
Dalingkou,Sp3,"Fan et al., 2023",2449,242,4.1,2941,1.1,1.6,4237,2287,0.005,0.4,6258,7743,Epithermal
Dalingkou,Sp3,"Fan et al., 2023",5289,215,17.2,4085,4.8,2.1,4305,1563,0.005,0.53,7396,3260,Epithermal
Dalingkou,Sp3,"Fan et al., 2023",8891,336,23.5,3614,3.8,1.9,4408,1360,0.005,0.47,7024,3459,Epithermal
Dalingkou,Sp3,"Fan et al., 2023",10660,347,28,2164,2.4,1.9,2586,1024,0.005,0.31,3769,2739,Epithermal
Dalingkou,Sp3,"Fan et al., 2023",10876,269,31.3,3018,9.2,2,3190,874,0.005,0.37,5040,2047,Epithermal
Dalingkou,Sp3,"Fan et al., 2023",9517,292,33.2,3057,7.2,1.8,2292,820,0.005,0.35,4834,1379,Epithermal
Dalingkou,Sp3,"Fan et al., 2023",6770,399,41.1,3057,14.1,2.2,1670,1041,0.005,0.52,4016,594,Epithermal
Dalingkou,Sp3,"Fan et al., 2023",5646,385,0.21,5253,7.6,2.2,2308,5802,0.005,0.53,4020,476,Epithermal
Dalingkou,Sp3,"Fan et al., 2023",3907,363,0.31,1945,5.2,1.8,1455,6562,0.005,0.61,1618,227,Epithermal
Dalingkou,Sp3,"Fan et al., 2023",3315,188,0.4,1232,4.6,2,778,5892,0.03,3.41,1537,184,Epithermal
Dalingkou,Sp3,"Fan et al., 2023",2418,256,0.66,860,3.8,1.3,484,5332,0.005,5.08,1013,199,Epithermal
Dalingkou,Sp3,"Fan et al., 2023",2282,821,3.3,1164,2.7,1.7,921,3757,0.005,0.005,1318,989,Epithermal
Dalingkou,Sp3,"Fan et al., 2023",2104,324,3.1,1012,2.7,1.5,979,3059,0.005,0.55,1337,609,Epithermal
Dalingkou,Sp3,"Fan et al., 2023",903,156,1.8,142,1,1.3,159,2992,0.005,0.32,191,73.9,Epithermal
Dalingkou,Sp3,"Fan et al., 2023",1466,334,4.1,103,0.31,1.2,181,2648,0.005,0.005,93,61.5,Epithermal
Dalingkou,Sp3,"Fan et al., 2023",11337,278,47,3884,11.2,1.6,475,635,0.005,0.39,655,302,Epithermal
Dalingkou,Sp3,"Fan et al., 2023",376,20.9,2,32.8,0.45,1.4,61.4,2256,0.04,0.35,27,22.2,Epithermal
Dalingkou,Sp3,"Fan et al., 2023",478,64.5,1.6,110,0.8,1.4,120,3309,0.005,0.46,121,44.7,Epithermal
Dalingkou,Sp3,"Fan et al., 2023",7127,1512,1.4,883,3.8,1.1,118,4649,0.005,0.77,41,13.2,Epithermal
Dalingkou,Sp3,"Fan et al., 2023",602,71.5,0.67,363,0.2,1.5,687,3621,0.005,0.71,476,278,Epithermal
Dalingkou,Sp3,"Fan et al., 2023",1839,61,1.7,641,1.6,1.5,483,2879,0.12,2.25,799,112,Epithermal
Dalingkou,Sp3,"Fan et al., 2023",2039,45.8,0.68,389,3.4,1.3,263,4187,0.03,1.97,466,71.2,Epithermal
Dalingkou,Sp3,"Fan et al., 2023",2813,73,0.42,65.1,1.3,1.3,62.5,4760,0.05,0.93,80,14.9,Epithermal
Dalingkou,Sp3,"Fan et al., 2023",4163,130,0.4,511,4.2,1.9,283,6697,0.04,1.91,620,80.7,Epithermal
Dalingkou,Sp3,"Fan et al., 2023",4259,189,0.32,1055,4.7,2,600,6770,0.005,1.12,1221,159,Epithermal
Dalingkou,Sp3,"Fan et al., 2023",4399,280,0.26,2548,6,2,1020,6988,0.005,0.64,2295,297,Epithermal
TA25WVF,SD-sp-1,"Choi et al., 2023",4407.58731,153.8280501,0.005,11804.53803,175.0583418,36.35102154,4354.660388,2524.997832,0.005,0.005,11012.4182,13266.07943,SEDEX
TA25WVF,SD-sp-2,"Choi et al., 2023",2985.898557,153.3770848,0.005,13493.40012,175.2356644,49.95024811,3902.603885,3190.841617,0.005,0.238213966,13718.92065,17790.36504,SEDEX
TA25WVF,SD-sp-3,"Choi et al., 2023",5011.344473,153.5626159,0.005,13083.36746,180.6500346,41.7582469,3891.704835,2877.734868,0.005,0.335957647,12744.01729,14756.81243,SEDEX
TA25WVF,SD-sp-4,"Choi et al., 2023",2169.337343,176.4975271,0.005,8189.41446,159.0889494,50.60920532,3691.077153,1922.214767,0.005,0.205880366,11894.10886,23180.09602,SEDEX
TA25WVF,SD-sp-5,"Choi et al., 2023",2863.241633,211.763247,0.005,6319.035881,125.6390998,41.26357268,3036.402937,1425.374601,0.005,0.005,8761.498554,16376.53583,SEDEX
TA25WVF,SD-sp-6,"Choi et al., 2023",4606.854305,263.7915339,0.064690962,824.5250562,113.7296415,52.23284049,902.9474525,422.6865184,0.005,0.244255003,4021.420174,16042.94795,SEDEX
TA25WVF,SD-sp-7,"Choi et al., 2023",3557.149023,272.9081293,0.005,3595.34612,124.4290637,35.63938956,2088.885687,1043.765149,0.005,0.225416874,6784.162786,14840.83134,SEDEX
TA25WVF,SD-sp-8,"Choi et al., 2023",4505.570129,106.19147,0.005,16218.98471,209.7698024,36.48604609,3150.498969,4214.471239,0.005,0.288274931,13512.78203,7715.586767,SEDEX
TA25WVF,SD-sp-9,"Choi et al., 2023",4878.186391,129.2199546,0.005,15502.98516,188.1494465,36.91504629,3773.855931,3508.423736,0.005,0.34529047,13127.77667,9552.351499,SEDEX
TA25WVF,SD-sp-10,"Choi et al., 2023",5287.984164,161.1835137,0.005,11829.76644,186.371263,33.21969747,3147.805014,2849.588934,0.005,0.210214682,10331.86599,9514.316628,SEDEX
TA25WVF,SD-sp-11,"Choi et al., 2023",12781.92478,138.1912688,0.005,14571.65602,192.3161695,36.16627101,3957.430349,3657.785242,0.005,0.199417787,12741.47214,11125.43977,SEDEX
TA25WVF,SD-sp-12,"Choi et al., 2023",3734.233877,278.7349595,0.005,1136.600129,130.2542208,29.03707529,616.1053834,517.8513486,0.005,0.005,4519.918001,10863.32036,SEDEX
TA25WVF,SD-sp-13,"Choi et al., 2023",3828.334781,209.3185721,0.005,11188.89223,194.3020431,38.33760658,5145.472636,1715.673912,0.005,0.005,11708.63286,18401.3932,SEDEX
TA25WVF,SD-sp-14,"Choi et al., 2023",3846.096463,163.200651,0.005,12093.79157,174.5361358,30.62685659,2816.52232,2247.475093,0.005,0.005,11071.15479,12110.2697,SEDEX
TA25WVF,SD-sp-15,"Choi et al., 2023",3803.113057,105.4897404,0.005,11404.70196,215.0783209,22.98621735,2143.49778,3250.578819,0.005,0.005,10385.27036,7469.084443,SEDEX
TA25WVF,SD-sp-16,"Choi et al., 2023",3730.416998,225.1796704,0.005,4763.158009,163.0633765,26.90813485,1803.039822,1300.029894,0.005,0.440853339,6293.441907,12253.73723,SEDEX
TA25WVF,SD-sp-17,"Choi et al., 2023",3764.495118,245.4292465,0.005,520.6186419,136.6257312,16.44642138,542.0558344,529.5426539,0.005,0.005,1924.709781,5517.930843,SEDEX
TA25WVF,SD-sp-18,"Choi et al., 2023",3801.051613,187.635183,0.005,14168.58998,176.309037,32.53538447,3262.292534,2506.241045,0.005,0.005,12100.44499,11754.17372,SEDEX
TA25WVF,SD-sp-19,"Choi et al., 2023",4326.346881,72.51917005,0.005,10073.00431,43.37569533,42.84951894,999.3199993,5525.080057,0.005,0.18668818,7329.019212,2239.413207,SEDEX
TA25WVF,SD-sp-20,"Choi et al., 2023",3659.974444,62.98001644,0.005,8200.778396,35.72511155,33.76229663,798.1149066,4592.928813,0.005,0.153512618,5874.182664,1783.563725,SEDEX
TA25WVF,SD-sp-21,"Choi et al., 2023",4598.525125,75.81398534,0.005,12023.7443,39.21499627,50.90526221,1227.179586,5398.667139,0.005,0.244917979,8801.917239,2821.766399,SEDEX
TA25WVF,SD-sp-22,"Choi et al., 2023",4706.169007,69.82080179,0.005,15292.28565,40.95260788,56.89097891,1609.979731,5797.130445,0.005,0.267238895,11081.90422,3557.66739,SEDEX
TA25WVF,SD-sp-23,"Choi et al., 2023",4550.796292,70.95824466,0.005,13351.40963,30.0649162,55.34955807,1409.662016,4842.591184,0.005,0.178025588,9341.589651,3070.65754,SEDEX
TA25WVF,SD-sp-24,"Choi et al., 2023",5005.507573,83.39101814,0.005,12197.72979,62.56236339,45.0834811,1191.064279,6490.050657,0.005,0.192700931,8856.931749,2749.608961,SEDEX
TA25WVF,SD-sp-25,"Choi et al., 2023",4589.231174,75.39775863,0.005,12091.03112,50.22360598,47.74612419,1216.110484,5782.221639,0.005,0.209686978,8739.032477,2694.503779,SEDEX
TA25WVF,SD-sp-26,"Choi et al., 2023",7195.617525,84.78645148,0.005,13300.10676,60.95896556,45.78880983,1091.246158,6452.342816,0.005,0.186740484,8185.83148,2510.809897,SEDEX
TA25WVF,SD-sp-27,"Choi et al., 2023",7261.215311,88.75919563,0.005,14731.59299,57.99065815,48.24547416,1218.652995,7407.422809,0.005,0.227179662,9589.260932,2881.477533,SEDEX
TA25WVF,SD-sp-28,"Choi et al., 2023",4655.000878,68.81055781,0.005,15090.85571,37.92761211,59.0740312,1626.782603,5827.573558,0.005,0.276903835,11255.88742,3432.618736,SEDEX
TA25WVF,SD-sp-29,"Choi et al., 2023",4539.096368,63.32983456,0.005,13454.12422,34.64729274,61.99440872,1435.080985,5999.694086,0.005,0.159703721,9957.786792,2852.365926,SEDEX
TA25WVF,SD-sp-30,"Choi et al., 2023",5655.013501,74.52754588,0.005,12011.95123,66.13772592,43.61909675,1115.670137,6299.460479,0.005,0.216072178,8504.13505,2435.66578,SEDEX
TA25WVF,SD-sp-31,"Choi et al., 2023",4685.44648,61.56989003,0.005,17145.61031,34.22305314,65.49615535,1985.961905,5783.814854,0.005,0.267132459,12745.62454,4160.583566,SEDEX
TA25WVF,SD-sp-32,"Choi et al., 2023",4336.804366,49.19418238,0.005,16108.26003,14.89389984,95.12007107,2126.589775,4484.565038,0.005,0.214095078,10717.57658,3453.392308,SEDEX
TA25WVF,SD-sp-33,"Choi et al., 2023",15038.50045,66.93231298,0.005,22796.70423,44.52129328,61.06683195,1832.671771,6451.490096,0.005,0.237462943,12012.88723,3629.869573,SEDEX
TA25WVF,SD-sp-34,"Choi et al., 2023",2117.136343,71.20613124,0.005,28115.11286,2.182809915,109.6062378,6022.459227,4135.179233,0.005,0.233296434,8977.932002,27895.4179,SEDEX
TA25WVF,SD-sp-35,"Choi et al., 2023",3677.113595,34.85750056,0.005,24711.33915,3.156946153,99.45328673,3504.63423,3099.282379,0.004326203,0.196588936,10868.89993,3768.857141,SEDEX
TA25WVF,SD-sp-36,"Choi et al., 2023",6302.193521,45.62374774,0.005182951,27680.82113,2.797101968,101.197376,3980.918053,3581.689967,0.005,0.184221104,10251.04129,6886.374344,SEDEX
TA25WVF,SD-sp-37,"Choi et al., 2023",1420.162309,161.5378541,0.005,13503.15821,1.078784819,94.99090737,4561.216734,2074.929355,0.005,0.308187942,4221.138828,19881.61275,SEDEX
TA25WVF,SD-sp-38,"Choi et al., 2023",4148.703965,72.73775741,0.005,21364.35803,2.321562939,98.85160201,4319.462494,2740.711159,0.005,0.266908435,6466.301625,10656.81746,SEDEX
TA25WVF,SD-sp-39,"Choi et al., 2023",5138.668694,41.44399829,0.005,16214.98276,2.056712501,87.38550284,1966.769982,2259.016441,0.002632087,0.245937145,6790.035245,2407.011275,SEDEX
TA25WVF,SD-sp-40,"Choi et al., 2023",3747.887542,37.94468082,0.005,13524.48654,2.458282674,83.76239526,1841.552932,2334.813518,0.005,0.160468052,6534.661756,2882.516031,SEDEX
TA25WVF,SD-sp-41,"Choi et al., 2023",3633.396377,37.85516843,0.005,18269.67771,2.299415516,87.88585232,2655.546956,2589.911156,0.005,0.213235533,8935.433967,3390.87171,SEDEX
TA25WVF,SD-sp-42,"Choi et al., 2023",2686.958808,61.01742294,0.005,22186.77068,1.872073705,92.68435664,4100.214946,2743.078934,0.005,0.232405574,8682.911723,6394.207065,SEDEX
TA25WVF,SD-sp-43,"Choi et al., 2023",1782.476487,187.8572254,0.005,8213.752262,0.837684958,81.3912718,2268.48825,1270.28795,0.005,0.305217089,2518.006929,11933.38576,SEDEX
TA25WVF,SD-sp-44,"Choi et al., 2023",2831.909833,180.9927169,0.005,7593.733866,1.317861379,78.70331,1943.626274,1303.949022,0.005,0.333288728,2778.203973,8867.968971,SEDEX
TA25WVF,SD-sp-45,"Choi et al., 2023",1770.121198,171.7925738,0.005,15750.50776,2.155253382,102.5555698,5474.463384,3094.530896,0.005,0.303674559,4868.061892,14692.10663,SEDEX
TA25WVF,SD-sp-46,"Choi et al., 2023",2543.958408,202.2412346,0.005,9536.677977,6.955622053,100.6983553,3276.010562,1691.442465,0.005,0.240680879,3332.650481,16514.64711,SEDEX
TA25WVF,SD-sp-47,"Choi et al., 2023",1949.394295,117.7949116,0.005,21295.18315,13.59660394,141.1200858,5523.072982,3609.248657,0.005,0.264337124,7143.558286,19781.45011,SEDEX
TA25WVF,SD-sp-48,"Choi et al., 2023",2578.054262,139.7906855,0.005,18271.17482,12.32582138,132.0503832,5272.081123,3068.052631,0.005,0.230564523,5954.177488,19381.21105,SEDEX
TA25WVF,SD-sp-49,"Choi et al., 2023",2373.277577,188.219589,0.005,9656.870471,7.762553073,102.4607894,3525.385815,1783.62116,0.005,0.1939632,3487.649508,18083.94749,SEDEX
TA25WVF,SD-sp-50,"Choi et al., 2023",2363.906229,190.7325725,0.005,11719.21292,7.919528948,116.1979341,3505.128607,1760.369083,0.005,0.180565094,3631.010165,16786.72045,SEDEX
TA25WVF,SD-sp-51,"Choi et al., 2023",2131.799148,184.6055913,0.005,10728.04914,8.133006185,109.5793349,3614.341388,1924.769644,0.005,0.187745255,3666.851949,18275.61601,SEDEX
TA25WVF,SD-sp-52,"Choi et al., 2023",1810.187571,134.4620577,0.005,18654.48906,11.46084684,142.4268019,5265.417794,3029.168869,0.005,0.242792635,6409.960783,22460.21695,SEDEX
TA25WVF,SD-sp-53,"Choi et al., 2023",1980.734999,168.8604697,0.005,11213.12078,8.003741418,115.0359549,3519.346442,1980.873662,0.005,0.194156793,4124.443693,20220.30349,SEDEX
TA25WVF,MD-sp-1,"Choi et al., 2023",4425.425029,112.3889021,0.005,873.5558611,415.2553896,5.434155579,0.923744636,8989.207376,1.160560826,0.34411451,51.39658608,29.34391057,SEDEX
TA25WVF,MD-sp-2,"Choi et al., 2023",4158.609607,108.4220051,0.005,825.5484417,489.7795956,7.355747761,0.617473432,8631.816612,0.971452772,0.477446202,33.29427457,17.29147664,SEDEX
TA25WVF,MD-sp-3,"Choi et al., 2023",4493.888765,110.6285594,0.005,692.0879994,716.2526498,11.09199725,0.634958114,7762.755726,1.233899046,0.593257521,51.69101073,19.14028145,SEDEX
TA25WVF,MD-sp-4,"Choi et al., 2023",4268.296771,125.3800608,0.005,357.7203719,257.5122908,2.574704601,1.237761734,10024.05102,0.617513738,0.30460639,113.4436241,67.02154354,SEDEX
TA25WVF,MD-sp-5,"Choi et al., 2023",3403.992705,95.81996193,0.005,302.6110058,260.925455,4.644252531,2.710665912,6351.718334,0.099472237,0.297444423,42.85433002,32.40304025,SEDEX
TA25WVF,MD-sp-6,"Choi et al., 2023",3610.358629,96.99290513,0.005,508.7775527,547.1667069,9.887891461,0.51144451,6399.023229,0.35806528,0.390022161,25.70713985,12.59159788,SEDEX
TA25WVF,MD-sp-7,"Choi et al., 2023",6895.650852,98.96296064,0.005,5538.66978,740.6756347,15.02033911,43.05865779,7635.555039,0.402784067,0.307330749,979.3045696,1138.693094,SEDEX
TA25WVF,MD-sp-8,"Choi et al., 2023",4198.526854,117.6794106,0.005,1184.955301,278.3893916,4.549293507,13.19416895,10115.03986,0.785813493,0.442836132,668.8290378,327.9302864,SEDEX
TA25WVF,MD-sp-9,"Choi et al., 2023",3685.97165,82.32499798,0.005,2348.236903,1094.21502,14.53845406,59.33746675,6892.837987,0.489856032,0.351200549,1163.508702,228.6708885,SEDEX
TA25WVF,MD-sp-10,"Choi et al., 2023",3231.725128,82.71621109,0.005,818.6828609,549.4506887,7.783180033,13.81963779,7023.530523,0.390037416,0.325325493,241.2898879,50.66484265,SEDEX
TA25WVF,MD-sp-11,"Choi et al., 2023",5496.291957,165.5706194,0.005,126.442091,132.0885329,1.898570769,0.743744234,6562.650411,0.005,0.262719118,29.51160419,19.40969325,SEDEX
TA25WVF,MD-sp-12,"Choi et al., 2023",3970.052289,121.5474357,0.005,45.38797209,115.6223224,0.426536164,0.301156902,5613.797638,0.005,0.005,0.005,1.762318925,SEDEX
TA25WVF,MD-sp-13,"Choi et al., 2023",4505.179693,132.1950631,0.005,111.7260966,204.171724,0.828826828,0.45543335,5801.357134,0.005,0.324227487,17.52730294,9.514263394,SEDEX
TA25WVF,MD-sp-14,"Choi et al., 2023",4916.987941,124.8281457,0.005,537.7127319,604.9220674,4.491850198,1.216159407,5059.792532,0.005,0.373339416,17.33899011,8.123992889,SEDEX
TA25WVF,MD-sp-15,"Choi et al., 2023",4328.276789,112.1917116,0.005,175.2430271,394.9091409,1.445387778,0.243693018,5192.722942,0.005,0.005,5.414091571,2.548245993,SEDEX
TA25WVF,MD-sp-16,"Choi et al., 2023",4137.720589,108.9202362,0.005,117.2385026,283.1686513,1.178939707,0.543529659,5281.586528,0.005,0.417308207,2.185042882,4.09612445,SEDEX
TA25WVF,MD-sp-17,"Choi et al., 2023",4306.925851,121.0300594,0.005,89.36317387,160.989647,0.913836231,0.291780395,5642.425752,0.004437988,0.442654642,10.67366121,6.818227467,SEDEX
TA25WVF,MD-sp-18,"Choi et al., 2023",4864.310003,141.6756251,0.005,244.4285317,274.6202982,2.262387433,4.333183367,6151.185572,0.005,0.391307811,59.57296075,36.05422751,SEDEX
TA25WVF,MD-sp-19,"Choi et al., 2023",5041.228156,155.9448296,0.005,105.0141882,113.8040661,1.238574591,0.767229563,5778.237879,0.005,0.33189295,12.99702514,11.33019227,SEDEX
TA25WVF,MD-sp-20,"Choi et al., 2023",4610.273279,125.3267816,0.005,245.2106608,393.2334477,3.41024718,0.696845285,4892.710047,0.005,0.005,13.22904059,7.211958372,SEDEX
TA25WVF,MD-sp-21,"Choi et al., 2023",5760.889232,162.0206115,0.005,336.3111473,281.0319916,2.085625322,4.741375357,6135.874305,0.005,0.005,41.64438111,31.16380803,SEDEX
TA25WVF,MD-sp-22,"Choi et al., 2023",5221.438637,158.4981696,0.005,98.49772919,151.8633013,0.837150294,0.600299725,6550.46724,0.005,0.386862856,22.72164004,13.851663,SEDEX
TA25WVF,MD-sp-23,"Choi et al., 2023",5525.020439,163.139434,0.005,227.2032516,143.9711259,1.761359084,2.875528554,6634.428544,0.005,0.458349165,82.84661015,55.60557353,SEDEX
TA25WVF,MD-sp-24,"Choi et al., 2023",6047.993958,179.4285898,0.005,501.0707221,169.3882015,1.68483841,6.629483227,5333.609596,0.005,0.252251698,149.9926784,92.07741604,SEDEX
TA25WVF,MD-sp-25,"Choi et al., 2023",8744.357488,143.319826,0.005,7119.230303,482.5746236,11.72393931,175.742302,8188.3728,0.015416315,0.005,3544.415799,2192.931048,SEDEX
TA25WVF,MD-sp-26,"Choi et al., 2023",6795.962894,120.863454,0.005,9478.221389,615.4671815,13.88244225,228.9618252,12191.92306,0.005,0.005,4997.666393,2348.626665,SEDEX
TA25WVF,MD-sp-27,"Choi et al., 2023",8142.839871,144.3626822,0.005,7883.174368,496.6915042,15.25546417,191.7804772,5664.910826,0.005,0.555946998,3424.674361,3416.534888,SEDEX
TA25WVF,MD-sp-28,"Choi et al., 2023",19232.22161,153.2337763,0.005,32575.64854,484.0815258,37.9222363,1156.710024,7961.725296,0.04977684,0.005,14556.50116,8947.823022,SEDEX
TA25WVF,MD-sp-29,"Choi et al., 2023",45055.11273,161.1400642,0.005,55809.44636,481.8541526,40.09214966,1236.975078,14909.35023,0.073831126,0.005,16956.7559,9533.427634,SEDEX
TA25WVF,MD-sp-30,"Choi et al., 2023",7374.969577,104.0160452,0.005,28267.74829,478.2929894,54.14422958,1373.83791,7906.738029,0.050669513,1.390973724,19604.85311,11967.26073,SEDEX
TA25WVF,MD-sp-31,"Choi et al., 2023",4752.554782,184.6891945,0.005,15432.0247,438.2065056,43.99886533,1116.67408,2723.764417,0.005,0.005,11494.88534,12542.69098,SEDEX
TA25WVF,MD-sp-32,"Choi et al., 2023",14152.11869,76.99936929,0.005,46768.31651,536.1176278,58.28694075,1837.593975,15746.75749,0.052119568,0.005,25536.52822,13891.08497,SEDEX
TA25WVF,MD-sp-33,"Choi et al., 2023",22721.00794,81.6298117,0.005,58541.05965,572.0782786,59.52688107,2121.936305,15537.4925,0.081957706,0.005,26169.06486,21711.0602,SEDEX
TA25WVF,MD-sp-34,"Choi et al., 2023",27293.88435,89.45182877,0.005,59489.97741,573.8486485,58.57690122,1901.747272,14268.28816,0.130866978,0.005,24588.13885,17884.97186,SEDEX
TA25WVF,MD-sp-35,"Choi et al., 2023",3978.159944,137.5819261,0.005,20033.04443,465.9227912,49.78958724,1153.578936,5162.945386,0.027945885,0.005,13739.0288,13123.74967,SEDEX
TA25WVF,MD-sp-36,"Choi et al., 2023",4501.748884,119.6632058,0.005,29081.31852,504.2934684,54.14467543,1758.221904,7492.362755,0.005,0.005,19383.09905,15670.00414,SEDEX
TA25WVF,MD-sp-37,"Choi et al., 2023",3706.269773,218.4927848,0.005,17344.41715,426.6962886,52.11730269,1459.768624,3214.994661,0.005,0.786377307,10993.21707,18770.92542,SEDEX
TA25WVF,MD-sp-38,"Choi et al., 2023",4573.535676,143.6139844,0.005,145.1961811,127.9287912,5.660009747,1.411323861,4270.018043,0.005,0.29566915,21.78093275,18.29455991,SEDEX
TA25WVF,MD-sp-39,"Choi et al., 2023",4422.868263,128.4117232,0.005,308.3499938,113.9178169,12.74059054,9.16788497,3538.379188,0.005,0.271936759,143.9595263,50.79823726,SEDEX
TA25WVF,MD-sp-40,"Choi et al., 2023",4471.781857,128.0493403,0.005,329.8931986,71.68784853,8.779374143,11.3786205,4076.1926,0.005,0.243212948,189.9716877,62.77618657,SEDEX
TA25WVF,MD-sp-41,"Choi et al., 2023",4553.318606,118.7868389,0.005,1797.872836,33.09874874,26.31307128,73.76775957,3477.293615,0.005,0.310414162,906.0538361,289.6573853,SEDEX
TA25WVF,MD-sp-42,"Choi et al., 2023",4403.262378,127.5968019,0.005,245.541234,194.7375271,10.12087315,5.868550843,3494.266564,0.005,0.260773679,56.36214583,29.80816608,SEDEX
TA25WVF,MD-sp-43,"Choi et al., 2023",4340.7061,119.3555325,0.005,1216.926491,142.1173614,19.70360369,108.544512,3143.872562,0.005,0.265853323,627.4014098,819.7093608,SEDEX
TA25WVF,MD-sp-44,"Choi et al., 2023",9526.575244,129.1196548,0.005,606.0696622,150.1084185,16.95516442,75.09308646,3437.613832,0.005,0.227598192,206.7158225,1254.025499,SEDEX
TA25WVF,MD-sp-45,"Choi et al., 2023",4684.715717,114.2248753,0.005,3435.911123,63.13725954,28.28042197,313.5854542,4358.984481,0.005,0.231105845,2500.299037,636.1284801,SEDEX
TA25WVF,MD-sp-46,"Choi et al., 2023",4218.130671,99.0735754,0.005,3096.859748,30.34241185,35.16131687,219.4378111,3145.840582,0.005,0.005,1736.971086,438.8380139,SEDEX
TA25WVF,MD-sp-47,"Choi et al., 2023",3696.46928,87.78556676,0.005,2815.026691,29.4355074,44.52024767,260.5077236,2754.169991,0.005,0.298749467,1692.910637,613.6238203,SEDEX
TA25WVF,MD-sp-48,"Choi et al., 2023",6900.484023,105.0649974,0.005,5814.996024,43.37504664,31.93582268,288.1751172,4169.01761,0.005,0.196608917,2455.459063,616.7026921,SEDEX
TA25WVF,MD-sp-49,"Choi et al., 2023",7680.078351,96.5520108,0.005,6322.075841,45.24810982,33.18839441,369.7527858,3041.443997,0.005,0.401001464,1654.086088,1626.822936,SEDEX
TA25WVF,MD-sp-50,"Choi et al., 2023",4318.895057,98.7899934,0.005,2715.677802,51.80149989,34.9251348,214.0044132,3684.032655,0.005,0.134015387,1745.198212,484.3724962,SEDEX
TA25WVF,MD-sp-51,"Choi et al., 2023",3642.009038,87.59775937,0.005,2115.315109,36.62022685,38.62215604,188.0834215,2756.813652,0.005,0.235629603,964.5655389,250.7758498,SEDEX
TA25WVF,MD-sp-52,"Choi et al., 2023",4714.305704,118.4500297,0.005,12098.82865,64.46405691,47.57759206,1357.237417,2956.110048,0.019020486,0.205083559,8460.755653,4316.927657,SEDEX
TA25WVF,MD-sp-53,"Choi et al., 2023",4852.324183,144.4536713,0.005,400.7510915,403.4971536,9.789222055,1.202133021,3760.026044,0.004706759,0.321664522,36.46695793,8.678637168,SEDEX
TA25WVF,MD-sp-54,"Choi et al., 2023",5034.986864,154.5746949,0.005,415.4405339,375.28041,11.51294649,3.785613219,3899.066892,0.005,0.381643055,34.69514086,20.73066891,SEDEX
TA25WVF,MD-sp-55,"Choi et al., 2023",4895.175928,148.5086289,0.005,486.5702161,332.7345746,11.29347214,8.46514726,3870.086639,0.003542195,0.352277592,108.7930152,47.63703808,SEDEX
TA25WVF,MD-sp-56,"Choi et al., 2023",4664.010334,135.5159541,0.005,532.2339176,235.3437682,10.67590446,16.78906396,3581.231765,0.005,0.358426744,181.8738068,71.44561017,SEDEX
TA25WVF,MD-sp-57,"Choi et al., 2023",4669.838148,132.3146657,0.005,572.7049043,187.5468464,9.852954417,22.37045819,3601.241597,0.005,0.271443485,242.6079868,74.29371336,SEDEX
TA25WVF,MD-sp-58,"Choi et al., 2023",4992.004853,146.4653719,0.005,563.4371628,215.1425815,8.218009091,16.53696964,3923.40008,0.005,0.339304224,256.4463074,173.5453155,SEDEX
TA25WVF,MD-sp-59,"Choi et al., 2023",3143.821173,156.8956661,0.005864549,1600.100462,156.025754,27.99510256,490.2122982,1857.938368,0.005,0.312780866,1116.669813,1561.329835,SEDEX
TA25WVF,MD-sp-60,"Choi et al., 2023",4983.323797,145.3943803,0.005,901.4043412,202.6556836,9.820332306,25.97544682,4150.70296,0.005,0.252138927,447.2942093,150.0360818,SEDEX
TA25WVF,MD-sp-61,"Choi et al., 2023",4998.096387,152.5528997,0.005,284.137512,244.4125878,5.706672095,4.73918469,4331.009731,0.005,0.312167406,148.8709286,276.7666322,SEDEX
TA25WVF,MD-sp-62,"Choi et al., 2023",4358.704042,126.3221691,0.005,825.454646,146.8694662,8.449519105,52.30119689,3800.84561,0.005,0.293995628,406.4042739,166.5809772,SEDEX
TA25WVF,MD-sp-63,"Choi et al., 2023",4915.977665,151.2149235,0.005,363.1419172,251.5676156,6.898592593,5.726820558,4218.575281,0.005,0.219755633,88.03911796,32.83918095,SEDEX
TA25WVF,MD-sp-64,"Choi et al., 2023",4667.398579,142.4353999,0.005,400.4376932,206.2450533,7.503008052,10.08636113,4040.415308,0.005,0.176449782,112.1374465,51.97625561,SEDEX
TA25WVF,MD-sp-65,"Choi et al., 2023",2518.075348,117.119432,0.005,3172.322362,61.597556,48.19356893,726.0534605,1574.308923,0.005,0.323841573,2995.322311,4030.178751,SEDEX
TA25WVF,MD-sp-66,"Choi et al., 2023",4548.782182,131.0510812,0.005,541.5430257,196.5897532,10.79437014,21.62682429,3484.743685,0.005,0.322887451,190.7744704,80.47089148,SEDEX
TA25WVF,MD-sp-67,"Choi et al., 2023",4311.57133,131.7887163,0.005,376.6111388,300.1938961,15.57364248,5.573381152,3226.578223,0.005,0.265999587,18.95537873,19.43511683,SEDEX
TA25WVF,MD-sp-68,"Choi et al., 2023",1709.105594,84.5384971,0.005,19749.80858,9.813105714,98.49225459,4123.057175,3699.188401,0.005,1.336572628,16737.81158,14667.07532,SEDEX
TA25WVF,MD-sp-69,"Choi et al., 2023",3234.362523,329.3298247,0.005,2926.347663,3.43457688,61.99453887,1067.546962,372.8541445,0.005,0.005,3122.091218,8465.155939,SEDEX
TA25WVF,MD-sp-70,"Choi et al., 2023",2838.330278,63.15142683,0.005,9643.614571,16.05185439,57.26183583,1299.635001,1740.713883,0.005,0.005,7756.929534,4444.885022,SEDEX
TA25WVF,MD-sp-71,"Choi et al., 2023",4290.451656,134.3913869,0.005,16305.61036,5.44586005,75.27579519,1507.410177,743.6023981,0.005,0.005,7398.737272,9953.87745,SEDEX
TA25WVF,MD-sp-72,"Choi et al., 2023",3218.554564,57.54190751,0.005,15593.95702,33.36578595,69.12370341,2284.37356,3446.430864,0.005,0.005,12322.74933,6567.871468,SEDEX
TA25WVF,MD-sp-73,"Choi et al., 2023",2707.268578,52.80318438,0.005,12412.69461,19.93127406,64.53351291,1812.158419,2459.976482,0.005,0.005,11168.88174,4449.769836,SEDEX
TA25WVF,MD-sp-74,"Choi et al., 2023",2864.589674,67.668707,0.005,12946.56894,0.906337578,35.39367057,4597.268965,2280.353867,0.005,0.005,15514.95194,5215.337223,SEDEX
TA25WVF,MD-sp-75,"Choi et al., 2023",2427.714403,93.25360874,0.005,9864.136653,1.265622545,29.94899527,3891.644711,1292.217386,0.005,0.005,9924.570117,4358.260452,SEDEX
TA25WVF,MD-sp-76,"Choi et al., 2023",2591.749456,65.99941512,0.005,12544.50321,0.88681763,35.5538578,4598.07337,2336.496384,0.005,0.005,15271.25748,5205.68973,SEDEX
TA25WVF,MD-sp-77,"Choi et al., 2023",2219.724489,74.11421705,0.005,8728.567403,0.572973798,29.62947133,4077.753302,1129.680089,0.005,0.679891466,10303.85311,4136.907829,SEDEX
TA25WVF,MD-sp-78,"Choi et al., 2023",4336.448919,133.0786802,0.005,7239.515702,10.65015103,29.17590637,2938.647647,1760.87342,0.005,0.005,7590.928744,3378.92473,SEDEX
TA25WVF,MD-sp-79,"Choi et al., 2023",3425.294121,174.2719748,0.005,6219.684468,103.6197859,38.51887398,17985.50772,557.0632232,0.005,0.697681489,16229.15981,9018.267167,SEDEX
TA25WVF,MD-sp-80,"Choi et al., 2023",3711.882668,95.89669932,0.005,14517.47365,117.7020496,43.36842534,22232.34369,982.6986903,0.005,0.005,24044.88625,9724.094451,SEDEX
TA25WVF,MD-sp-81,"Choi et al., 2023",4498.234762,177.6076024,0.005,5236.551818,103.3194539,33.9083878,14264.54652,381.4734868,0.005,0.005,11861.62805,6454.386153,SEDEX
TA25WVF,MD-sp-82,"Choi et al., 2023",3232.303106,215.4308543,0.005,4392.518166,96.40913794,39.05336066,15333.23781,466.5097464,0.005,0.005,14882.60113,10681.15297,SEDEX
TA25WVF,MD-sp-83,"Choi et al., 2023",4654.410748,109.8555802,0.005,10169.69438,111.0310424,35.56497514,12943.85514,1059.243633,0.005,0.005,14528.58168,6589.92091,SEDEX
TA25WVF,MD-sp-84,"Choi et al., 2023",4743.098211,101.1503677,0.005,13902.08836,116.1399212,36.12582432,13688.38384,1560.066367,0.005,0.005,17125.40683,7142.876749,SEDEX
Laochang ,Lcs75,"Wei et al., 2018",112000,4026,1.57,4912,30.32,0.64,15,4250,633.2,35.79,8.56,0.37,VMS
Laochang ,Lcs67,"Wei et al., 2018",110500,2768,3.14,1079,24.48,0.86,64.1,4993,941.7,19.58,53.34,2.3,VMS
Laochang ,Lcs76,"Wei et al., 2018",110500,3258,4.09,7161,30.65,0.47,27.2,4201,1576,25.7,19.79,1.19,VMS
Laochang ,Lcc5,"Wei et al., 2018",98800,1971,1.49,5058,21.31,1.3,48.7,3859,696.6,12.21,30.51,1.69,VMS
Laochang ,Lcs68,"Wei et al., 2018",132500,4594,1.84,2765,45.4,0.64,16.4,4186,849.4,702.3,11.86,0.63,VMS
Laochang ,Lcs69,"Wei et al., 2018",117800,2785,1.12,2398,26.55,0.62,11.3,4420,558.2,13.1,6.97,0.46,VMS
Laochang ,Lc117,"Wei et al., 2018",100400,3154,2.27,1053,19.29,0.58,13.8,4717,192.1,12.52,10.08,0.51,VMS
Laochang ,Lcb5,"Wei et al., 2018",110800,2562,6.53,788,8.15,0.41,17.6,3867,217.4,4.44,3.85,0.07,VMS
Laochang ,Lcs73,"Wei et al., 2018",92550,3211,1.1,3307,36.9,1.13,67.3,4690,289.5,15.84,13.75,0.96,VMS
Laochang ,Lcc27,"Wei et al., 2018",123100,3168,0.17,2887,44.44,0.67,78.7,4303,502,514.4,25.26,0.4,VMS
Laochang ,Lcc9,"Wei et al., 2018",112600,3052,0.87,4129,30.81,0.99,43.7,4424,532,20.2,22.8,1.77,VMS
Laochang ,Lcc16,"Wei et al., 2018",102400,2977,0.2,1321,28.56,0.65,43.8,3914,308.8,21.51,8.6,0.29,VMS
Laochang ,Lcc28,"Wei et al., 2018",123600,3278,0.93,1584,23.56,0.55,311,3874,353.3,12.49,22.08,0.92,VMS
Laochang ,Lcs48,"Wei et al., 2018",121100,2820,0.31,6720,12.9,0.41,82.5,3813,871.3,50.92,90.19,1.31,VMS
Laochang ,Lk16,"Wei et al., 2018",107600,3377,0.21,1096,38.44,0.9,126,4126,356.1,32.98,20.27,0.82,VMS
Vorta,Vorta DMV,Ciobanu et al. (2001),1429,585,0.02,314,184,18.5,3.93,4453,0.005,0.05,2.15,8.59,VMS
Vorta,Vorta DMV,Ciobanu et al. (2001),1555,616,0.02,515,75.7,9.3,2.15,4620,0.005,0.005,2.73,1.78,VMS
Vorta,Vorta DMV,Ciobanu et al. (2001),2051,753,0.005,425,363,23.4,2.68,5033,0.005,0.07,1.63,7.85,VMS
Vorta,Vorta DMV,Ciobanu et al. (2001),2117,761,0.005,131,79.9,2.73,1.59,5077,0.005,0.08,0.76,2.18,VMS
Vorta,Vorta DMV,Ciobanu et al. (2001),2403,367,0.005,719,86.2,6.77,9.27,4922,0.005,0.05,0.85,3426,VMS
Vorta,Vorta DMV,Ciobanu et al. (2001),2617,443,0.005,155,167,9.15,1.38,5088,0.005,0.08,0.04,0.46,VMS
Vorta,Vorta DMV,Ciobanu et al. (2001),917,165,0.06,461,83.9,8.64,21.2,4169,0.06,0.005,17.1,248,VMS
Vorta,Vorta DMV,Ciobanu et al. (2001),2405,557,0.005,337,75.2,2.99,3.56,4598,0.04,0.24,0.71,3.42,VMS
Eskay Creek,Eskay Creek P5,Grammatikopoulos et al. (2006),5110,3525,0.04,516,66.9,0.93,539,4139,0.6,4.8,31603,16289,VMS
Eskay Creek,Eskay Creek P5,Grammatikopoulos et al. (2006),4329,3369,0.04,3483,89.3,1,2785,4040,0.4,9.4,117467,50955,VMS
Eskay Creek,Eskay Creek P5,Grammatikopoulos et al. (2006),4618,3379,0.005,1887,44.3,1.02,1768,3325,0.1,2.6,33084,27161,VMS
Eskay Creek,Eskay Creek P5,Grammatikopoulos et al. (2006),5695,3377,0.005,157,148,0.73,12.5,4590,0.9,29.7,29.2,14.9,VMS
Eskay Creek,Eskay Creek P5,Grammatikopoulos et al. (2006),3880,2652,0.005,632,71.6,1.47,370,3515,0.1,5.4,33693,20046,VMS
Eskay Creek,Eskay Creek P5,Grammatikopoulos et al. (2006),5390,3409,0.005,78,83.7,1.34,8.23,2720,0.1,5.3,20.3,4.1,VMS
Eskay Creek,Eskay Creek P5,Grammatikopoulos et al. (2006),4479,3336,0.1,67,25,0.8,39.5,4955,13.7,3.7,117,46.3,VMS
Eskay Creek,Eskay Creek P5,Grammatikopoulos et al. (2006),4075,2303,0.16,1227,161,1.59,683,3167,0.1,6.7,9498,10683,VMS
Eskay Creek,Eskay Creek P5,Grammatikopoulos et al. (2006),7112,3521,0.08,287,115,0.92,165,4381,0.4,8.5,19322,12946,VMS
Eskay Creek,Eskay Creek P5,Grammatikopoulos et al. (2006),5249,3266,0.005,704,857,13.68,6.8,3756,0.1,31.1,5.06,1.15,VMS
Eskay Creek,Eskay Creek P5,Grammatikopoulos et al. (2006),4277,4744,0.005,128,93.1,0.47,16.4,4432,0.3,26.2,164,97,VMS
Eskay Creek,Eskay Creek P5,Grammatikopoulos et al. (2006),4367,2296,0.17,75,19.2,1.01,26,3201,0.1,17.7,34.3,5.48,VMS
Zinkgruvan,Zinkgruvan 99-2,Hedstro¨m et al. (1989),31735,499,157,1.9,1.98,1.07,4.63,3718,0.27,0.09,0.12,1.38,VMS
Zinkgruvan,Zinkgruvan 99-2,Hedstro¨m et al. (1989),33261,532,164,5.1,2.78,1.17,12.6,3943,0.31,0.21,4.12,193,VMS
Zinkgruvan,Zinkgruvan 99-2,Hedstro¨m et al. (1989),31751,502,157,3.1,2.37,0.82,4.65,3661,0.3,0.08,0.24,2.77,VMS
Zinkgruvan,Zinkgruvan 99-2,Hedstro¨m et al. (1989),33006,524,163,4,1.94,1.19,6.12,3933,0.32,0.25,1.38,2.95,VMS
Zinkgruvan,Zinkgruvan 99-2,Hedstro¨m et al. (1989),31930,507,159,3.1,1.87,1.07,4.55,3807,0.26,0.11,0.28,15.01,VMS
Kaveltorp,Kaveltorp 99-1,Grip (1978),85634,30589,11.4,13.5,1.29,1.83,3.47,1731,4.84,0.07,0.04,10443,VMS
Kaveltorp,Kaveltorp 99-1,Grip (1978),84034,28678,11.3,771,1.6,1.93,5.44,1618,4.3,0.95,0.17,11.9,VMS
Kaveltorp,Kaveltorp 99-1,Grip (1978),83749,29417,11.2,45.1,1.62,1.82,3.11,1706,4.32,0.38,0.06,5.93,VMS
Kaveltorp,Kaveltorp 99-1,Grip (1978),97424,29474,11.5,3743,2.97,2.05,6.51,1674,4.77,1.03,0.19,12,VMS
Kaveltorp,Kaveltorp 99-1,Grip (1978),96287,34816,11.3,3432,2.16,2.13,7.57,1702,5.32,0.94,0.22,15.3,VMS
Kaveltorp,Kaveltorp 99-1,Grip (1978),79809,27739,10.7,91.4,1.11,1.96,5.4,1603,4.05,0.005,0.17,13.2,VMS
Kaveltorp,Kaveltorp 99-1,Grip (1978),163123,29508,12,506,3.77,3.09,6.78,1585,4.31,1.03,0.35,16.2,VMS
Marketorp,Marketorp 99-4,Sundblad (1994),89041,2098,164,2716,0.9,2.34,7.42,3136,24.7,0.21,0.04,8.79,VMS
Marketorp,Marketorp 99-4,Sundblad (1994),96411,1843,177,1514,1.09,1.84,8.88,3130,25,0.09,0.005,0.81,VMS
Marketorp,Marketorp 99-4,Sundblad (1994),89429,1684,188,14368,1.31,1.97,33.58,3349,27.9,0.14,0.07,9.86,VMS
Marketorp,Marketorp 99-4,Sundblad (1994),86959,1703,161,2536,1.05,1.78,12.65,3264,25.7,0.11,0.005,15.87,VMS
Marketorp,Marketorp 99-4,Sundblad (1994),88386,1718,160,1414,0.77,1.99,11.61,3250,26.5,0.15,0.04,1.2,VMS
Marketorp,Marketorp 99-4,Sundblad (1994),93577,1863,170,3501,0.61,2.16,8.86,3619,27.4,0.13,0.005,29.09,VMS
Marketorp,Marketorp 99-4,Sundblad (1994),119418,18729,170,3219,9.57,12.6,18.25,2968,26.7,0.81,0.08,20.38,VMS
Marketorp,Marketorp 99-4,Sundblad (1994),111796,3198,167,2898,3.43,3.19,8.06,3289,27.1,0.54,0.07,8.28,VMS
Sauda ,Sauda Sa -1,"Geol. Surv. Norway (www.ngu.no), Andersson et al. (2004)",120205,1449,44,40,7.1,1.43,5.48,3488,42,0.49,0.005,0.005,VMS
Sauda ,Sauda Sa -1,"Geol. Surv. Norway (www.ngu.no), Andersson et al. (2004)",73524,898,27,41,4.22,0.9,4.79,2135,30,0.59,0.1,0.005,VMS
Sauda ,Sauda Sa -1,"Geol. Surv. Norway (www.ngu.no), Andersson et al. (2004)",72227,892,27,25,4.11,0.99,3.69,2086,30,0.3,0.005,0.005,VMS
Sauda ,Sauda Sa -1,"Geol. Surv. Norway (www.ngu.no), Andersson et al. (2004)",73837,923,27,26,4.69,0.94,4.72,2127,29,1.09,0.005,0.005,VMS
Sauda ,Sauda Sa -1,"Geol. Surv. Norway (www.ngu.no), Andersson et al. (2004)",77519,941,25,24,8.63,1.1,3.07,2072,27,0.41,0.005,0.005,VMS
Sauda ,Sauda Sa -1,"Geol. Surv. Norway (www.ngu.no), Andersson et al. (2004)",72558,919,26,23,5.64,0.86,3.32,2029,28,1.18,0.02,0.005,VMS
Sauda ,Sauda Sa -1,"Geol. Surv. Norway (www.ngu.no), Andersson et al. (2004)",75334,934,26,26,6.04,1.07,3.67,2087,28,1.26,0.01,0.005,VMS
Sauda ,Sauda Sa -1,"Geol. Surv. Norway (www.ngu.no), Andersson et al. (2004)",69576,874,26,22,4.78,0.91,3.94,1973,28,0.5,0.01,0.005,VMS
Sauda ,Sauda Sa -1,"Geol. Surv. Norway (www.ngu.no), Andersson et al. (2004)",75950,940,25,44,6.01,1.06,2.88,2036,27,0.37,0.02,0.005,VMS
Sauda ,Sauda Sa -1,"Geol. Surv. Norway (www.ngu.no), Andersson et al. (2004)",74881,925,25,23,5.11,1.04,2.44,1985,28,0.27,0.01,0.005,VMS
Majdanpek,Majdanpek MD-20 ,Ciobanu et al. (2002),92590,4345,33.74,541,0.59,1,1.95,2823,50.2,0.13,0.1,0.63,Skarn
Majdanpek,Majdanpek MD-20 ,Ciobanu et al. (2002),92222,2545,33.98,165,0.46,1,1.53,3256,98.9,0.14,0.02,0.12,Skarn
Majdanpek,Majdanpek MD-20 ,Ciobanu et al. (2002),87931,3745,34.82,129,0.7,1.1,1.79,2800,63.6,0.47,0.02,0.23,Skarn
Majdanpek,Majdanpek MD-20 ,Ciobanu et al. (2002),91453,4202,33.81,143,0.8,1.1,1.7,2944,57,0.17,0.005,0.21,Skarn
Majdanpek,Majdanpek MD-20 ,Ciobanu et al. (2002),85805,3570,31.96,328,1.2,1.2,2.06,2850,46.9,0.53,0.15,1.2,Skarn
Majdanpek,Majdanpek MD-20 ,Ciobanu et al. (2002),89874,4066,34.92,463,0.85,1.1,1.99,2867,44.4,0.15,0.05,0.8,Skarn
Majdanpek,Majdanpek MD-20 ,Ciobanu et al. (2002),91608,4405,35.06,171,1.3,1.2,1.62,2869,38.6,1.52,0.32,0.84,Skarn
Majdanpek,Majdanpek MD-20 ,Ciobanu et al. (2002),91815,4476,36.28,69,1,1,1.5,2773,44,0.07,0.02,0.12,Skarn
Ocna de Fier,Ocna de Fier P43,Ciobanu and Cook (2004),15937,2562,139,59.6,0.07,0.73,1.6,6126,0.1,0.06,0.02,3.2,Skarn
Ocna de Fier,Ocna de Fier P43,Ciobanu and Cook (2004),18063,2917,150,17,0.64,0.75,1.6,6354,0.03,0.1,0.01,2.2,Skarn
Ocna de Fier,Ocna de Fier P43,Ciobanu and Cook (2004),16959,2475,139,13.8,0.06,0.75,1.5,5890,0.12,0.08,0.005,1.2,Skarn
Ocna de Fier,Ocna de Fier P43,Ciobanu and Cook (2004),17561,2446,157,4.6,0.08,0.72,1.5,6451,0.09,0.06,0.005,0.3,Skarn
Ocna de Fier,Ocna de Fier P43,Ciobanu and Cook (2004),99262,3752,165,325,0.29,1.01,1.7,6137,0.11,0.08,0.26,8.4,Skarn
Ocna de Fier,Ocna de Fier P43,Ciobanu and Cook (2004),17831,2961,147,16,0.3,0.83,1.6,6476,0.12,0.07,0.14,85,Skarn
Ocna de Fier,Ocna de Fier P43,Ciobanu and Cook (2004),15505,2350,157,38.2,0.13,0.79,1.5,6009,0.15,0.05,0.05,20.1,Skarn
Ocna de Fier,Ocna de Fier P43,Ciobanu and Cook (2004),21975,2553,146,273,0.54,1,108,6214,0.11,0.08,0.74,25553,Skarn
Ocna de Fier,Ocna de Fier P43,Ciobanu and Cook (2004),16631,2667,158,7.4,0.13,0.78,1.6,6326,0.08,0.06,0.005,2.2,Skarn
Ocna de Fier,Ocna de Fier P43,Ciobanu and Cook (2004),64283,36136,164,117,2.17,1.08,54.2,6133,0.14,0.23,0.24,31885,Skarn
Ocna de Fier,Ocna de Fier P43,Ciobanu and Cook (2004),17143,2577,153,1080,0.08,0.74,1.9,6101,0.25,0.06,0.31,255,Skarn
Ocna de Fier,Ocna de Fier Stef-1,Ciobanu and Cook (2004),65915,5681,5.9,1629,0.67,1.43,2,6009,62.8,0.15,0.18,1.96,Skarn
Ocna de Fier,Ocna de Fier Stef-2,Ciobanu and Cook (2004),68680,5300,12.3,107,0.76,1.47,2.67,5896,37.7,0.005,0.005,0.005,Skarn
Ocna de Fier,Ocna de Fier Stef-3,Ciobanu and Cook (2004),70619,5275,30.9,251,1.55,1.63,6.82,5962,127,0.68,3.04,210,Skarn
Ocna de Fier,Ocna de Fier Stef-4,Ciobanu and Cook (2004),78640,3797,68.2,527,1.87,1.69,5.33,5804,175,0.56,1.42,240,Skarn
Ocna de Fier,Ocna de Fier Stef-5,Ciobanu and Cook (2004),60411,4803,8.3,120,3.88,1.76,4.01,5821,54.1,4.83,0.86,31,Skarn
Ocna de Fier,Ocna de Fier Stef-6,Ciobanu and Cook (2004),71029,2909,23.2,285,1.7,1.72,4.67,5577,57.4,3.31,0.9,1526,Skarn
Ocna de Fier,Ocna de Fier 3910b,Ciobanu and Cook (2004),28566,3991,289,38,0.33,0.89,1.58,4825,13,0.07,0.005,0.89,Skarn
Ocna de Fier,Ocna de Fier 3910b,Ciobanu and Cook (2004),27287,10063,310,638,0.31,1.09,7.14,4947,14.9,0.13,1.05,426.93,Skarn
Ocna de Fier,Ocna de Fier 3910b,Ciobanu and Cook (2004),42010,13256,329,647,0.53,1.17,21.66,5169,18.5,0.22,1.76,4674.41,Skarn
Ocna de Fier,Ocna de Fier 3910b,Ciobanu and Cook (2004),30266,4093,324,0.005,0.26,1.1,1.56,4952,16.6,0.07,0.005,0.005,Skarn
Ocna de Fier,Ocna de Fier 3910b,Ciobanu and Cook (2004),31452,4769,309,19,0.59,1.59,2.23,5104,17.1,0.31,1.23,12.52,Skarn
Ocna de Fier,Ocna de Fier 3910b,Ciobanu and Cook (2004),26863,3878,300,621,0.48,1.24,16.52,5373,20.5,0.28,0.91,7164.74,Skarn
Ocna de Fier,Ocna de Fier 3910b,Ciobanu and Cook (2004),28702,4071,278,19,0.39,0.98,1.5,4968,20.9,0.19,0.005,5.77,Skarn
Ocna de Fier,Ocna de Fier 3910b,Ciobanu and Cook (2004),25413,4217,273,166,0.005,1.13,2.43,5362,13,0.63,0.46,34.97,Skarn
Ocna de Fier,Ocna de Fier 54G,Ciobanu and Cook (2004),20797,3374,682,2590,0.26,0.99,2.44,5159,20.8,0.005,0.03,0.005,Skarn
Ocna de Fier,Ocna de Fier 54G,Ciobanu and Cook (2004),24248,3070,528,13397,0.3,1.06,4.4,5419,18.3,0.18,0.37,2061,Skarn
Ocna de Fier,Ocna de Fier 54G,Ciobanu and Cook (2004),19997,2758,523,4134,0.005,1.19,5.74,5338,9.4,0.005,0.08,575,Skarn
Ocna de Fier,Ocna de Fier 54G,Ciobanu and Cook (2004),18055,2346,575,567,0.005,1.02,1.87,5640,34.3,0.005,0.04,23.6,Skarn
Ocna de Fier,Ocna de Fier 54G,Ciobanu and Cook (2004),18584,2651,573,24,0.005,1.1,1.6,5205,10.3,0.005,0.005,7.96,Skarn
Ocna de Fier,Ocna de Fier 54G,Ciobanu and Cook (2004),15734,2152,541,2001,0.005,1.5,17.3,5664,10.1,0.12,1.53,1848,Skarn
Ocna de Fier,Ocna de Fier 3375,Ciobanu and Cook (2004),1619,11047,1193,10,0.005,0.77,3.23,6352,1.6,0.11,0.06,403,Skarn
Ocna de Fier,Ocna de Fier 3375,Ciobanu and Cook (2004),3199,1934,2411,17,0.53,0.76,25.93,6721,1,0.005,0.005,8758,Skarn
Ocna de Fier,Ocna de Fier 3375,Ciobanu and Cook (2004),9924,1465,2154,19,1.17,1.11,356,6908,2.1,0.15,0.24,57625,Skarn
Ocna de Fier,Ocna de Fier 3375,Ciobanu and Cook (2004),13871,23484,2708,14,1.11,0.88,3.88,6553,2.7,0.24,0.06,550,Skarn
Ocna de Fier,Ocna de Fier 3375,Ciobanu and Cook (2004),2866,1713,2498,10,0.63,0.58,14.7,6897,2.1,0.005,0.07,5540,Skarn
Ocna de Fier,Ocna de Fier 3375,Ciobanu and Cook (2004),4422,905,2828,20,0.45,0.67,3.79,7146,2.1,0.09,0.005,507,Skarn
Baita Bihor,Baita Bihor 16C,"Cioflica et al. (1977), Ciobanu et al. (2002)",12053,3355,491,18,0.7,0.86,1.34,7662,25.8,0.09,0.02,0.35,Skarn
Baita Bihor,Baita Bihor 16C,"Cioflica et al. (1977), Ciobanu et al. (2002)",15554,3054,484,173,4.5,0.75,1.59,7823,24.9,0.08,0.005,3.79,Skarn
Baita Bihor,Baita Bihor 16C,"Cioflica et al. (1977), Ciobanu et al. (2002)",11898,3423,496,22,1.8,0.79,1.31,7793,34,0.07,0.005,0.27,Skarn
Baita Bihor,Baita Bihor 16C,"Cioflica et al. (1977), Ciobanu et al. (2002)",11462,3601,524,15,0.17,0.72,1.33,7833,22.1,0.005,0.1,2.68,Skarn
Baita Bihor,Baita Bihor 16C,"Cioflica et al. (1977), Ciobanu et al. (2002)",13887,3295,507,40,0.78,0.84,1.43,7909,21.7,0.005,1.16,0.92,Skarn
Baita Bihor,Baita Bihor 16C,"Cioflica et al. (1977), Ciobanu et al. (2002)",11883,3421,510,14,3.5,0.9,1.45,7833,16.8,0.005,0.13,0.65,Skarn
Baita Bihor,Baita Bihor 19CB,"Cioflica et al. (1977), Ciobanu et al. (2002)",2782,1142,1405,7724,0.95,0.69,121,5726,824,0.75,0.06,56.7,Skarn
Baita Bihor,Baita Bihor 19CB,"Cioflica et al. (1977), Ciobanu et al. (2002)",1723,1115,1458,3464,0.22,0.72,22.9,5691,867,0.4,0.005,10.26,Skarn
Baita Bihor,Baita Bihor 19CB,"Cioflica et al. (1977), Ciobanu et al. (2002)",1220,952,1176,2664,0.83,0.8,8.33,5780,817,0.62,0.005,0.89,Skarn
Baita Bihor,Baita Bihor 19CB,"Cioflica et al. (1977), Ciobanu et al. (2002)",919,841,1010,2031,0.18,0.92,15.3,5889,770,0.16,0.005,2.98,Skarn
Baita Bihor,Baita Bihor 19CB,"Cioflica et al. (1977), Ciobanu et al. (2002)",1446,1048,1237,2799,0.18,0.82,7.36,5631,795,0.22,0.005,0.15,Skarn
Baita Bihor,Baita Bihor 19CB,"Cioflica et al. (1977), Ciobanu et al. (2002)",1352,883,1037,3509,0.41,0.92,44.5,5852,811,0.37,0.005,46.6,Skarn
Baita Bihor,Baita Bihor BB7,"Cioflica et al. (1977), Ciobanu et al. (2002)",13943,4300,591,161,0.38,0.88,1.63,7310,250,2.64,0.005,0.92,Skarn
Baita Bihor,Baita Bihor BB7,"Cioflica et al. (1977), Ciobanu et al. (2002)",10100,3240,584,163,0.56,0.8,1.91,7118,245,4.02,0.005,0.005,Skarn
Baita Bihor,Baita Bihor BB7,"Cioflica et al. (1977), Ciobanu et al. (2002)",10869,3182,620,215,0.81,1.06,9.03,7601,235,4.31,2.22,114,Skarn
Baita Bihor,Baita Bihor BB7,"Cioflica et al. (1977), Ciobanu et al. (2002)",12931,3777,589,112,1.27,1.04,1.76,7119,137,8.81,0.005,0.46,Skarn
Baita Bihor,Baita Bihor BB7,"Cioflica et al. (1977), Ciobanu et al. (2002)",12961,3729,600,217,1.15,1.31,12.3,7218,225,3.22,1.23,130,Skarn
Baita Bihor,Baita Bihor BB7,"Cioflica et al. (1977), Ciobanu et al. (2002)",16482,4575,610,722,0.73,1.23,35,7892,265,1.24,0.1,89.6,Skarn
Baita Bihor,Baita Bihor BB7,"Cioflica et al. (1977), Ciobanu et al. (2002)",15679,4382,600,207,1.22,1.09,2.83,7415,248,3.39,0.07,61.4,Skarn
Baita Bihor,Baita Bihor BB7,"Cioflica et al. (1977), Ciobanu et al. (2002)",11274,3431,595,157,2.06,1.1,3.89,7148,182,15.8,0.22,0.005,Skarn
Baita Bihor,Baita Bihor BB23,"Cioflica et al. (1977), Ciobanu et al. (2002)",10665,3602,583,10.7,0.58,0.77,1.4,7999,10.3,0.07,0.005,0.1,Skarn
Baita Bihor,Baita Bihor BB23,"Cioflica et al. (1977), Ciobanu et al. (2002)",10258,3811,568,29.8,0.75,0.74,1.5,7865,11.2,0.07,0.005,0.08,Skarn
Baita Bihor,Baita Bihor BB23,"Cioflica et al. (1977), Ciobanu et al. (2002)",12013,4924,565,43.7,1.3,0.72,1.4,7502,12.6,0.06,0.005,0.1,Skarn
Baita Bihor,Baita Bihor BB23,"Cioflica et al. (1977), Ciobanu et al. (2002)",10616,3529,548,23.9,0.76,0.87,1.4,7741,12.4,0.08,0.42,0.09,Skarn
Baita Bihor,Baita Bihor BB23,"Cioflica et al. (1977), Ciobanu et al. (2002)",10567,4562,551,10.5,1.3,0.79,1.4,7530,12.5,0.05,0.55,0.23,Skarn
Baita Bihor,Baita Bihor BB23,"Cioflica et al. (1977), Ciobanu et al. (2002)",11839,4900,559,13.7,0.81,0.88,1.3,7278,12.3,0.07,0.005,0.08,Skarn
Baita Bihor,Baita Bihor BB23,"Cioflica et al. (1977), Ciobanu et al. (2002)",10290,4161,553,32,3.4,0.78,1.4,7521,12.5,0.06,0.04,8.71,Skarn
Baita Bihor,Baita Bihor BB23,"Cioflica et al. (1977), Ciobanu et al. (2002)",10260,4108,566,9,1.3,0.74,1.3,7681,11.6,0.06,0.005,0.09,Skarn
Baita Bihor,Baita Bihor BB23,"Cioflica et al. (1977), Ciobanu et al. (2002)",10464,4183,572,9.7,1.2,0.85,1.4,7668,11.1,0.06,0.005,0.07,Skarn
Baita Bihor,Baita Bihor BB23,"Cioflica et al. (1977), Ciobanu et al. (2002)",11050,4294,567,51.2,3,0.78,1.3,7500,13,0.1,0.03,0.29,Skarn
Valea Seaca,Valea Seaca VS1b,"Cioflica et al. (1977), Ciobanu et al. (2002)",27758,2109,2.4,6205,3.68,1.51,4.94,5349,59.2,18.3,0.07,49.4,Skarn
Valea Seaca,Valea Seaca VS1b,"Cioflica et al. (1977), Ciobanu et al. (2002)",27087,1447,8.8,12140,4.01,1.09,7.58,5102,59.7,46,0.08,23,Skarn
Valea Seaca,Valea Seaca VS1b,"Cioflica et al. (1977), Ciobanu et al. (2002)",28477,1699,8.7,9967,1.34,1.5,7.11,5559,21.3,2.7,1.33,1.32,Skarn
Valea Seaca,Valea Seaca VS1b,"Cioflica et al. (1977), Ciobanu et al. (2002)",27339,1580,5.8,9770,2.41,1.3,6.91,5315,40.4,13.3,0.1,13.5,Skarn
Valea Seaca,Valea Seaca VS1b,"Cioflica et al. (1977), Ciobanu et al. (2002)",32653,1875,4.6,15114,2.48,1.21,11.5,5493,114,9.3,0.16,0.84,Skarn
Valea Seaca,Valea Seaca VS1b,"Cioflica et al. (1977), Ciobanu et al. (2002)",28486,1149,19.8,25535,2.79,1.37,68.5,5887,62.8,33.6,0.005,3476,Skarn
Baisoara,Baisoara Bs7a,Ciobanu et al. (2002),194,0.8,8.1,1580,6,0.58,38.5,125539,74.8,121,20.7,286,Skarn
Baisoara,Baisoara Bs7a,Ciobanu et al. (2002),1576,6.5,9.6,1666,11.8,0.9,56.4,74844,6.3,36.3,19.8,439,Skarn
Baisoara,Baisoara Bs7a,Ciobanu et al. (2002),15478,157,7.9,1452,6.4,1.03,41,108397,32.6,74.5,19.8,291,Skarn
Baisoara,Baisoara Bs7a,Ciobanu et al. (2002),793,7,7.6,1198,4.9,0.94,32.7,132317,56.9,110,17.5,215,Skarn
Baisoara,Baisoara Bs7a,Ciobanu et al. (2002),3450,1191,12,2119,28.2,1.04,58.2,23353,3.2,26.1,37.5,906,Skarn
Baisoara,Baisoara Bs7a,Ciobanu et al. (2002),357,0.9,9.9,1719,13.4,0.62,52.8,33894,0.48,6.3,32.2,515,Skarn
Baisoara,Baisoara Bs7a,Ciobanu et al. (2002),2300,1242,10.5,1636,18.7,1.26,42.8,23539,2.3,12.2,30.4,514,Skarn
Baisoara,Baisoara Bs7a,Ciobanu et al. (2002),670,73,10.5,1585,13,0.96,43.9,34230,1.8,11.1,29.6,488,Skarn
Baisoara,Baisoara Bs7a,Ciobanu et al. (2002),759,0.72,9.3,1335,6.7,0.83,45.2,107759,18.8,44.1,21,270,Skarn
Baisoara,Baisoara Bs7a,Ciobanu et al. (2002),237,0.43,10.6,1539,7.2,0.68,55.3,65948,0.89,8,20.5,373,Skarn
Baisoara,Baisoara Bs7a,Ciobanu et al. (2002),16654,222,11.8,2969,12.2,0.81,73.9,63782,17.9,68.1,25,566,Skarn
Baisoara,Baisoara Bs7g,Ciobanu et al. (2002),345,15.5,19.8,220,5.8,1.9,153,9976,0.005,0.92,28.6,2832,Skarn
Baisoara,Baisoara Bs7g,Ciobanu et al. (2002),298,13.2,19.3,679,4.5,1.4,250,8956,0.03,1.4,19.2,2773,Skarn
Baisoara,Baisoara Bs7g,Ciobanu et al. (2002),118,2.8,8.3,6879,4.2,2.7,311,34588,0.11,1.3,47.2,5422,Skarn
Baisoara,Baisoara Bs7g,Ciobanu et al. (2002),28834,588,10,684,61.7,32.2,30.9,4307,3.37,45,1245,12140,Skarn
Baisoara,Baisoara Bs7g,Ciobanu et al. (2002),30578,37.6,2,6,53.8,24.5,3.3,1735,0.005,2.1,886,1367,Skarn
Baisoara,Baisoara Bs7g,Ciobanu et al. (2002),14701,5263,23.5,165,10.2,3.8,133,8159,0.8,9.6,52.3,3368,Skarn
Baisoara,Baisoara Bs7g,Ciobanu et al. (2002),669,25.5,22.1,62,8.4,3.5,65.6,6762,0.005,1.1,41.8,3122,Skarn
Baisoara,Baisoara Bs7g,Ciobanu et al. (2002),25588,40.4,5.9,93,51.8,15.8,9,3002,0.19,24.6,440,5558,Skarn
Baisoara,Baisoara Bs7g,Ciobanu et al. (2002),20716,23.2,2.8,11,82.2,47.9,3,423,0.03,3.9,54.2,329,Skarn
Lefevre,Lefevre L-12,Howard (2007),109147,2819,332,118,0.7,2.26,2.14,10923,186,0.005,0.03,0.85,Skarn
Lefevre,Lefevre L-12,Howard (2007),102969,2663,311,108,0.73,1.97,1.95,10559,180,0.005,0.005,0.7,Skarn
Lefevre,Lefevre L-12,Howard (2007),92428,2396,300,107,0.25,2.02,2.47,10469,172,0.06,0.04,1.71,Skarn
Lefevre,Lefevre L-12,Howard (2007),98651,2609,337,122,0.56,2.02,4.02,10463,160,0.005,0.08,3.02,Skarn
Lefevre,Lefevre L-12,Howard (2007),99588,2762,330,398,0.4,1.73,5.19,10644,139,0.11,0.22,8.31,Skarn
Lefevre,Lefevre L-12,Howard (2007),119230,5186,355,161,2.02,3.58,5.05,10071,192,0.2,0.41,8.65,Skarn
Lefevre,Lefevre L-12,Howard (2007),108884,3148,325,1268,0.8,2.29,3.14,11945,203,0.005,0.005,1.62,Skarn
Lefevre,Lefevre L-12,Howard (2007),101065,2815,332,166,0.52,2.16,3.04,11359,202,0.005,0.1,5.78,Skarn
Konnerudkollen,Konnerudkollen 99-2,Segalstad and Telstø (2002),4390,609,1538,633,0.005,0.81,8.26,2469,7.7,0.05,0.005,59.3,Skarn
Konnerudkollen,Konnerudkollen 99-2,Segalstad and Telstø (2002),4332,575,1542,350,0.97,0.72,3.89,2492,6.5,0.08,0.005,10.5,Skarn
Konnerudkollen,Konnerudkollen 99-2,Segalstad and Telstø (2002),4405,551,1544,529,0.56,0.59,3.05,2468,8.2,0.06,0.005,9.7,Skarn
Konnerudkollen,Konnerudkollen 99-2,Segalstad and Telstø (2002),3981,506,1585,103,0.35,0.79,4.79,2495,8.1,0.005,0.04,17.2,Skarn
Konnerudkollen,Konnerudkollen 99-2,Segalstad and Telstø (2002),4071,483,1526,328,0.66,0.83,446,2321,7.4,0.15,0.11,17158,Skarn
Kamioka,Kamioka (Kam),Kunugiza (1999),21553,1457,245,4.2,0.13,0.7,3.7,5504,1.37,0.09,0.005,28,Skarn
Kamioka,Kamioka (Kam),Kunugiza (1999),21013,1450,232,3,0.17,0.86,2,5521,0.76,0.11,0.03,1.7,Skarn
Kamioka,Kamioka (Kam),Kunugiza (1999),19912,1353,222,3.8,0.14,0.84,1.8,5334,1.01,0.2,0.09,2.1,Skarn
Kamioka,Kamioka (Kam),Kunugiza (1999),20901,1440,233,2.8,0.06,0.84,2,5452,0.96,0.29,0.02,10.7,Skarn
Kamioka,Kamioka (Kam),Kunugiza (1999),20973,1460,230,2.8,0.11,0.85,1.7,5447,0.99,0.09,0.005,0.22,Skarn
Kamioka,Kamioka (Kam),Kunugiza (1999),19408,1289,224,3.4,0.06,0.87,94.4,5457,1.23,0.31,0.04,10630,Skarn
Kamioka,Kamioka (Kam),Kunugiza (1999),20064,1340,231,3.5,0.14,0.86,4.1,5483,0.85,0.38,0.13,16.9,Skarn
Kamioka,Kamioka (Kam),Kunugiza (1999),19480,1249,228,2.2,0.17,0.83,2.5,5366,0.78,0.1,0.005,70.9,Skarn
Dabaoshan,1DBS1,"Ye et al., 2011",110512,1982,0.21,172,35.69,3.01,19.6,5633,131,1.4,1.4,2.3,SEDEX
Dabaoshan,1DBS2,"Ye et al., 2011",109212,2140,0.3,110,31.35,2.95,14.4,5536,130,1.9,0.6,1.4,SEDEX
Dabaoshan,1DBS3,"Ye et al., 2011",108962,1695,0.1,188,63.46,2.95,24.6,5636,113,6.6,1.2,2.5,SEDEX
Dabaoshan,1DBS4,"Ye et al., 2011",113814,2133,0.21,169,33.96,3.02,24.1,5563,115,1.9,1.1,3.3,SEDEX
Dabaoshan,1DBS5,"Ye et al., 2011",113487,2171,0.23,134,65.78,3.08,12.5,5532,111,5.2,0.2,1,SEDEX
Dabaoshan,1DBS6,"Ye et al., 2011",107715,1654,0.02,117,32.38,3.62,24.7,5561,119,1.5,10.2,487,SEDEX
Dabaoshan,1DBS7,"Ye et al., 2011",114283,2025,0.41,191,19.89,2.96,21.5,5459,118,2.4,1.5,6.3,SEDEX
Dabaoshan,1DBS8,"Ye et al., 2011",109593,1419,0.16,126,28.71,2.79,14.7,5591,121,2.8,0.3,2.5,SEDEX
Dabaoshan,1DBS9,"Ye et al., 2011",112884,1723,0.21,160,37,3.41,31.4,5650,131,6.7,2.3,2.4,SEDEX
Dabaoshan,1DBS10,"Ye et al., 2011",102897,675,0.03,186,37.64,3.03,32.1,5645,132,24.2,11.1,8.1,SEDEX
Dabaoshan,2DBS1,"Ye et al., 2011",120126,2430,4.71,446,10.31,3.14,21.9,5878,201,3,0.2,2.2,SEDEX
Dabaoshan,2DBS2,"Ye et al., 2011",117369,2353,4.32,333,11.06,3.18,20.8,5706,234,8,2.5,1.7,SEDEX
Dabaoshan,2DBS3,"Ye et al., 2011",121925,2460,6.59,282,13.66,3.3,10.5,5882,415,18,0.1,1,SEDEX
Dabaoshan,2DBS4,"Ye et al., 2011",121013,2430,5.96,246,13.3,3.41,13.3,5777,348,15,0.5,0.5,SEDEX
Dabaoshan,2DBS5,"Ye et al., 2011",125179,2475,5.88,1576,11.27,3.37,48.5,4817,322,20,4.3,46,SEDEX
Dabaoshan,2DBS6,"Ye et al., 2011",121782,2326,6.14,228,8,4.18,9.3,4659,339,11,0.3,49,SEDEX
Dabaoshan,2DBS7,"Ye et al., 2011",113228,2067,4.91,5803,21.48,2.57,97.7,5689,280,46,8.5,17,SEDEX
Dabaoshan,2DBS8,"Ye et al., 2011",118598,2233,4.63,2433,13.04,2.97,27.5,5391,258,32,1,1.4,SEDEX
Dabaoshan,DBS6.1,"Ye et al., 2011",125441,2595,1.26,455,28.6,3.33,20.3,5644,260,5,0.4,1.1,SEDEX
Dabaoshan,DBS6.2,"Ye et al., 2011",119439,2223,1.1,2088,30.29,3.41,41.3,5748,266,5,2.8,4.7,SEDEX
Dabaoshan,DBS6.3,"Ye et al., 2011",124592,2642,1.15,241,10.98,3.51,41.6,5547,270,8,19,3.6,SEDEX
Dabaoshan,DBS6.4,"Ye et al., 2011",121251,2440,0.74,386,57,3.56,32,5720,294,20,12.7,2.8,SEDEX
Dabaoshan,DBS6.5,"Ye et al., 2011",114119,2188,0.53,968,91.68,3.43,76,5911,276,47,19,10.8,SEDEX
Dabaoshan,DBS6.6,"Ye et al., 2011",124575,2642,2.09,229,14.37,3.51,18.5,5773,284,6,0.4,0.7,SEDEX
Dabaoshan,DBS6.7,"Ye et al., 2011",116805,2250,0.14,194,17.65,3.54,10.2,5951,291,2,0.2,0.9,SEDEX
Dabaoshan,DBS6.8,"Ye et al., 2011",120510,2417,3.67,3006,20.91,3.29,198.1,5936,336,11,4,49,SEDEX
Bainiuchang,3BNC1,"Ye et al., 2011",135607,3905,5.88,2074,16.25,3.07,23,8384,75,1826,0.9,1.3,SEDEX
Bainiuchang,3BNC2,"Ye et al., 2011",146533,3837,6.73,10512,14.42,3.33,173,8564,38,2082,1.3,2.3,SEDEX
Bainiuchang,3BNC3,"Ye et al., 2011",125433,3444,7.04,2240,9.06,3.11,41,8243,262,1818,3.7,2.9,SEDEX
Bainiuchang,3BNC4,"Ye et al., 2011",124408,3461,7.15,1102,15.18,2.79,25,8279,136,845,1.9,2.8,SEDEX
Bainiuchang,3BNC5,"Ye et al., 2011",119171,2965,6.67,471,6.77,3.1,21,7764,254,38,9.7,5.1,SEDEX
Bainiuchang,3BNC6,"Ye et al., 2011",126876,3481,7.49,242,18.15,3.99,13,8008,97,123,3.1,2.7,SEDEX
Bainiuchang,3BNC7,"Ye et al., 2011",130538,3554,6.3,1960,19.02,3.17,38,8334,96,1696,4.8,3.2,SEDEX
Bainiuchang,3BNC8,"Ye et al., 2011",157870,3930,6.46,132,7.35,3.69,9,7744,55,65,0.3,0.7,SEDEX
Bainiuchang,3BNC9,"Ye et al., 2011",135934,3714,4.44,981,11.78,4.69,9,8171,35,238,1.4,2.2,SEDEX
Bainiuchang,3BNC10,"Ye et al., 2011",143164,6537,5.21,2825,23.22,3.26,38,8459,49,2558,1.8,1.6,SEDEX
Bainiuchang,10BNC1,"Ye et al., 2011",153729,4459,0.04,1874,3.51,3.57,65.5,5256,5.6,541,2.2,4.8,SEDEX
Bainiuchang,10BNC2,"Ye et al., 2011",157498,4121,0.07,8769,3.49,2.99,47.7,5298,3.5,26,3.1,4.4,SEDEX
Bainiuchang,10BNC3,"Ye et al., 2011",171476,5782,0.11,1283,2.16,3.43,46.9,5876,6.6,8,0.1,1,SEDEX
Bainiuchang,10BNC4,"Ye et al., 2011",142679,3279,0.31,9450,24.31,20.78,188.7,5448,49,3097,15.4,64.6,SEDEX
Bainiuchang,10BNC5,"Ye et al., 2011",160196,4576,0.22,2394,11.25,3.04,81.4,5735,47,176,8,17.3,SEDEX
Bainiuchang,10BNC6,"Ye et al., 2011",159703,4077,0.01,7694,8.43,3.66,123.4,5776,39,39,6.1,30.4,SEDEX
Bainiuchang,10BNC7,"Ye et al., 2011",146043,2825,0.08,11261,4.41,3.38,116.4,5805,18,1380,17.9,14.9,SEDEX
Bainiuchang,10BNC8,"Ye et al., 2011",142091,2439,0.02,2892,3.09,1.99,91.1,5345,6,14,13.3,8.6,SEDEX
Haerdaban,01-06-3701,"Jiang et al., 2021",52500,158.399,0.025,24.289,1.252,3.201,0.711,1818.508,0.024,0.918,3.029,5.383,SEDEX
Haerdaban,02-06-3701,"Jiang et al., 2021",52400,148.156,0.025,6.45,1.059,1.247,0.802,1779.496,0.023,0.332,0.487,0.433,SEDEX
Haerdaban,03-06-3701,"Jiang et al., 2021",59500,157.444,0.025,8.226,1.409,1.457,0.597,1703.216,0.005,0.363,1.925,2.916,SEDEX
Haerdaban,04-06-3701,"Jiang et al., 2021",54400,154.845,0.025,6.994,1.114,1.614,0.679,1813.575,0.005,0.377,0.514,1.055,SEDEX
Haerdaban,05-06-3701,"Jiang et al., 2021",53000,158.808,0.025,28.406,1.093,0.995,0.63,1875.49,0.034,0.967,3.043,7.722,SEDEX
Haerdaban,06-06-3701,"Jiang et al., 2021",51700,102.76,0.025,17.59,0.95,1.45,0.54,1107.75,0.05,0.728,6.93,11.71,SEDEX
Haerdaban,07-06-3701,"Jiang et al., 2021",53400,125.59,0.025,6.82,0.96,1.35,0.55,1273.17,0.03,0.605,0.38,1.11,SEDEX
Haerdaban,08-06-3701,"Jiang et al., 2021",51900,125.36,0.025,6.21,1.38,2.18,0.53,1255.2,0.07,0.591,0.19,0.55,SEDEX
Haerdaban,09-06-3701,"Jiang et al., 2021",51500,122.88,0.025,8.82,1.23,1.72,0.54,1247.41,0.06,0.524,0.46,0.45,SEDEX
Haerdaban,10-06-3701,"Jiang et al., 2021",52000,127.42,0.025,8.1,1.08,2.12,0.42,1259.26,0.05,0.05,0.88,1.62,SEDEX
Haerdaban,3701-25-1,"Jiang et al., 2021",56000,371.64,7.981,30.496,12.637,1.835,1.669,1194.548,5.388,1.221,3.957,74.909,SEDEX
Haerdaban,3701-25-2,"Jiang et al., 2021",56800,370.462,6.993,26.97,12.513,1.852,2.051,1212.428,5.545,0.644,4.344,18.82,SEDEX
Haerdaban,3701-25-3,"Jiang et al., 2021",58000,380.025,6.289,43.759,10.581,1.844,3.204,1230.524,5.557,1.227,12.28,84.337,SEDEX
Haerdaban,3701-25-4,"Jiang et al., 2021",56200,388.567,7.993,28.371,13.471,1.905,1.399,1226.657,5.603,0.334,1.762,24.824,SEDEX
Haerdaban,3701-27-1,"Jiang et al., 2021",22400,72.8,0.025,17.753,12.913,0.819,1.743,853.258,0.111,0.773,0.56,5.533,SEDEX
Haerdaban,3701-27-2,"Jiang et al., 2021",22300,118.417,0.025,17.674,11.943,1.005,3.153,835.015,0.124,1.613,2.698,21.651,SEDEX
Haerdaban,3701-27-3,"Jiang et al., 2021",21200,111.53,0.025,20.2,9.09,1.575,1.12,638.64,0.13,2.8,1.14,5.76,SEDEX
Haerdaban,3701-27-4,"Jiang et al., 2021",21800,116.03,0.025,19.89,12.08,0.969,1.02,661.01,0.12,2.27,1.21,2.58,SEDEX
Haerdaban,3701-27-5,"Jiang et al., 2021",17300,114.19,0.025,21.45,9.42,1.746,1.59,618.67,0.11,2.76,0.39,3.35,SEDEX
Haerdaban,3701-27-6,"Jiang et al., 2021",21400,105.96,0.025,20.08,10.37,1.081,1.67,630.57,0.15,2.81,1.31,8.21,SEDEX
Haerdaban,3701-27-7,"Jiang et al., 2021",20200,97.8,0.025,19.59,9.37,2.662,2.27,592.77,0.15,3.03,2.02,9.6,SEDEX
Haerdaban,3701-27-8,"Jiang et al., 2021",18600,133.811,0.025,23.653,17.562,1.108,1.594,833.225,0.115,1.894,3.1,13.495,SEDEX
Haerdaban,3701-27-9,"Jiang et al., 2021",20200,118.407,0.025,22.211,18.199,0.86,0.953,866.169,0.08,0.514,0.669,2.006,SEDEX
Haerdaban,3701-27-10,"Jiang et al., 2021",18400,133.61,0.025,18.95,10.89,1.437,0.98,677.74,0.14,1.34,0.33,1.16,SEDEX
Haerdaban,3701-27-11,"Jiang et al., 2021",19200,113.2,0.025,22.16,9.86,1.094,3.2,642.04,0.14,1.96,2.1,13.41,SEDEX
Haerdaban,3701-27-12,"Jiang et al., 2021",7800,112.29,0.025,19.01,9.95,1.43,1.65,618.07,0.15,2.44,1.01,6,SEDEX
Haerdaban,3701-27-13,"Jiang et al., 2021",7800,114.67,0.025,19.11,9.95,1.107,1.76,616.43,0.13,2.22,1.41,5.14,SEDEX
Haerdaban,3701-27-14,"Jiang et al., 2021",3400,133.88,0.025,28.01,9.27,1.76,4.29,628.72,0.16,2.32,3.34,11.41,SEDEX
Haerdaban,3701-27-15,"Jiang et al., 2021",3300,124.69,0.025,15.64,7.98,0.35,0.84,622.9,0.04,1.03,0.1,1.28,SEDEX
Haerdaban,3701-27-16,"Jiang et al., 2021",5100,132.74,0.025,18.43,9.45,1.311,1.73,609.15,0.14,1.87,0.62,2.13,SEDEX
Haerdaban,3701-27-17,"Jiang et al., 2021",5100,132.94,0.025,20.69,9.66,1.14,2.74,639.54,0.14,2.82,0.8,4.74,SEDEX
Haerdaban,3701-28-1,"Jiang et al., 2021",14300,145.242,2.943,46.033,19.186,0.954,10.158,931.952,1.158,1.298,39.352,130.782,SEDEX
Haerdaban,3701-28-2,"Jiang et al., 2021",15100,146.042,3.445,30.749,22.862,0.35,3.253,945.431,1.258,0.297,7.393,39.731,SEDEX
Haerdaban,3701-28-3,"Jiang et al., 2021",15700,152.473,3.812,35.046,23.298,0.845,2.676,939.791,1.361,0.225,6.07,13.281,SEDEX
Haerdaban,3701-28-4,"Jiang et al., 2021",14700,124.46,3.343,28.572,24.817,0.741,0.59,996.695,0.937,0.05,0.529,0.752,SEDEX
Haerdaban,3701-28-5,"Jiang et al., 2021",14600,128.329,3.351,29.207,23.076,0.769,1.695,961.376,1.087,0.328,4.887,11.469,SEDEX
Haerdaban,3701-28-6,"Jiang et al., 2021",15100,151.738,3.31,30.765,24.587,0.763,1.44,1007.338,0.992,0.141,3.803,8.533,SEDEX
Haerdaban,3701-28-7,"Jiang et al., 2021",14700,122.83,3.67,35.59,20.12,1.648,2.01,914.43,0.9,0.364,6.03,17.07,SEDEX
Haerdaban,3701-28-8,"Jiang et al., 2021",14900,111.73,4.07,37.18,21.69,1.101,3.94,896.25,1.06,0.662,11.97,28.01,SEDEX
Haerdaban,3701-28-9,"Jiang et al., 2021",14500,123.67,3.51,45.43,20.16,2.135,7,942.69,0.95,0.777,28.76,63.56,SEDEX
Haerdaban,3701-28-10,"Jiang et al., 2021",14000,122,3.08,29.21,19.9,2.227,1.01,915.17,0.84,0.688,2.34,4.2,SEDEX
Haerdaban,3701-64-1,"Jiang et al., 2021",21200,384.791,0.025,15.579,9.701,0.35,0.915,1100.01,0.067,1.817,1.931,5.399,SEDEX
Haerdaban,3701-64-2,"Jiang et al., 2021",22100,383.219,0.025,11.226,8.41,0.35,0.25,1156.077,0.044,0.427,0.1,0.283,SEDEX
Haerdaban,3701-64-3,"Jiang et al., 2021",21100,385.349,0.025,12.196,9.55,1.02,0.761,1120.627,0.066,0.307,0.1,0.221,SEDEX
Haerdaban,3701-64-4,"Jiang et al., 2021",21000,387.686,0.025,13.066,10.965,0.35,0.25,1150.023,0.099,0.681,0.1,1.503,SEDEX
Haerdaban,3701-64-5,"Jiang et al., 2021",19600,405.05,0.025,14.45,6.65,1.298,0.76,982.83,0.11,2.59,1.24,6.4,SEDEX
Haerdaban,3701-64-6,"Jiang et al., 2021",19800,407.32,0.025,8.78,6.04,1.068,0.66,964.19,0.13,1.87,0.16,0.38,SEDEX
Haerdaban,3701-64-7,"Jiang et al., 2021",19700,374.22,0.025,9.63,6.91,0.35,0.25,928.33,0.07,0.52,0.1,0.31,SEDEX
Haerdaban,3701-64-8,"Jiang et al., 2021",19500,339.95,0.025,13.36,9.85,1.509,0.63,950.52,0.18,2,0.33,0.28,SEDEX
Haerdaban,3701-90-1,"Jiang et al., 2021",7100,134.31,1.194,22.094,17.7,0.706,0.967,669.509,0.005,0.05,0.1,0.679,SEDEX
Haerdaban,3701-90-2,"Jiang et al., 2021",7100,134.031,1.301,22.765,19.234,0.35,1.207,679.056,0.005,0.05,0.1,0.206,SEDEX
Haerdaban,3701-90-3,"Jiang et al., 2021",7000,131.563,1.137,25.2,22.024,0.709,1.069,672.77,0.005,0.05,0.1,0.573,SEDEX
Haerdaban,3701-90-4,"Jiang et al., 2021",6800,138.375,1.105,24.929,20.559,1.43,1.105,667.549,0.005,0.958,1.511,7.646,SEDEX
Haerdaban,3701-90-5,"Jiang et al., 2021",6700,132.121,1.122,26.451,22.279,0.996,1.545,672.621,0.005,0.05,0.1,2.161,SEDEX
Haerdaban,3701-90-6,"Jiang et al., 2021",6800,138.925,0.931,28.186,21.06,3.12,2.771,684.363,0.005,0.728,2.619,12.834,SEDEX
Haerdaban,3701-90-7,"Jiang et al., 2021",6800,136.543,0.992,22.65,20.833,0.35,1.247,686.37,0.016,0.099,0.1,0.464,SEDEX
Haerdaban,3701-90-8,"Jiang et al., 2021",6700,131.466,0.933,22.604,20.212,0.35,1.099,691.011,0.005,0.162,0.1,1.528,SEDEX
Haerdaban,3701-96-1,"Jiang et al., 2021",9100,297.437,0.448,10.838,7.608,0.779,0.512,786.878,0.174,0.35,0.323,0.585,SEDEX
Haerdaban,3701-96-2,"Jiang et al., 2021",9900,321.13,0.372,16.292,11.916,0.748,0.958,802.881,0.198,0.447,0.288,2.728,SEDEX
Haerdaban,3701-96-3,"Jiang et al., 2021",9600,364.35,0.93,16.46,8.02,2.247,0.57,737.18,0.15,0.434,0.48,3.34,SEDEX
Haerdaban,3701-96-4,"Jiang et al., 2021",10200,368.01,0.96,19.79,12.66,1.72,1.02,710.56,0.33,0.457,0.49,2.95,SEDEX
Haerdaban,3701-96-5,"Jiang et al., 2021",10500,377.77,0.9,19.53,10.95,2.28,0.42,729.63,0.28,0.335,0.19,1.12,SEDEX
Haerdaban,3701-96-6,"Jiang et al., 2021",9100,358.21,0.43,14.18,9.11,0.35,0.25,691.33,0.13,0.05,0.09,1.54,SEDEX
Haerdaban,3701-96-7,"Jiang et al., 2021",9000,364.11,0.65,12.77,7.86,1.733,0.55,729.22,0.21,0.368,0.37,3.21,SEDEX
Haerdaban,3701-97-1,"Jiang et al., 2021",11000,93.66,0.8,6.4,2.25,0.857,0.57,1005.39,0.06,0.401,0.21,0.61,SEDEX
Haerdaban,3701-97-2,"Jiang et al., 2021",9600,88.44,0.69,5.58,1.1,1.305,0.67,1036.08,0.04,0.325,0.22,0.47,SEDEX
Haerdaban,3701-97-3,"Jiang et al., 2021",8800,80.45,0.66,5.63,1.31,1.608,0.52,1042.28,0.09,0.274,0.37,0.42,SEDEX
Haerdaban,3701-97-4,"Jiang et al., 2021",9900,93.89,0.85,8.9,1.83,1.404,0.69,1048.02,0.08,0.34,1.02,3.19,SEDEX
Haerdaban,3701-97-5,"Jiang et al., 2021",9800,88.77,0.84,6.03,1.65,1.206,0.54,1053.6,0.07,0.27,0.33,0.93,SEDEX
Haerdaban,3701-112-1,"Jiang et al., 2021",2700,57.893,0.538,16.726,9.442,1.456,2.196,632.055,0.005,0.813,7.871,13.329,SEDEX
Haerdaban,3701-112-2,"Jiang et al., 2021",2700,56.984,0.442,17.287,8.805,0.751,2.564,637.34,0.016,0.475,6.157,9.867,SEDEX
Haerdaban,3701-112-3,"Jiang et al., 2021",2700,56.254,0.417,14.301,8.28,0.35,1.325,641.21,0.018,0.368,2.522,5.798,SEDEX
Haerdaban,3701-112-4,"Jiang et al., 2021",2700,66.115,0.505,12.6,8.949,0.35,0.648,618.409,0.005,0.05,0.253,0.546,SEDEX
Haerdaban,3701-112-5,"Jiang et al., 2021",2800,68.465,0.37,8.809,5.495,0.35,1.18,620.779,0.005,0.195,0.264,0.362,SEDEX
Haerdaban,3701-112-6,"Jiang et al., 2021",3800,47.3,0.72,21.8,6.67,1.254,2.37,611.55,0.21,0.33,3.44,10.91,SEDEX
Haerdaban,3701-112-7,"Jiang et al., 2021",2900,51.13,0.82,12.23,5.13,1.242,1.26,574.47,0.03,0.637,0.52,0.94,SEDEX
Haerdaban,3701-112-8,"Jiang et al., 2021",2900,48.86,0.98,15.38,7.33,1.38,1.06,572.84,0.05,0.269,1.05,1.87,SEDEX
Haerdaban,3701-112-9,"Jiang et al., 2021",2500,51.39,0.59,20.34,7.14,0.826,2.15,554.11,0.03,0.552,2.88,10.56,SEDEX
Haerdaban,3701-112-10,"Jiang et al., 2021",2600,50.71,0.77,27.74,7.06,0.814,4.79,528.35,0.05,0.527,9.48,28.28,SEDEX
Haerdaban,4101-16-1,"Jiang et al., 2021",26310,151.051,10.385,16.479,7.555,1.347,2.806,723.41,0.951,0.611,7,29.38,SEDEX
Haerdaban,4101-16-2,"Jiang et al., 2021",26100,146.707,11.041,11.016,8.506,1.294,1.09,714.694,0.76,0.222,0.1,2.51,SEDEX
Haerdaban,4101-16-3,"Jiang et al., 2021",27200,145.751,13.459,14.496,7.683,1.604,2.219,730.157,0.785,0.315,1.427,10.724,SEDEX
Haerdaban,4101-16-4,"Jiang et al., 2021",26400,138.882,10.582,12.283,7.778,1.002,1.608,705.115,0.775,0.304,0.762,5.29,SEDEX
Haerdaban,4101-16-5,"Jiang et al., 2021",29000,145.362,14.923,12.046,7.483,1.729,1.488,743.198,0.767,0.262,0.826,5.025,SEDEX
Haerdaban,4101-16-6,"Jiang et al., 2021",30000,92.725,14.967,11.994,7.971,0.97,0.768,751.614,0.712,0.118,0.442,3.047,SEDEX
Haerdaban,4101-74-1,"Jiang et al., 2021",11900,258.478,10.277,31.074,8.166,0.35,8.053,1282.84,0.317,10.23,24.673,87.714,SEDEX
Haerdaban,4101-74-2,"Jiang et al., 2021",9900,228.171,4.626,16.38,7.147,0.35,3.756,1263.378,0.335,3.048,2.618,9.939,SEDEX
Haerdaban,4101-74-3,"Jiang et al., 2021",10100,237.973,4.717,16.227,6.782,0.35,3.221,1285.881,0.342,2.768,3.277,9.257,SEDEX
Haerdaban,4101-74-4,"Jiang et al., 2021",10000,235.705,4.727,11.646,4.87,0.35,2.267,1308.935,0.307,1.426,1.184,5.03,SEDEX
Haerdaban,4101-74-5,"Jiang et al., 2021",9900,236.274,4.686,17.574,5.776,0.35,4.978,1299.134,0.222,2.61,3.305,13.347,SEDEX
Haerdaban,4101-74-6,"Jiang et al., 2021",10100,240.135,4.907,15.443,7.095,0.35,2.676,1305.062,0.187,2.621,2.295,11.757,SEDEX
Haerdaban,4101-74-7,"Jiang et al., 2021",10400,245.902,5.38,16.849,7.582,0.35,3.465,1315.96,0.216,1.914,2.291,11.528,SEDEX
Haerdaban,4101-74-8,"Jiang et al., 2021",10300,241.225,5.574,13.16,7.688,0.35,1.66,1345.157,0.157,1.005,0.777,2.343,SEDEX
Haerdaban,4101-74-9,"Jiang et al., 2021",10300,237.135,5.524,19.826,8.535,0.84,4.089,1348.332,0.218,1.935,2.436,17.714,SEDEX
Haerdaban,4101-74-10,"Jiang et al., 2021",12600,278.164,11.019,20.457,7.418,0.35,3.289,1330.942,0.394,4.148,6.75,19.989,SEDEX
Haerdaban,4101-74-11,"Jiang et al., 2021",11400,209.57,8.77,16.42,6.43,0.87,1.52,1225.76,0.25,2.6,1.61,4.98,SEDEX
Haerdaban,4101-74-12,"Jiang et al., 2021",12900,190.39,11.16,19.45,4.55,1.437,3.21,1230.1,0.23,4.58,4.1,13.16,SEDEX
Haerdaban,4101-74-13,"Jiang et al., 2021",10900,206.62,7.34,22.07,5.7,0.784,2.61,1222.94,0.19,3.52,5.97,11.72,SEDEX
Haerdaban,4101-74-14,"Jiang et al., 2021",11100,208.48,8,15,5.15,1.035,1.8,1193.26,0.2,1,1.14,3.6,SEDEX
Haerdaban,4101-74-15,"Jiang et al., 2021",12700,218.33,11.27,19.46,4.27,1.292,2.83,1252.34,0.3,3.27,3.03,10.45,SEDEX
Haerdaban,4101-100-1,"Jiang et al., 2021",19700,229.26,1.333,16.372,11.43,1.024,1.19,873.178,0.142,0.05,0.1,0.65,SEDEX
Haerdaban,4101-100-2,"Jiang et al., 2021",20000,234.644,1.33,13.925,10.777,0.908,0.932,875.284,0.124,0.05,0.1,0.513,SEDEX
Haerdaban,4101-100-3,"Jiang et al., 2021",19800,225.643,1.322,22.483,16.914,0.982,3.951,812.281,0.155,0.358,1.236,10.992,SEDEX
Haerdaban,4101-100-4,"Jiang et al., 2021",19800,226.053,1.284,22.122,16.158,0.979,1.446,823.509,0.106,0.093,0.564,3.792,SEDEX
Haerdaban,4101-100-5,"Jiang et al., 2021",19800,226.806,1.229,21.937,15.82,0.979,1.04,842.699,0.145,0.05,0.1,1.741,SEDEX
Haerdaban,4101-100-6,"Jiang et al., 2021",19600,223.951,1.285,19.006,15.924,1.048,0.953,835.226,0.157,0.05,0.1,0.457,SEDEX
Haerdaban,4101-100-7,"Jiang et al., 2021",19700,222.794,1.412,21.02,14.5,0.979,2.19,828.81,0.144,0.419,1.549,11.454,SEDEX
Haerdaban,4101-100-8,"Jiang et al., 2021",19700,221.218,1.352,21.091,15.684,0.846,1.219,832.969,0.172,0.05,0.1,1.147,SEDEX
Haerdaban,4101-103-1,"Jiang et al., 2021",5600,105.783,3.16,13.277,8.128,0.716,2.322,788.999,0.045,0.131,0.1,1.2,SEDEX
Haerdaban,4101-103-2,"Jiang et al., 2021",5500,103.612,3.23,11.71,8.193,0.35,1.762,797.831,0.026,0.172,0.1,1.488,SEDEX
Haerdaban,4101-103-3,"Jiang et al., 2021",5800,122.66,3.912,11.778,8.147,0.658,2.461,783.708,0.03,0.26,0.224,5.411,SEDEX
Haerdaban,4101-103-4,"Jiang et al., 2021",5700,120.693,3.823,12.835,8.107,0.697,2.513,783.6,0.022,0.216,0.348,4.769,SEDEX
Haerdaban,4101-103-5,"Jiang et al., 2021",5600,109.445,3.228,10.995,8.367,1.029,1.527,793.057,0.038,0.098,0.1,0.686,SEDEX
Haerdaban,4101-103-6,"Jiang et al., 2021",5600,108.335,3.204,12.758,8.504,0.766,2.206,804.411,0.027,0.214,0.309,4.106,SEDEX
Haerdaban,4101-103-7,"Jiang et al., 2021",5400,104.438,3.021,11.828,7.608,0.35,2.029,788.866,0.027,0.135,0.1,3.22,SEDEX
Haerdaban,4101-103-8,"Jiang et al., 2021",5400,105.689,2.935,16.871,8.289,0.35,5.559,811.524,0.046,0.862,1.235,18.32,SEDEX
Haerdaban,4101-104-1,"Jiang et al., 2021",4500,152.184,0.127,15.273,8.426,0.35,2.345,560.896,0.023,0.263,2.796,17.324,SEDEX
Haerdaban,4101-104-2,"Jiang et al., 2021",4500,141.727,0.212,14.585,8.974,0.35,4.728,532.962,0.013,0.176,3.066,14.483,SEDEX
Haerdaban,4101-104-3,"Jiang et al., 2021",4600,138.303,0.317,12.672,9.627,0.841,1.629,533.08,0.005,0.05,0.449,3.878,SEDEX
Haerdaban,4101-104-4,"Jiang et al., 2021",4600,142.726,0.323,13.561,9.044,0.35,1.492,523.92,0.015,0.05,0.1,1.806,SEDEX
Haerdaban,4101-104-5,"Jiang et al., 2021",4600,140.38,0.146,14.088,9.425,1.074,3.416,562.516,0.005,0.05,1.466,13.648,SEDEX
Haerdaban,4101-104-6,"Jiang et al., 2021",4700,141.498,0.214,13.257,9.408,1.029,2.43,536.655,0.005,0.05,1.083,8.1,SEDEX
Haerdaban,4101-105-1,"Jiang et al., 2021",5600,108.228,0.375,14.765,3.618,1.205,5.352,886.099,0.021,0.148,2.911,32.228,SEDEX
Haerdaban,4101-105-2,"Jiang et al., 2021",7500,135.384,0.491,20.371,3.509,0.752,9.645,810.653,0.005,0.119,4.915,54.58,SEDEX
Haerdaban,4101-105-3,"Jiang et al., 2021",7500,134.981,0.439,11.972,3.952,0.35,4.003,822.423,0.005,0.05,2.072,20.065,SEDEX
Haerdaban,4101-105-4,"Jiang et al., 2021",6500,91.854,0.704,14.798,3.322,0.35,6.557,770.943,0.022,0.05,2.502,32.907,SEDEX
Haerdaban,4101-105-5,"Jiang et al., 2021",7600,142.307,0.363,7.608,3.873,0.35,1.774,818.894,0.014,0.05,0.868,7.289,SEDEX
Haerdaban,4101-105-6,"Jiang et al., 2021",7800,124.66,0.72,9.05,3.82,0.35,1.5,726.35,0.06,0.41,0.21,1.18,SEDEX
Haerdaban,4101-105-7,"Jiang et al., 2021",7800,113.13,0.84,12.01,3.45,1.483,2.08,708.7,0.06,0.121,0.38,6.98,SEDEX
Haerdaban,4101-105-8,"Jiang et al., 2021",6100,112.74,1.04,14.87,3.91,1.72,3.87,734.37,0.11,0.404,1.32,12.48,SEDEX
Haerdaban,4101-105-9,"Jiang et al., 2021",7800,118.12,0.91,8.46,2.54,1.845,1.21,690.88,0.1,0.2,0.27,1.33,SEDEX
Haerdaban,4101-105-10,"Jiang et al., 2021",8100,130.62,1.07,10.3,3.71,1.694,1.89,736.69,0.06,0.271,0.33,3.9,SEDEX
Haerdaban,4101-120-1,"Jiang et al., 2021",31400,251.898,32.933,15.057,5.456,1.131,5.824,1322.209,0.372,0.358,6.198,23.815,SEDEX
Haerdaban,4101-120-2,"Jiang et al., 2021",30300,232.398,30.155,11.298,5.456,1.081,3.861,1360.682,0.376,0.167,4.144,16.015,SEDEX
Haerdaban,4101-120-3,"Jiang et al., 2021",30200,234.453,29.669,12.295,5.62,1.44,2.044,1346.131,0.346,0.195,2.662,10.371,SEDEX
Haerdaban,4101-120-4,"Jiang et al., 2021",30500,239.509,29.753,10.511,5.55,1.347,2.685,1402.23,0.304,0.241,3.144,17.377,SEDEX
Haerdaban,4101-120-5,"Jiang et al., 2021",32400,261.129,32.674,11.242,4.555,1.447,4.076,1429.346,1.478,0.383,6.569,22.624,SEDEX
Haerdaban,4101-120-6,"Jiang et al., 2021",32300,252.344,31.436,9.86,4.713,1.517,1.494,1477.872,1.462,0.05,0.619,2.045,SEDEX
Haerdaban,4101-120-7,"Jiang et al., 2021",32600,256.062,31.536,20.918,4.347,1.289,12.754,1433.727,1.486,0.774,14.81,45.602,SEDEX
Haerdaban,4101-133-1,"Jiang et al., 2021",49500,231.01,147.802,8.36,1.553,1.242,1.915,1186.846,3.555,0.05,0.1,3.225,SEDEX
Haerdaban,4101-133-2,"Jiang et al., 2021",57800,227.657,131.249,8.605,1.742,1.301,1.579,1090.07,2.418,0.05,0.22,3.2,SEDEX
Haerdaban,4101-133-3,"Jiang et al., 2021",59800,249.823,154.234,6.673,1.449,1.646,1.458,1191.692,3.071,0.05,0.261,1.808,SEDEX
Haerdaban,4101-133-4,"Jiang et al., 2021",61200,275.122,155.979,9.507,1.369,1.821,1.567,1295.332,3.235,0.05,0.27,5.363,SEDEX
Haerdaban,4101-133-5,"Jiang et al., 2021",51500,104.787,155.09,80.063,0.545,1.35,3.478,923.07,9.886,0.403,0.976,22.232,SEDEX
Haerdaban,4101-133-6,"Jiang et al., 2021",50600,235.753,145.733,8.306,1.41,1.283,2.772,1258.758,4.153,0.05,0.221,4.673,SEDEX
Haerdaban,H3102-1,"Jiang et al., 2021",4400,104.602,0.319,12.851,10.689,0.35,1.567,805.837,0.058,0.439,0.1,0.262,SEDEX
Haerdaban,H3102-2,"Jiang et al., 2021",4400,103.413,0.328,12.284,10.654,0.35,2.168,797.909,0.062,0.719,0.1,0.555,SEDEX
Haerdaban,H3102-3,"Jiang et al., 2021",4500,104.083,0.32,17.252,14.166,0.706,1.717,788.864,0.092,0.39,0.76,0.705,SEDEX
Haerdaban,H3102-4,"Jiang et al., 2021",4600,110.047,0.373,22.049,13.647,0.35,6.878,795.449,0.058,1.858,5.775,4.954,SEDEX
Haerdaban,H3102-5,"Jiang et al., 2021",4500,115.09,0.63,16.18,10.36,0.844,2.21,749.13,0.15,0.71,1.01,1.17,SEDEX
Haerdaban,H3102-6,"Jiang et al., 2021",4600,120.77,0.69,19.61,12.27,0.903,2.31,735.08,0.18,0.924,1.29,1.14,SEDEX
Haerdaban,H3102-7,"Jiang et al., 2021",4500,121.18,0.73,16.02,12.94,1.278,1.27,726.02,0.07,0.92,0.66,1.01,SEDEX
Haerdaban,H3103-1,"Jiang et al., 2021",5700,89.282,0.334,60.675,50.878,0.35,7.848,1472.14,1.31,1.926,6.943,7.792,SEDEX
Haerdaban,H3103-2,"Jiang et al., 2021",5700,92.711,0.328,41.517,36.823,0.35,2.935,1449.306,1.149,0.736,2.75,3.28,SEDEX
Haerdaban,H3103-3,"Jiang et al., 2021",5900,88.65,0.67,69.16,46.83,1.687,9.31,1365.17,1.19,1.493,7.88,7.3,SEDEX
Haerdaban,H3103-4,"Jiang et al., 2021",5700,90.72,0.65,58.14,40.76,1.285,8.74,1313.79,1.19,1.557,8.45,8.45,SEDEX
Haerdaban,H3103-5,"Jiang et al., 2021",5700,91.54,0.45,51.98,38.5,1.371,3.39,1317.49,1.39,0.603,2.86,3.28,SEDEX
Haerdaban,H3103-6,"Jiang et al., 2021",5800,99.12,0.53,48.55,36.14,1.694,3.69,1305,1.26,1.131,6.25,125.18,SEDEX
Haerdaban,H3103-7,"Jiang et al., 2021",5800,97.78,0.68,55.22,34.96,1.753,12.89,1329.63,1.27,1.872,12.57,72.24,SEDEX
Haerdaban,H3104-1,"Jiang et al., 2021",5800,54.604,0.243,47.532,42.365,0.35,1.503,1350.728,1.367,1.261,0.244,0.303,SEDEX
Haerdaban,H3104-2,"Jiang et al., 2021",5800,63.554,0.27,50.471,43.607,1.13,1.932,1358.708,1.123,1.021,1.378,1.362,SEDEX
Haerdaban,H3104-3,"Jiang et al., 2021",6200,60.86,0.55,45.81,33.15,1.503,1.88,1243.97,1.26,1.058,1.04,2.02,SEDEX
Haerdaban,H3104-4,"Jiang et al., 2021",6100,64.91,0.61,44.18,31.36,1.779,3.9,1272.25,1.58,1.349,3.13,3.78,SEDEX
Haerdaban,H3104-5,"Jiang et al., 2021",6100,57.17,0.59,56.72,42.58,1.608,2,1232.69,1.33,1.109,1.32,1.94,SEDEX
Haerdaban,H3104-6,"Jiang et al., 2021",5900,61.75,0.43,31.24,23.39,1.694,1.77,1216.6,1.92,1.322,0.44,1.3,SEDEX
Haerdaban,H3104-7,"Jiang et al., 2021",6100,71.55,0.59,42.93,33.34,1.713,2.24,1261.08,1.53,0.869,1.99,2.03,SEDEX
Haerdaban,H840-1,"Jiang et al., 2021",4800,74.766,0.764,27.301,15.69,0.703,2.77,1115.114,0.35,1.499,2.341,47.249,SEDEX
Haerdaban,H840-2,"Jiang et al., 2021",4800,74.219,0.591,21.999,16.532,0.35,1.104,1098.039,0.3,1.09,0.37,0.684,SEDEX
Haerdaban,H840-3,"Jiang et al., 2021",4900,68.687,0.62,19.402,13.995,0.651,1.525,1117.22,0.356,0.745,0.686,2.919,SEDEX
Haerdaban,H840-4,"Jiang et al., 2021",4900,60.379,0.711,18.693,12.913,0.35,1.023,1156.856,0.331,0.515,0.201,0.292,SEDEX
Haerdaban,H840-5,"Jiang et al., 2021",4800,74.433,0.869,19.074,11.25,0.879,2.13,1070.347,0.222,2.011,5.441,3.484,SEDEX
Haerdaban,H840-6,"Jiang et al., 2021",4900,55.322,0.835,20.099,12.673,0.578,1.04,1084.639,0.26,0.755,0.577,0.669,SEDEX
Haerdaban,H840-7,"Jiang et al., 2021",5000,58.425,0.971,18.08,12.451,0.602,1.216,1141.489,0.257,0.786,0.542,0.659,SEDEX
Zawarmala,ZM7,Bhuyan & Hazarika (2022),62490,70.66,39.53,2.25,0.431,0.25,4.41,2737.64,0.261,0.31,0.141,1.4,NA
Zawarmala,ZM7,Bhuyan & Hazarika (2022),53730,73.48,38.92,1.27,0.389,0.31,3.73,2757.22,0.246,0.354,0.069,0.445,NA
Zawarmala,ZM7,Bhuyan & Hazarika (2022),59410,69.04,36.31,65.85,0.45,0.24,5.63,3054.76,0.212,0.236,0.405,19.5,NA
Zawarmala,ZM7,Bhuyan & Hazarika (2022),60720,75.73,37.12,1.99,0.545,0.31,1.85,2978.51,0.21,0.371,0.063,1.16,NA
Zawarmala,ZM7,Bhuyan & Hazarika (2022),62990,63.83,3.65,2.55,0.472,0.42,6.92,2580.62,0.216,0.316,4.27,3.38,NA
Zawarmala,ZM7,Bhuyan & Hazarika (2022),60770,71.76,34.87,27.98,0.398,0.16,3.56,2970.7,0.214,0.372,0.163,3.4,NA
Zawarmala,ZM7,Bhuyan & Hazarika (2022),52580,47.56,32.44,21.87,0.413,0.25,19.42,2852.39,0.276,0.51,5.24,250.62,NA
Zawarmala,ZM7,Bhuyan & Hazarika (2022),50000,37.11,1.25,2.35,0.7,0.69,5.29,2573.64,0.387,0.63,0.72,3.3,NA
Zawarmala,ZM13A,Bhuyan & Hazarika (2022),51890,55.96,6.53,1.6,0.632,0.47,6.7,2225.46,0.858,0.324,1.16,3.5,NA
Zawarmala,ZM22A,Bhuyan & Hazarika (2022),55020,174.83,0.124,6.65,2.54,0.27,9.88,2219.51,0.231,0.375,0.236,3.06,NA
Zawarmala,ZM22A,Bhuyan & Hazarika (2022),55020,178.1,0.045,9.98,2.95,0.15,26.34,2112.78,0.197,0.261,1.56,15.84,NA
Zawarmala,ZM22A,Bhuyan & Hazarika (2022),70640,222.59,0.194,5.69,3.57,0.39,4.19,2684.96,0.239,0.192,0.069,1.06,NA
Zawarmala,ZM11,Bhuyan & Hazarika (2022),22520,80.05,9.25,7.42,1.079,0.225,64.28,1597.4,0.81,0.308,0.759,21.85,NA
Zawarmala,ZM11,Bhuyan & Hazarika (2022),22440,44.93,8.14,7.66,1.25,0.122,69.68,1602.01,0.947,0.369,1.33,29.07,NA
Zawarmala,ZM11,Bhuyan & Hazarika (2022),23500,105.21,8.3,9.44,1.56,0.23,79.04,1515.11,1.103,0.229,0.746,20.09,NA
Zawarmala,ZM11,Bhuyan & Hazarika (2022),20140,29.96,6.71,9.5,1.4,0.262,83.83,1603.97,0.65,0.492,3.84,40.58,NA
Zawarmala,ZM11,Bhuyan & Hazarika (2022),20500,120.16,8.31,3.8,1.07,0.16,37.41,1609.15,0.695,0.181,0.067,3.43,NA
Zawarmala,ZM11,Bhuyan & Hazarika (2022),23910,70.7,8.84,9.04,1.07,0.156,83.86,1705.66,0.704,0.268,1.17,30.51,NA
Zawarmala,ZM11,Bhuyan & Hazarika (2022),23670,75.36,9.35,6.17,0.872,0.117,72.03,1654.55,0.779,0.166,0.755,18.97,NA
Zawarmala,ZM13A,Bhuyan & Hazarika (2022),49230,34.02,4.09,4.87,0.382,0.296,32.97,2081.03,0.99,0.148,2.66,85.83,NA
Zawarmala,ZM13A,Bhuyan & Hazarika (2022),42540,30.08,6.83,8.23,0.702,0.3,58.94,1962.06,0.95,0.386,5.53,36.78,NA
Zawarmala,ZM13A,Bhuyan & Hazarika (2022),52270,47.71,5.75,5.37,0.376,0.116,33.47,2088.99,0.812,0.239,1.85,73.22,NA
Zawarmala,ZM13A,Bhuyan & Hazarika (2022),55840,41.94,6.65,7.05,0.435,0.21,51.38,2240.13,0.882,0.249,5.15,1620.9,NA
Zawarmala,ZM13A,Bhuyan & Hazarika (2022),41310,40.35,8.28,6.6,0.432,0.295,43.79,2129.75,0.87,0.283,3.64,22.64,NA
Beishan,"BS008-04C,3#,142-08",Zhou et al. (2022),42900,20.1,1.03,2.24,4.98,54.9,19.3,837,0.01,0.7,1.92,481,NA
Beishan,"BS008-04C,3#,142-09",Zhou et al. (2022),70900,52.1,0.26,1.91,4.21,160,34.6,746,0.01,0.66,0.21,1220,NA
Beishan,"BS008-04C,3#,142-12",Zhou et al. (2022),2580,17.6,1.74,2.99,12,56.1,31.6,1390,0.14,0.77,6.84,254,NA
Beishan,ZK9523-08C-05,Zhou et al. (2022),1260,37.7,0.09,8.79,3.01,322,7.37,2200,0.01,0.34,0.17,1220,NA
Beishan,ZK0-10-09C-01,Zhou et al. (2022),291,211,0.03,1.38,1.29,72.1,0.98,1680,0.01,0.23,0.06,338,NA
Beishan,ZK0-10-09C-02,Zhou et al. (2022),337,228,0.05,1.64,0.96,94.4,1.49,1840,0.01,0.35,0.09,469,NA
Beishan,"BS008-01C,2#,0-04",Zhou et al. (2022),219,423,0.09,0.4,17.9,127,0.71,983,0.22,1.45,0.52,688,NA
Beishan,"BS008-01C,2#,0-05",Zhou et al. (2022),697,589,0.79,0.26,9.06,73.7,0.46,1110,0.07,2.62,3.25,1100,NA
Beishan,"BS008-01C,2#,0-06",Zhou et al. (2022),1270,509,2.52,0.32,0.12,47.2,0.46,5270,0.01,0.51,2.53,756,NA
Beishan,"BS008-02A,2#,-83-01",Zhou et al. (2022),53600,149,0.56,0.21,1.06,1.21,1,390,0.01,2.11,6.8,2470,NA
Beishan,"BS008-02A,2#,-83-02",Zhou et al. (2022),2100,142,6.2,0.27,109,294,17.1,437,0.9,52.7,44.4,2840,NA
Beishan,BS072-02C-01,Zhou et al. (2022),689,57.1,1.1,0.41,2.76,13.7,7.84,662,0.06,1.84,0.72,22.9,NA
Beishan,BS072-02C-02,Zhou et al. (2022),2380,72.1,1.89,0.69,4.24,37.3,22.3,588,0.22,1.91,1.15,128,NA
Beishan,BS072-02C-08,Zhou et al. (2022),4700,37.1,8.18,0.77,0.51,159,44.6,343,0.01,0.44,5.88,1490,NA
Beishan,BS072-02C-09,Zhou et al. (2022),11300,62.5,10.2,0.68,2.27,89.3,25.4,414,0.24,1.14,8.8,1800,NA
Beishan,BS009-03A-01,Zhou et al. (2022),16300,15.9,7.96,2.48,0.93,183,18.4,782,0.01,0.5,15.8,1090,NA
Beishan,BS009-03A-02,Zhou et al. (2022),14900,21.5,8.74,2.41,0.34,255,23.7,844,0.01,0.37,21.8,1960,NA
Beishan,ZK9523-08C-05,Zhou et al. (2022),16800,20.3,2.96,1.75,2.18,150,25.2,490,0.02,0.45,1.51,162,NA
Beishan,ZK0-10-09C-01,Zhou et al. (2022),9560,22.8,3.99,1.79,6.49,202,39.3,215,0.01,0.41,4.99,228,NA
Beishan,BS072-02C-09,Zhou et al. (2022),2180,27.2,1.41,2.79,0.35,73.4,24.7,2830,0.01,0.36,26.2,2370,NA
Beishan,BS009-03A-02,Zhou et al. (2022),4580,12.1,2.04,5.56,0.08,13.1,26,2310,0.01,0.4,26.9,299,NA
Beishan,BS009-03C-04,Zhou et al. (2022),4590,23.3,5.86,6.57,0.79,149,192,1130,0.01,0.34,5.11,1460,NA
Beishan,BS010-07C-06,Zhou et al. (2022),2420,24.2,3.19,3.39,3.11,17.4,31.4,1280,0.02,0.35,11.3,514,NA
Beishan,BS010-06C-05,Zhou et al. (2022),4960,25.3,2.53,3.94,0.56,43.4,49,1030,0.01,0.28,32.2,448,NA
Beishan,BS010-06C-09,Zhou et al. (2022),2440,7.94,3.96,1.05,2.6,38.2,13.1,1060,0.01,0.4,25.3,757,NA
Beishan,BS010-08C-03,Zhou et al. (2022),2617,228,0.77,0.4,5.38,139,3.26,389,0.01,0.5,2.16,573,NA
Beishan,BS010-08C-11,Zhou et al. (2022),2080,10.9,2.88,0.42,0.54,24.2,1.27,424,0.01,0.42,2.4,1080,NA
Beishan,BS010-07A-03,Zhou et al. (2022),10670,13.6,2.19,5.39,0.28,59.1,37.4,1160,0.01,0.33,49.2,845,NA
Beishan,BS010-07A-04,Zhou et al. (2022),8480,17.4,1.75,5.82,0.48,140,63.2,922,0.01,0.26,17.2,1695,NA
Beishan,BS010-07A-07,Zhou et al. (2022),13340,20.6,2.48,6.61,3.02,84.7,61,1560,0.01,0.47,134,1020,NA
Xulaojiugou,XLJ-3-1-02,Liu et al. (2025),19285,3253,161,21.9,0.01,5.29,3.81,2884,0.02,0.15,0.04,2.58,NA
Xulaojiugou,XLJ-3-1-03,Liu et al. (2025),19234,3163,160,20.6,0.92,5.81,4.2,2862,0.03,1.09,0.37,5.02,NA
Xulaojiugou,XLJ-3-1-05,Liu et al. (2025),18434,3486,156,22.8,0.09,5.52,4.26,2819,0.02,0.6,1.39,10.43,NA
Xulaojiugou,XLJ-3-1-06,Liu et al. (2025),18587,2977,158,22.1,0.39,4.04,4.22,2780,0.05,0.11,0.96,67,NA
Xulaojiugou,XLJ-3-1-07,Liu et al. (2025),18768,3048,160,22.1,0.07,5.03,6.1,2756,0.03,0.6,2.82,73.6,NA
Xulaojiugou,XLJ-3-1-08,Liu et al. (2025),18989,3707,160,25.3,0.4,5.91,4.08,2809,0.03,0.68,0.26,26.6,NA
Xulaojiugou,XLJ-3-1-10,Liu et al. (2025),17874,2882,155,21.1,0.09,5.43,3.86,2760,0.05,0.39,0.04,14.6,NA
Xulaojiugou,XLJ-3-1-11,Liu et al. (2025),18669,3078,171,23.9,0.43,5.39,4.16,2841,0.02,0.41,0.82,39.5,NA
Xulaojiugou,XLJ-3-1-12,Liu et al. (2025),19720,2937,163,18.2,0.16,6.26,5.01,2805,0.03,0.74,1.61,64.2,NA
Xulaojiugou,XLJ-3-1-13,Liu et al. (2025),18343,3036,170,23.4,0,5.89,4.82,2878,0.06,1.03,0.83,38.4,NA
Xulaojiugou,XLJ-3-1-19,Liu et al. (2025),18670,2950,167,20.8,0.24,5.1,4.9,2881,0.06,0.12,0.15,8.08,NA
Xulaojiugou,XLJ-3-1-20,Liu et al. (2025),19111,3042,162,25.4,0.19,5.54,4.23,2762,0.09,0,0.02,4.4,NA
Xulaojiugou,XLJ-3-1-21,Liu et al. (2025),18966,2587,165,22.6,0.11,5.55,4.65,2951,1.23,0.64,0.17,673,NA
Xulaojiugou,XLJ-3-1-22,Liu et al. (2025),19423,3332,168,18.9,0.32,4.9,4.29,3028,0.05,0.09,0.07,611,NA
Xulaojiugou,XLJ-3-1-23,Liu et al. (2025),18654,3006,164,20.6,0.25,4.72,4.18,2730,0.01,1.5,0.59,27.25,NA
Xulaojiugou,XLJ-3-2-24,Liu et al. (2025),17619,2932,153,18.3,0.04,4.86,3.73,2897,0.03,0.41,0.06,1.51,NA
Xulaojiugou,XLJ-3-2-28,Liu et al. (2025),21325,3536,159,20.3,0.47,5.31,4.24,2922,0.06,0.76,1.12,11.6,NA
Xulaojiugou,XLJ-3-2-29,Liu et al. (2025),22584,2888,152,29.9,0.26,4.75,3.88,2909,1.3,0.42,0.31,2.61,NA
Xulaojiugou,XLJ-3-2-30,Liu et al. (2025),23390,2972,158,21.8,0.26,5.5,3.85,3026,0.04,0.21,2.23,1.82,NA
Xulaojiugou,XLJ-3-2-31,Liu et al. (2025),23552,2831,154,20,0.21,5.29,3.72,2917,0.03,0.06,0.12,3.29,NA
Xulaojiugou,XLJ-3-2-32,Liu et al. (2025),25770,2811,155,9.2,0.54,5.19,3.5,2996,0.06,0.13,0.01,1.21,NA
Xulaojiugou,XLJ-3-2-33,Liu et al. (2025),26364,3042,158,10.9,0.51,4.87,3.44,3046,0.05,0,0.07,9.67,NA
Xulaojiugou,XLJ-3-2-34,Liu et al. (2025),26983,3010,159,20.6,0.18,4.48,3.86,3023,0.04,0.61,0.16,245,NA
Xulaojiugou,XLJ-3-2-36,Liu et al. (2025),28074,3235,159,20.3,0.38,5.06,3.55,2985,0.51,0.63,0.13,3.07,NA
Xulaojiugou,XLJ-3-2-37,Liu et al. (2025),28660,2870,159,23.1,0.13,5.88,3.54,2940,0.06,0.6,0.2,8.04,NA
Xulaojiugou,XLJ-3-3-38,Liu et al. (2025),19195,3201,152,18.8,0.24,3.79,5.11,3058,0.03,0.27,0.44,18.3,NA
Xulaojiugou,XLJ-3-3-39,Liu et al. (2025),19306,3357,156,19,0.26,4.22,4.13,2830,0.06,0.3,0.2,9.41,NA
Xulaojiugou,XLJ-3-3-40,Liu et al. (2025),18451,2899,150,20.2,0.33,5.07,5.33,2762,0.06,0.36,0.35,190,NA
Xulaojiugou,XLJ-3-3-41,Liu et al. (2025),19449,3327,158,21.1,0.29,4.99,4.08,2808,0.04,0.4,0.47,102,NA
Xulaojiugou,XLJ-3-3-42,Liu et al. (2025),19259,2659,157,23.3,0.14,5.34,5.17,3072,0.07,0.18,0.61,19.2,NA
Xulaojiugou,XLJ-3-3-43,Liu et al. (2025),20096,2852,159,20.5,0.39,4.92,4.41,2956,0.02,0.66,0.16,6.06,NA
Xulaojiugou,XLJ-3-3-44,Liu et al. (2025),19864,2546,163,20.2,0.11,5.97,3.79,2982,0.07,0.16,0.12,5.56,NA
Xulaojiugou,XLJ-3-3-45,Liu et al. (2025),19730,2543,158,20.4,0.09,5.52,3.88,3000,0.06,0.56,0.09,2.03,NA
Xulaojiugou,XLJ-3-3-46,Liu et al. (2025),20433,2464,162,12.9,0.48,4.69,3.56,2948,0.05,0.27,0.01,0.63,NA
Xulaojiugou,XLJ-3-3-47,Liu et al. (2025),19532,2993,159,25.4,0.51,5.85,4.04,2841,0.05,0.61,0.52,10.2,NA
Xulaojiugou,XLJ-3-3-48,Liu et al. (2025),20511,3174,160,19,0.43,5.51,4.33,2903,0.04,0.33,0.76,33.1,NA
Xulaojiugou,XLJ-3-3-49,Liu et al. (2025),21072,3782,161,20.4,0.33,5.49,4.27,2917,0.05,0.22,0.44,11.8,NA
